GRNNo,LPONo,TDate,DNote,Item,Quantity,Price,VATAmount,NetAmount,Amount,Posted,Balance,SortOrder,Pick,VAT,Credit,Supplier,CurrMonth,Days,RefNo,Cash,BatchNo,Expiry,Blank,Quantity2,Price2,Return,UserName,Official,Remarks,Cancelled,B4,Curr,AVGPrice,AVGPrice2,StCn,Company,GoodsRet,Transfer,VATIncl,Discount,CostPrice,CostPrice2,Ref,BBF,BinLoc,InvNo,NetPrice
"4425",,"10/15/25 00:00:00",,"5762",50,9,0,450,450,0,450,664,0,0,0,353,"10. OCTOBER",-1,"4425",1,,,1,0,1,0,"SUPPORT",1,,0,0,1,0,0,0,"01",0,0,1,0,9,1,,0,"Z001",,9
"4425",,"10/15/25 00:00:00",,"6192",50,1,0,50,50,0,50,665,0,0,0,353,"10. OCTOBER",-1,"4425",1,,,1,0,1,0,"SUPPORT",1,,0,0,1,0,0,0,"01",0,0,1,0,1,1,,0,"Z001",,1
"4425",,"10/15/25 00:00:00",,"5969",30,13,0,390,390,0,390,666,0,0,0,353,"10. OCTOBER",-1,"4425",1,,,1,0,1,0,"SUPPORT",1,,0,0,1,0,0,0,"01",0,0,1,0,13,1,,0,"Z001",,13
"4425",,"10/15/25 00:00:00",,"5761",50,9,0,450,450,0,450,667,0,0,0,353,"10. OCTOBER",-1,"4425",1,,,1,0,1,0,"SUPPORT",1,,0,0,1,0,0,0,"01",0,0,1,0,9,1,,0,"Z001",,9
"4425",,"10/15/25 00:00:00",,"6098",20,21,0,420,420,0,420,668,0,0,0,353,"10. OCTOBER",-1,"4425",1,,,1,0,1,0,"SUPPORT",1,,0,0,1,0,0,0,"01",0,0,1,0,21,1,,0,"Z001",,21
"4425",,"10/15/25 00:00:00",,"251967",12,150,0,1800,1800,0,1800,669,0,0,0,353,"10. OCTOBER",-1,"4425",1,,,1,0,1,0,"SUPPORT",1,,0,0,1,0,0,0,"01",0,0,1,0,150,1,,0,"Z001",,150
"4425",,"10/15/25 00:00:00",,"5956",50,10,0,500,500,0,500,670,0,0,0,353,"10. OCTOBER",-1,"4425",1,,,1,0,1,0,"SUPPORT",1,,0,0,1,0,0,0,"01",0,0,1,0,10,1,,0,"Z001",,10
"4425",,"10/15/25 00:00:00",,"251979",2,230,0,460,460,0,460,671,0,0,0,353,"10. OCTOBER",-1,"4425",1,,,1,0,-1,0,"SUPPORT",1,,0,0,1,0,0,0,"01",0,0,1,0,230,-1,,0,"Z001",,230
"4425",,"10/15/25 00:00:00",,"251980",2,220,0,440,440,0,440,672,0,0,0,353,"10. OCTOBER",-1,"4425",1,,,1,0,-1,0,"SUPPORT",1,,0,0,1,0,0,0,"01",0,0,1,0,220,-1,,0,"Z001",,220
"4425",,"10/15/25 00:00:00",,"251981",3,150,0,450,450,0,450,673,0,0,0,353,"10. OCTOBER",-1,"4425",1,,,1,0,-1,0,"SUPPORT",1,,0,0,1,0,0,0,"01",0,0,1,0,150,-1,,0,"Z001",,150
"4425",,"10/15/25 00:00:00",,"251982",7,90,0,630,630,0,630,674,0,0,0,353,"10. OCTOBER",-1,"4425",1,,,1,0,-1,0,"SUPPORT",1,,0,0,1,0,0,0,"01",0,0,1,0,90,-1,,0,"Z001",,90
"4425",,"10/15/25 00:00:00",,"251983",7,60,0,420,420,0,420,675,0,0,0,353,"10. OCTOBER",-1,"4425",1,,,1,0,-1,0,"SUPPORT",1,,0,0,1,0,0,0,"01",0,0,1,0,60,-1,,0,"Z001",,60
"4525",,"10/20/25 00:00:00",,"6218",2,3600,0,7200,7200,0,7200,677,0,0,0,368,"10. OCTOBER",-1,"4525",1,,,1,0,1,0,"SUPPORT",1,,0,0,1,0,0,0,"01",0,0,1,0,3600,1,,0,"Z001",,3600
"4525",,"10/20/25 00:00:00",,"6394",2,4200,0,8400,8400,0,8400,678,0,0,0,368,"10. OCTOBER",-1,"4525",1,,,1,0,1,0,"SUPPORT",1,,0,0,1,0,0,0,"01",0,0,1,0,4200,1,,0,"Z001",,4200
"4525",,"10/20/25 00:00:00",,"6129",2,4500,0,9000,9000,0,9000,679,0,0,0,368,"10. OCTOBER",-1,"4525",1,,,1,0,-1,0,"SUPPORT",1,,0,0,1,0,0,0,"01",0,0,1,0,4500,-1,,0,"Z001",,4500
"4525",,"10/20/25 00:00:00",,"6150",6,3400,0,20400,20400,0,20400,680,0,0,0,368,"10. OCTOBER",-1,"4525",1,,,1,0,1,0,"SUPPORT",1,,0,0,1,0,0,0,"01",0,0,1,0,3400,1,,0,"Z001",,3400
"4525",,"10/20/25 00:00:00",,"5704",3,3150,0,9450,9450,0,9450,681,0,0,0,368,"10. OCTOBER",-1,"4525",1,,,1,0,1,0,"SUPPORT",1,,0,0,1,0,0,0,"01",0,0,1,0,3150,1,,0,"Z001",,3150
"4525",,"10/20/25 00:00:00",,"251984",3,3150,0,9450,9450,0,9450,682,0,0,0,368,"10. OCTOBER",-1,"4525",1,,,1,0,-1,0,"SUPPORT",1,,0,0,1,0,0,0,"01",0,0,1,0,3150,-1,,0,"Z001",,3150
"4625",,"10/15/25 00:00:00",,"241923",30,280,0,8400,8400,0,8400,684,0,0,0,347,"10. OCTOBER",-1,,1,,,1,0,1,0,"SUPPORT",1,,0,0,1,0,0,0,"01",0,0,1,0,280,1,,0,"Z001",,280
"4725",,"10/16/25 00:00:00",,"5602",2,9000,0,18000,18000,0,18000,685,0,0,0,364,"10. OCTOBER",-1,"4725",1,,,1,0,1,0,"SUPPORT",1,,0,0,1,0,0,0,"01",0,0,1,0,9000,1,,0,"Z001",,9000
"4725",,"10/16/25 00:00:00",,"1711",2,2700,0,5400,5400,0,5400,686,0,0,0,364,"10. OCTOBER",-1,"4725",1,,,1,0,-1,0,"SUPPORT",1,,0,0,1,0,0,0,"01",0,0,1,0,2700,-1,,0,"Z001",,2700
"4725",,"10/16/25 00:00:00",,"211827",2,4000,0,8000,8000,0,8000,687,0,0,0,364,"10. OCTOBER",-1,"4725",1,,,1,0,-1,0,"SUPPORT",1,,0,0,1,0,0,0,"01",0,0,1,0,4000,-1,,0,"Z001",,4000
"4725",,"10/16/25 00:00:00",,"5612",4,6000,0,24000,24000,0,24000,688,0,0,0,364,"10. OCTOBER",-1,"4725",1,,,1,0,1,0,"SUPPORT",1,,0,0,1,0,0,0,"01",0,0,1,0,6000,1,,0,"Z001",,6000
"4825","50432","10/01/25 00:00:00",,"6475",4,6453.3,0,25813.2,25813.2,0,25813.2,690,0,0,0,350,"10. OCTOBER",-1,,1,,,1,0,3880.24,0,"SUPPORT",1,,0,0,1,0,0,0,"01",0,0,1,0,6453.3,3880.24,,0,"Z001","50432",6453.2998
"4825","50432","10/01/25 00:00:00",,"6476",4,9775.5,0,39102,39102,0,39102,691,0,0,0,350,"10. OCTOBER",-1,,1,,,1,0,5557.02,0,"SUPPORT",1,,0,0,1,0,0,0,"01",0,0,1,0,9775.5,5557.02,,0,"Z001","50432",9775.5
"4925","50430","10/01/25 00:00:00",,"6363",10,112,0,1120,1120,0,1120,692,0,0,0,350,"10. OCTOBER",-1,,1,,,1,0,1,0,"SUPPORT",1,,0,0,1,0,0,0,"01",0,0,1,0,112,1,,0,"Z001","50430",112
"4925","50430","10/01/25 00:00:00",,"6364",6,188,0,1128,1128,0,1128,693,0,0,0,350,"10. OCTOBER",-1,,1,,,1,0,1,0,"SUPPORT",1,,0,0,1,0,0,0,"01",0,0,1,0,188,1,,0,"Z001","50430",188
"4925","50430","10/01/25 00:00:00",,"1691",6,225.01,0,1350.06,1350.06,0,1350.06,694,0,0,0,350,"10. OCTOBER",-1,,1,,,1,0,-1,0,"SUPPORT",1,,0,0,1,0,0,0,"01",0,0,1,0,225.01,-1,,0,"Z001","50430",225.00999
"4925","50430","10/01/25 00:00:00",,"201761",5,370.01,0,1850.05,1850.05,0,1850.05,695,0,0,0,350,"10. OCTOBER",-1,,1,,,1,0,-1,0,"SUPPORT",1,,0,0,1,0,0,0,"01",0,0,1,0,370.01,-1,,0,"Z001","50430",370.01001
"4925","50430","10/01/25 00:00:00",,"6616",100,150,0,15000,15000,0,15000,696,0,0,0,350,"10. OCTOBER",-1,,1,,,1,0,1,0,"SUPPORT",1,,0,0,1,0,0,0,"01",0,0,1,0,150,1,,0,"Z001","50430",150
"5025","50838","10/01/25 00:00:00",,"791",10,625,0,6250,6250,0,6250,697,0,0,0,350,"10. OCTOBER",-1,,1,,,1,0,1,0,"SUPPORT",1,,0,0,1,0,0,0,"01",0,0,1,0,625,1,,0,"Z001","50838",625
"8025",,"09/15/25 00:00:00",,"1007",2,15000,0,30000,30000,0,30000,891,0,0,0,364,"9. SEPTEMBER",-1,,1,,,1,0,-1,0,"SUPPORT",1,,0,0,1,0,0,0,"01",0,0,1,0,15000,-1,,0,"Z001",,15000
"8025",,"09/15/25 00:00:00",,"858",2,1400,0,2800,2800,0,2800,892,0,0,0,364,"9. SEPTEMBER",-1,,1,,,1,0,-1,0,"SUPPORT",1,,0,0,1,0,0,0,"01",0,0,1,0,1400,-1,,0,"Z001",,1400
"8025",,"09/15/25 00:00:00",,"6563",2,2500,0,5000,5000,0,5000,893,0,0,0,364,"9. SEPTEMBER",-1,,1,,,1,0,-1,0,"SUPPORT",1,,0,0,1,0,0,0,"01",0,0,1,0,2500,-1,,0,"Z001",,2500
"8025",,"09/15/25 00:00:00",,"251948",2,21000,0,42000,42000,0,42000,894,0,0,0,364,"9. SEPTEMBER",-1,,1,,,1,0,-1,0,"SUPPORT",1,,0,0,1,0,0,0,"01",0,0,1,0,21000,-1,,0,"Z001",,21000
"8025",,"09/15/25 00:00:00",,"251949",2,24000,0,48000,48000,0,48000,895,0,0,0,364,"9. SEPTEMBER",-1,,1,,,1,0,-1,0,"SUPPORT",1,,0,0,1,0,0,0,"01",0,0,1,0,24000,-1,,0,"Z001",,24000
"8025",,"09/15/25 00:00:00",,"251946",2,800,0,1600,1600,0,1600,897,0,0,0,364,"9. SEPTEMBER",-1,,1,,,1,0,1,0,"SUPPORT",1,,0,0,1,0,0,0,"01",0,0,1,0,800,1,,0,"Z001",,800
"8025",,"09/15/25 00:00:00",,"1669",5,3500,0,17500,17500,0,17500,898,0,0,0,364,"9. SEPTEMBER",-1,,1,,,1,0,-1,0,"SUPPORT",1,,0,0,1,0,0,0,"01",0,0,1,0,3500,-1,,0,"Z001",,3500
"8025",,"09/15/25 00:00:00",,"1717",5,4800,0,24000,24000,0,24000,899,0,0,0,364,"9. SEPTEMBER",-1,,1,,,1,0,-1,0,"SUPPORT",1,,0,0,1,0,0,0,"01",0,0,1,0,4800,-1,,0,"Z001",,4800
"8025",,"09/15/25 00:00:00",,"6624",2,17000,0,34000,34000,0,34000,900,0,0,0,364,"9. SEPTEMBER",-1,,1,,,1,0,-1,0,"SUPPORT",1,,0,0,1,0,0,0,"01",0,0,1,0,17000,-1,,0,"Z001",,17000
"8125",,"09/18/25 00:00:00",,"251957",5,1900,0,9500,9500,0,9500,901,0,0,0,354,"9. SEPTEMBER",-1,,1,,,1,0,-1,0,"RAYYAN",1,,0,0,1,0,0,0,"01",0,0,1,0,1900,0,,0,"Z001",,1900
"8125",,"09/18/25 00:00:00",,"241931",5,2600,0,13000,13000,0,13000,902,0,0,0,354,"9. SEPTEMBER",-1,,1,,,1,0,-1,0,"RAYYAN",1,,0,0,1,0,0,0,"01",0,0,1,0,2600,0,,0,"Z001",,2600
"8125",,"09/18/25 00:00:00",,"251953",4,2300,0,9200,9200,0,9200,903,0,0,0,354,"9. SEPTEMBER",-1,,1,,,1,0,-1,0,"RAYYAN",1,,0,0,1,0,0,0,"01",0,0,1,0,2300,0,,0,"Z001",,2300
"8125",,"09/18/25 00:00:00",,"251938",4,2300,0,9200,9200,0,9200,904,0,0,0,354,"9. SEPTEMBER",-1,,1,,,1,0,-1,0,"RAYYAN",1,,0,0,1,0,0,0,"01",0,0,1,0,2300,0,,0,"Z001",,2300
"8125",,"09/18/25 00:00:00",,"241910",2,13500,0,27000,27000,0,27000,905,0,0,0,354,"9. SEPTEMBER",-1,,1,,,1,0,-1,0,"RAYYAN",1,,0,0,1,0,0,0,"01",0,0,1,0,13500,0,,0,"Z001",,13500
"8125",,"09/18/25 00:00:00",,"251954",0,-1,0,16500,16500,0,16500,906,0,0,0,354,"9. SEPTEMBER",-1,,1,,,1,30,550,0,"RAYYAN",1,,0,0,1,0,0,0,"01",0,0,1,0,0,550,,0,"Z001",,-1
"8125",,"09/18/25 00:00:00",,"251955",0,-1,0,39000,39000,0,39000,907,0,0,0,354,"9. SEPTEMBER",-1,,1,,,1,60,650,0,"RAYYAN",1,,0,0,1,0,0,0,"01",0,0,1,0,0,650,,0,"Z001",,-1
"8125",,"09/18/25 00:00:00",,"201789",100,45,0,4500,4500,0,4500,908,0,0,0,354,"9. SEPTEMBER",-1,,1,,,1,0,-1,0,"RAYYAN",1,,0,0,1,0,0,0,"01",0,0,1,0,45,0,,0,"Z001",,45
"6225",,"09/30/25 00:00:00",,"6229",5,360,0,1800,1800,0,1800,786,0,0,0,346,"9. SEPTEMBER",-1,,1,,,1,0,1,0,"SUPPORT",1,,0,0,1,0,0,0,"01",0,0,1,0,360,1,,0,"Z001",,360
"6225",,"09/30/25 00:00:00",,"5969",40,20,0,800,800,0,800,788,0,0,0,346,"9. SEPTEMBER",-1,,1,,,1,0,1,0,"SUPPORT",1,,0,0,1,0,0,0,"01",0,0,1,0,20,1,,0,"Z001",,20
"6225",,"09/30/25 00:00:00",,"6098",40,30,0,1200,1200,0,1200,789,0,0,0,346,"9. SEPTEMBER",-1,,1,,,1,0,1,0,"SUPPORT",1,,0,0,1,0,0,0,"01",0,0,1,0,30,1,,0,"Z001",,30
"6225",,"09/30/25 00:00:00",,"201762",5,600,0,3000,3000,0,3000,790,0,0,0,346,"9. SEPTEMBER",-1,,1,,,1,0,-1,0,"SUPPORT",1,,0,0,1,0,0,0,"01",0,0,1,0,600,-1,,0,"Z001",,600
"6225",,"09/30/25 00:00:00",,"251988",6,500,0,3000,3000,0,3000,791,0,0,0,346,"9. SEPTEMBER",-1,,1,,,1,0,1,0,"SUPPORT",1,,0,0,1,0,0,0,"01",0,0,1,0,500,1,,0,"Z001",,500
"6325",,"09/20/25 00:00:00",,"6130",2,4900,0,9800,9800,0,9800,792,0,0,0,359,"9. SEPTEMBER",-1,"6325",1,,,1,0,-1,0,"SUPPORT",1,,0,0,1,0,0,0,"01",0,0,1,0,4900,-1,,0,"Z001",,4900
"6325",,"09/20/25 00:00:00",,"6218",3,4000,0,12000,12000,0,12000,793,0,0,0,359,"9. SEPTEMBER",-1,"6325",1,,,1,0,1,0,"SUPPORT",1,,0,0,1,0,0,0,"01",0,0,1,0,4000,1,,0,"Z001",,4000
"6325",,"09/20/25 00:00:00",,"5692",12,2900,0,34800,34800,0,34800,794,0,0,0,359,"9. SEPTEMBER",-1,"6325",1,,,1,0,-1,0,"SUPPORT",1,,0,0,1,0,0,0,"01",0,0,1,0,2900,-1,,0,"Z001",,2900
"6525",,"09/22/25 00:00:00",,"6511",6,3200,0,19200,19200,0,19200,796,0,0,0,357,"9. SEPTEMBER",-1,,1,,,1,0,1,0,"SUPPORT",1,,0,0,1,0,0,0,"01",0,0,1,0,3200,1,,0,"Z001",,3200
"6525",,"09/22/25 00:00:00",,"6107",2,5500,0,11000,11000,0,11000,797,0,0,0,357,"9. SEPTEMBER",-1,,1,,,1,0,-1,0,"SUPPORT",1,,0,0,1,0,0,0,"01",0,0,1,0,5500,-1,,0,"Z001",,5500
"6525",,"09/22/25 00:00:00",,"6116",10,550,0,5500,5500,0,5500,798,0,0,0,357,"9. SEPTEMBER",-1,,1,,,1,0,-1,0,"SUPPORT",1,,0,0,1,0,0,0,"01",0,0,1,0,550,-1,,0,"Z001",,550
"6525",,"09/22/25 00:00:00",,"891",12,150,0,1800,1800,0,1800,799,0,0,0,357,"9. SEPTEMBER",-1,,1,,,1,0,-1,0,"SUPPORT",1,,0,0,1,0,0,0,"01",0,0,1,0,150,-1,,0,"Z001",,150
"6625",,"09/25/25 00:00:00",,"6099",70,85,0,5950,5950,0,5950,802,0,0,0,350,"9. SEPTEMBER",-1,,1,,,1,0,-1,0,"SUPPORT",1,,0,0,1,0,0,0,"01",0,0,1,0,85,-1,,0,"Z001",,85
"6625",,"09/25/25 00:00:00",,"6030",80,80,0,6400,6400,0,6400,803,0,0,0,350,"9. SEPTEMBER",-1,,1,,,1,0,-1,0,"SUPPORT",1,,0,0,1,0,0,0,"01",0,0,1,0,80,-1,,0,"Z001",,80
"7825",,"09/01/25 00:00:00",,"201725",10,6650,0,66500,66500,0,66500,873,0,0,0,351,"9. SEPTEMBER",121,,1,,,1,0,-1,0,"SUPPORT",1,"5 PCS THEN 5 PCS",0,0,1,0,0,0,"01",0,0,1,0,6650,-1,,0,"Z001",,6650
"1325",,"10/13/25 00:00:00",,"6471",0,0,0,0,0,0,0,874,0,0,0,0,"10. OCTOBER",-1,,0,,,1,90,0,0,"SAID",0,,0,0,1,0,0,1,"01",0,0,0,0,0,0,,0,"Z001",,0
"1025",,"09/28/25 00:00:00",,"6476",0,0,0,0,0,0,0,1044,0,0,0,0,"9. SEPTEMBER",-1,,0,,,1,90,0,0,"SAID",0,,0,0,1,0,0,1,"01",0,0,0,0,0,0,,0,"Z001",,0
"7525",,"10/08/25 00:00:00",,"231902",2,5150.16,0,10300.32,10300.32,0,10300.32,858,0,0,0,347,"10. OCTOBER",-1,,1,,,1,0,1,0,"SUPPORT",1,,0,0,1,0,0,0,"01",0,0,1,0,5150.16,1,,0,"Z001",,5150.1602
"7525",,"10/08/25 00:00:00",,"1004",6,392.08,0,2352.48,2352.48,0,2352.48,859,0,0,0,347,"10. OCTOBER",-1,,1,,,1,0,-1,0,"SUPPORT",1,,0,0,1,0,0,0,"01",0,0,1,0,392.08,-1,,0,"Z001",,392.07999
"7525",,"10/08/25 00:00:00",,"6612",6,540.84,0,3245.04,3245.04,0,3245.04,860,0,0,0,347,"10. OCTOBER",-1,,1,,,1,0,-1,0,"SUPPORT",1,,0,0,1,0,0,0,"01",0,0,1,0,540.84,-1,,0,"Z001",,540.84003
"7525",,"10/08/25 00:00:00",,"6608",6,737.1900000000001,0,4423.14,4423.14,0,4423.14,861,0,0,0,347,"10. OCTOBER",-1,,1,,,1,0,-1,0,"SUPPORT",1,,0,0,1,0,0,0,"01",0,0,1,0,737.1900000000001,-1,,0,"Z001",,737.19
"7525",,"10/08/25 00:00:00",,"6613",6,1432.89,0,8597.34,8597.34,0,8597.34,862,0,0,0,347,"10. OCTOBER",-1,,1,,,1,0,-1,0,"SUPPORT",1,,0,0,1,0,0,0,"01",0,0,1,0,1432.89,-1,,0,"Z001",,1432.89
"7525",,"10/08/25 00:00:00",,"251946",2,894.36,0,1788.72,1788.72,0,1788.72,863,0,0,0,347,"10. OCTOBER",-1,,1,,,1,0,1,0,"SUPPORT",1,,0,0,1,0,0,0,"01",0,0,1,0,894.36,1,,0,"Z001",,894.35999
"7525",,"10/08/25 00:00:00",,"251965",2,967.4400000000001,0,1934.88,1934.88,0,1934.88,864,0,0,0,347,"10. OCTOBER",-1,,1,,,1,0,1,0,"SUPPORT",1,,0,0,1,0,0,0,"01",0,0,1,0,967.4400000000001,1,,0,"Z001",,967.44
"7525",,"10/08/25 00:00:00",,"6275",2,1026.6,0,2053.2,2053.2,0,2053.2,865,0,0,0,347,"10. OCTOBER",-1,,1,,,1,0,-1,0,"SUPPORT",1,,0,0,1,0,0,0,"01",0,0,1,0,1026.6,-1,,0,"Z001",,1026.6
"7525",,"10/08/25 00:00:00",,"962",24,454.36,0,10904.64,10904.64,0,10904.64,866,0,0,0,347,"10. OCTOBER",-1,,1,,,1,0,-1,0,"SUPPORT",1,,0,0,1,0,0,0,"01",0,0,1,0,454.36,-1,,0,"Z001",,454.35999
"7625",,"09/01/25 00:00:00",,"5984",120,30,0,3600,3600,0,3600,867,0,0,0,358,"9. SEPTEMBER",-1,,1,,,1,0,-1,0,"SUPPORT",1,,0,0,1,0,0,0,"01",0,0,1,0,30,-1,,0,"Z001",,30
"7725",,"09/22/25 00:00:00",,"5817",10,7700,0,77000,77000,0,77000,868,0,0,0,345,"9. SEPTEMBER",-1,,1,,,1,0,-1,0,"SUPPORT",1,,0,0,1,0,0,0,"01",0,0,1,0,7700,-1,,0,"Z001",,7700
"125",,"09/01/25 00:00:00",,"6477",0,0,0,0,0,0,0,879,0,0,0,0,"9. SEPTEMBER",-1,,0,,,1,90,0,0,"SAID",0,,0,0,1,0,0,1,"01",0,0,0,0,0,0,,0,"Z001",,0
"625",,"09/28/25 00:00:00",,"914",0,0,0,0,0,0,0,880,0,0,0,0,"9. SEPTEMBER",-1,,0,,,1,90,0,0,"SAID",0,,0,0,1,0,0,1,"01",0,0,0,0,0,0,,0,"Z001",,0
"625",,"09/28/25 00:00:00",,"6475",0,0,0,0,0,0,0,881,0,0,0,0,"9. SEPTEMBER",-1,,0,,,1,90,0,0,"SAID",0,,0,0,1,0,0,1,"01",0,0,0,0,0,0,,0,"Z001",,0
"7925",,"09/24/25 00:00:00",,"771",3,34000,0,102000,102000,0,102000,882,0,0,0,349,"9. SEPTEMBER",-1,"7925",1,,,1,0,-1,0,"SUPPORT",1,,0,0,1,0,0,0,"01",0,0,1,0,34000,-1,,0,"Z001",,34000
"7925",,"09/24/25 00:00:00",,"6131",3,43000,0,129000,129000,0,129000,883,0,0,0,349,"9. SEPTEMBER",-1,"7925",1,,,1,0,-1,0,"SUPPORT",1,,0,0,1,0,0,0,"01",0,0,1,0,43000,-1,,0,"Z001",,43000
"7925",,"09/24/25 00:00:00",,"6555",2,70000,0,140000,140000,0,140000,884,0,0,0,349,"9. SEPTEMBER",-1,"7925",1,,,1,0,-1,0,"SUPPORT",1,,0,0,1,0,0,0,"01",0,0,1,0,70000,-1,,0,"Z001",,70000
"6125",,"09/16/25 00:00:00",,"6332",10,190,0,1900,1900,0,1900,768,0,0,0,346,"9. SEPTEMBER",-1,,1,,,1,0,-1,0,"SUPPORT",1,,0,0,1,0,0,0,"01",0,0,1,0,190,-1,,0,"Z001",,190
"6125",,"09/16/25 00:00:00",,"5833",3,550.24,0,1650.72,1650.72,0,1650.72,769,0,0,0,346,"9. SEPTEMBER",-1,,1,,,1,0,1,0,"SUPPORT",1,,0,0,1,0,0,0,"01",0,0,1,0,550.24,1,,0,"Z001",,550.23999
"6125",,"09/16/25 00:00:00",,"757",5,1350,0,6750,6750,0,6750,770,0,0,0,346,"9. SEPTEMBER",-1,,1,,,1,0,1,0,"SUPPORT",1,,0,0,1,0,0,0,"01",0,0,1,0,1350,1,,0,"Z001",,1350
"6125",,"09/16/25 00:00:00",,"836",36,230,0,8280,8280,0,8280,771,0,0,0,346,"9. SEPTEMBER",-1,,1,,,1,0,-1,0,"SUPPORT",1,,0,0,1,0,0,0,"01",0,0,1,0,230,-1,,0,"Z001",,230
"6125",,"09/16/25 00:00:00",,"875",2,850,0,1700,1700,0,1700,772,0,0,0,346,"9. SEPTEMBER",-1,,1,,,1,0,-1,0,"SUPPORT",1,,0,0,1,0,0,0,"01",0,0,1,0,850,-1,,0,"Z001",,850
"6125",,"09/16/25 00:00:00",,"251990",30,60,0,1800,1800,0,1800,773,0,0,0,346,"9. SEPTEMBER",-1,,1,,,1,0,1,0,"SUPPORT",1,,0,0,1,0,0,0,"01",0,0,1,0,60,1,,0,"Z001",,60
"6125",,"09/16/25 00:00:00",,"251946",5,950,0,4750,4750,0,4750,774,0,0,0,346,"9. SEPTEMBER",-1,,1,,,1,0,-1,0,"SUPPORT",1,,0,0,1,0,0,0,"01",0,0,1,0,950,-1,,0,"Z001",,950
"6125",,"09/16/25 00:00:00",,"6338",20,100,0,2000,2000,0,2000,775,0,0,0,346,"9. SEPTEMBER",-1,,1,,,1,0,1,0,"SUPPORT",1,,0,0,1,0,0,0,"01",0,0,1,0,100,1,,0,"Z001",,100
"6125",,"09/16/25 00:00:00",,"6399",12,110,0,1320,1320,0,1320,776,0,0,0,346,"9. SEPTEMBER",-1,,1,,,1,0,-1,0,"SUPPORT",1,,0,0,1,0,0,0,"01",0,0,1,0,110,-1,,0,"Z001",,110
"6225",,"09/30/25 00:00:00",,"6358",50,120,0,6000,6000,0,6000,777,0,0,0,346,"9. SEPTEMBER",-1,,1,,,1,0,-1,0,"SUPPORT",1,,0,0,1,0,0,0,"01",0,0,1,0,120,-1,,0,"Z001",,120
"6225",,"09/30/25 00:00:00",,"251969",18,500,0,9000,9000,0,9000,779,0,0,0,346,"9. SEPTEMBER",-1,,1,,,1,0,-1,0,"SUPPORT",1,,0,0,1,0,0,0,"01",0,0,1,0,500,-1,,0,"Z001",,500
"6225",,"09/30/25 00:00:00",,"251970",12,480,0,5760,5760,0,5760,780,0,0,0,346,"9. SEPTEMBER",-1,,1,,,1,0,-1,0,"SUPPORT",1,,0,0,1,0,0,0,"01",0,0,1,0,480,-1,,0,"Z001",,480
"6225",,"09/30/25 00:00:00",,"251966",4,180,0,720,720,0,720,781,0,0,0,346,"9. SEPTEMBER",-1,,1,,,1,0,-1,0,"SUPPORT",1,,0,0,1,0,0,0,"01",0,0,1,0,180,-1,,0,"Z001",,180
"6225",,"09/30/25 00:00:00",,"251967",4,250,0,1000,1000,0,1000,782,0,0,0,346,"9. SEPTEMBER",-1,,1,,,1,0,1,0,"SUPPORT",1,,0,0,1,0,0,0,"01",0,0,1,0,250,1,,0,"Z001",,250
"6225",,"09/30/25 00:00:00",,"251968",4,400,0,1600,1600,0,1600,783,0,0,0,346,"9. SEPTEMBER",-1,,1,,,1,0,-1,0,"SUPPORT",1,,0,0,1,0,0,0,"01",0,0,1,0,400,-1,,0,"Z001",,400
"6225",,"09/30/25 00:00:00",,"5797",5,800,0,4000,4000,0,4000,784,0,0,0,346,"9. SEPTEMBER",-1,,1,,,1,0,-1,0,"SUPPORT",1,,0,0,1,0,0,0,"01",0,0,1,0,800,-1,,0,"Z001",,800
"6225",,"09/30/25 00:00:00",,"231903",5000,1.09,0,5450,5450,0,5450,785,0,0,0,346,"9. SEPTEMBER",-1,,1,,,1,0,-1,0,"SUPPORT",1,,0,0,1,0,0,0,"01",0,0,1,0,1.09,-1,,0,"Z001",,1.09
"5125",,"10/21/25 00:00:00",,"944",20,220,0,4400,4400,0,4400,698,0,0,0,370,"10. OCTOBER",-1,,1,,,1,0,-1,0,"SUPPORT",1,,0,0,1,0,0,0,"01",0,0,1,0,220,-1,,0,"Z001",,220
"5125",,"10/21/25 00:00:00",,"6173",20,135,0,2700,2700,0,2700,699,0,0,0,370,"10. OCTOBER",-1,,1,,,1,0,1,0,"SUPPORT",1,,0,0,1,0,0,0,"01",0,0,1,0,135,1,,0,"Z001",,135
"5225",,"10/20/25 00:00:00",,"251989",192,2.6,0,499.2,499.2,0,499.2,716,0,0,0,346,"10. OCTOBER",-1,,1,,,1,0,-1,0,"SUPPORT",1,,0,0,1,0,0,0,"01",0,0,1,0,2.6,-1,,0,"Z001",,2.5999999
"5525",,"10/16/25 00:00:00",,"6025",19,61.75,0,1173.25,1173.25,0,1173.25,718,0,0,0,371,"10. OCTOBER",-1,"5525",1,,,1,0,1,0,"SUPPORT",1,,0,0,1,0,0,0,"01",0,0,1,0,61.75,1,,0,"Z001",,61.75
"5525",,"10/16/25 00:00:00",,"6296",15,76,0,1140,1140,0,1140,719,0,0,0,371,"10. OCTOBER",-1,"5525",1,,,1,0,1,0,"SUPPORT",1,,0,0,1,0,0,0,"01",0,0,1,0,76,1,,0,"Z001",,76
"5525",,"10/16/25 00:00:00",,"251992",4,821.75,0,3287,3287,0,3287,720,0,0,0,371,"10. OCTOBER",-1,"5525",1,,,1,0,-1,0,"SUPPORT",1,,0,0,1,0,0,0,"01",0,0,1,0,821.75,-1,,0,"Z001",,821.75
"5525",,"10/16/25 00:00:00",,"251993",2,1596,0,3192,3192,0,3192,721,0,0,0,371,"10. OCTOBER",-1,"5525",1,,,1,0,-1,0,"SUPPORT",1,,0,0,1,0,0,0,"01",0,0,1,0,1596,-1,,0,"Z001",,1596
"5525",,"10/16/25 00:00:00",,"251994",3,370.5,0,1111.5,1111.5,0,1111.5,722,0,0,0,371,"10. OCTOBER",-1,"5525",1,,,1,0,-1,0,"SUPPORT",1,,0,0,1,0,0,0,"01",0,0,1,0,370.5,-1,,0,"Z001",,370.5
"5525",,"10/16/25 00:00:00",,"251995",2,1757.5,0,3515,3515,0,3515,723,0,0,0,371,"10. OCTOBER",-1,"5525",1,,,1,0,-1,0,"SUPPORT",1,,0,0,1,0,0,0,"01",0,0,1,0,1757.5,-1,,0,"Z001",,1757.5
"5525",,"10/16/25 00:00:00",,"251996",6,2080.5,0,12483,12483,0,12483,724,0,0,0,371,"10. OCTOBER",-1,"5525",1,,,1,0,-1,0,"SUPPORT",1,,0,0,1,0,0,0,"01",0,0,1,0,2080.5,-1,,0,"Z001",,2080.5
"5525",,"10/16/25 00:00:00",,"251997",6,384.75,0,2308.5,2308.5,0,2308.5,725,0,0,0,371,"10. OCTOBER",-1,"5525",1,,,1,0,-1,0,"SUPPORT",1,,0,0,1,0,0,0,"01",0,0,1,0,384.75,-1,,0,"Z001",,384.75
"5525",,"10/16/25 00:00:00",,"251998",2,5695.25,0,11390.5,11390.5,0,11390.5,726,0,0,0,371,"10. OCTOBER",-1,"5525",1,,,1,0,-1,0,"SUPPORT",1,,0,0,1,0,0,0,"01",0,0,1,0,5695.25,-1,,0,"Z001",,5695.25
"5525",,"10/16/25 00:00:00",,"251999",6,285,0,1710,1710,0,1710,727,0,0,0,371,"10. OCTOBER",-1,"5525",1,,,1,0,-1,0,"SUPPORT",1,,0,0,1,0,0,0,"01",0,0,1,0,285,-1,,0,"Z001",,285
"5525",,"10/16/25 00:00:00",,"252000",5,76,0,380,380,0,380,728,0,0,0,371,"10. OCTOBER",-1,"5525",1,,,1,0,-1,0,"SUPPORT",1,,0,0,1,0,0,0,"01",0,0,1,0,76,-1,,0,"Z001",,76
"5525",,"10/16/25 00:00:00",,"252001",5,99.75,0,498.75,498.75,0,498.75,729,0,0,0,371,"10. OCTOBER",-1,"5525",1,,,1,0,-1,0,"SUPPORT",1,,0,0,1,0,0,0,"01",0,0,1,0,99.75,-1,,0,"Z001",,99.75
"5525",,"10/16/25 00:00:00",,"252002",5,128.25,0,641.25,641.25,0,641.25,730,0,0,0,371,"10. OCTOBER",-1,"5525",1,,,1,0,-1,0,"SUPPORT",1,,0,0,1,0,0,0,"01",0,0,1,0,128.25,-1,,0,"Z001",,128.25
"5625",,"10/16/25 00:00:00",,"252003",1,20000,0,20000,20000,0,20000,731,0,0,0,372,"10. OCTOBER",-1,,1,,,1,0,-1,0,"SUPPORT",1,,0,0,1,0,0,0,"01",0,0,1,0,20000,-1,,0,"Z001",,20000
"5625",,"10/16/25 00:00:00",,"252004",1,22000,0,22000,22000,0,22000,732,0,0,0,372,"10. OCTOBER",-1,,1,,,1,0,-1,0,"SUPPORT",1,,0,0,1,0,0,0,"01",0,0,1,0,22000,-1,,0,"Z001",,22000
"5625",,"10/16/25 00:00:00",,"252005",1,24500,0,24500,24500,0,24500,733,0,0,0,372,"10. OCTOBER",-1,,1,,,1,0,-1,0,"SUPPORT",1,,0,0,1,0,0,0,"01",0,0,1,0,24500,-1,,0,"Z001",,24500
"5625",,"10/16/25 00:00:00",,"252006",1,22500,0,22500,22500,0,22500,734,0,0,0,372,"10. OCTOBER",-1,,1,,,1,0,-1,0,"SUPPORT",1,,0,0,1,0,0,0,"01",0,0,1,0,22500,-1,,0,"Z001",,22500
"5625",,"10/16/25 00:00:00",,"252007",1,25500,0,25500,25500,0,25500,735,0,0,0,372,"10. OCTOBER",-1,,1,,,1,0,-1,0,"SUPPORT",1,,0,0,1,0,0,0,"01",0,0,1,0,25500,-1,,0,"Z001",,25500
"5625",,"10/16/25 00:00:00",,"252008",1,34000,0,34000,34000,0,34000,736,0,0,0,372,"10. OCTOBER",-1,,1,,,1,0,-1,0,"SUPPORT",1,,0,0,1,0,0,0,"01",0,0,1,0,34000,-1,,0,"Z001",,34000
"5725",,"10/16/25 00:00:00",,"6100",600,5,0,3000,3000,0,3000,737,0,0,0,358,"10. OCTOBER",-1,,1,,,1,0,1,0,"SUPPORT",1,,0,0,1,0,0,0,"01",0,0,1,0,5,1,,0,"Z001",,5
"5725",,"10/16/25 00:00:00",,"6272",274,6,0,1644,1644,0,1644,738,0,0,0,358,"10. OCTOBER",-1,,1,,,1,0,1,0,"SUPPORT",1,,0,0,1,0,0,0,"01",0,0,1,0,6,1,,0,"Z001",,6
"5725",,"10/16/25 00:00:00",,"241929",560,7,0,3920,3920,0,3920,739,0,0,0,358,"10. OCTOBER",-1,,1,,,1,0,1,0,"SUPPORT",1,,0,0,1,0,0,0,"01",0,0,1,0,7,1,,0,"Z001",,7
"2025",,"09/27/25 00:00:00",,"914",1,19366.2,0,19366.2,19366.2,0,19366.2,519,0,0,0,343,"9. SEPTEMBER",-1,,1,,,1,0,1,0,"SUPPORT",1,,0,0,1,0,0,0,"01",0,0,1,0,19366.2,1,,0,"Z001",,19366.199
"8225",,"08/01/25 00:00:00",,"241926",2,99979.03,0,199958.06,199958.06,0,146300,909,0,0,0,353,"8. AUGUST",-1,,1,,,1,0,1,0,"SAID",1,,0,0,1,0,0,0,"01",0,0,1,0,99979.03,1,,0,"Z001",,73150
"8225",,"08/01/25 00:00:00",,"241916",3,175175.83,0,525527.49,525527.49,0,384504,910,0,0,0,353,"8. AUGUST",-1,,1,,,1,0,1,0,"SAID",1,,0,0,1,0,0,0,"01",0,0,1,0,175175.83,1,,0,"Z001",,128168
"8225",,"08/01/25 00:00:00",,"251947",4,237862.61,0,951450.4399999999,951450.4399999999,0,696132,911,0,0,0,353,"8. AUGUST",-1,,1,,,1,0,1,0,"SAID",1,,0,0,1,0,0,0,"01",0,0,1,0,237862.61,1,,0,"Z001",,174033
"8325",,"09/01/25 00:00:00",,"6583",1,1000,0,1000,1000,0,1000,912,0,0,0,353,"9. SEPTEMBER",-1,"8325",1,,,1,0,-1,0,"SUPPORT",1,,0,0,1,0,0,0,"01",0,0,1,0,1000,-1,,0,"Z001",,1000
"8325",,"09/01/25 00:00:00",,"5968",23,10,0,230,230,0,230,913,0,0,0,353,"9. SEPTEMBER",-1,"8325",1,,,1,0,-1,0,"SUPPORT",1,,0,0,1,0,0,0,"01",0,0,1,0,10,-1,,0,"Z001",,10
"8325",,"09/01/25 00:00:00",,"5792",4,49.99,0,199.96,199.96,0,199.96,914,0,0,0,353,"9. SEPTEMBER",-1,"8325",1,,,1,0,-1,0,"SUPPORT",1,,0,0,1,0,0,0,"01",0,0,1,0,49.99,-1,,0,"Z001",,49.990002
"6025",,"09/25/25 00:00:00",,"6515",5,500,0,2500,2500,0,2500,916,0,0,0,346,"9. SEPTEMBER",-1,,1,,,1,0,-1,0,"SUPPORT",1,,0,0,1,0,0,0,"01",0,0,1,0,500,-1,,0,"Z001",,500
"6625",,"09/25/25 00:00:00",,"6515",5,560,0,2800,2800,0,2800,917,0,0,0,350,"9. SEPTEMBER",-1,,1,,,1,0,1,0,"SUPPORT",1,,0,0,1,0,0,0,"01",0,0,1,0,560,1,,0,"Z001",,560
"8425",,"09/24/25 00:00:00",,"6396",3,3770,0,11310,11310,0,11310,918,0,0,0,348,"9. SEPTEMBER",-1,,1,,,1,0,-1,0,"SUPPORT",1,,0,0,1,0,0,0,"01",0,0,1,0,3770,-1,,0,"Z001",,3770
"8425",,"09/24/25 00:00:00",,"5797",3,1482,0,4446,4446,0,4446,919,0,0,0,348,"9. SEPTEMBER",-1,,1,,,1,0,1,0,"SUPPORT",1,,0,0,1,0,0,0,"01",0,0,1,0,1482,1,,0,"Z001",,1482
"8425",,"09/24/25 00:00:00",,"5798",3,1417,0,4251,4251,0,4251,920,0,0,0,348,"9. SEPTEMBER",-1,,1,,,1,0,-1,0,"SUPPORT",1,,0,0,1,0,0,0,"01",0,0,1,0,1417,-1,,0,"Z001",,1417
"8425",,"09/24/25 00:00:00",,"5799",2,1417.23,0,2834.46,2834.46,0,2834.46,921,0,0,0,348,"9. SEPTEMBER",-1,,1,,,1,0,1,0,"SUPPORT",1,,0,0,1,0,0,0,"01",0,0,1,0,1417.23,1,,0,"Z001",,1417.23
"8425",,"09/24/25 00:00:00",,"5796",2,2285,0,4570,4570,0,4570,922,0,0,0,348,"9. SEPTEMBER",-1,,1,,,1,0,-1,0,"SUPPORT",1,,0,0,1,0,0,0,"01",0,0,1,0,2285,-1,,0,"Z001",,2285
"8425",,"09/24/25 00:00:00",,"5795",2,2346.5,0,4693,4693,0,4693,923,0,0,0,348,"9. SEPTEMBER",-1,,1,,,1,0,-1,0,"SUPPORT",1,,0,0,1,0,0,0,"01",0,0,1,0,2346.5,-1,,0,"Z001",,2346.5
"1525",,"11/01/25 00:00:00",,"1084",0,0,0,0,0,0,0,926,0,0,0,0,"11. NOVEMBER",-1,,0,,,1,90,0,0,"SAID",0,,0,0,1,0,0,1,"01",0,0,0,0,0,0,,0,"Z001",,0
"1525",,"11/01/25 00:00:00",,"6481",0,0,0,0,0,0,0,927,0,0,0,0,"11. NOVEMBER",-1,,0,,,1,90,0,0,"SAID",0,,0,0,1,0,0,1,"01",0,0,0,0,0,0,,0,"Z001",,0
"8525",,"01/01/25 00:00:00",,"5832",6,100,0,600,600,0,600,928,0,0,0,353,"1. JANUARY",-1,,1,,,1,0,1,0,"SUPPORT",1,,0,0,1,0,0,0,"01",0,0,1,0,100,1,,0,"Z001",,100
"7925",,"09/24/25 00:00:00",,"251935",2,20000,0,40000,40000,0,40000,885,0,0,0,349,"9. SEPTEMBER",-1,"7925",1,,,1,0,-1,0,"SUPPORT",1,,0,0,1,0,0,0,"01",0,0,1,0,20000,-1,,0,"Z001",,20000
"8025",,"09/15/25 00:00:00",,"251963",24,5500,0,132000,132000,0,132000,886,0,0,0,364,"9. SEPTEMBER",-1,,1,,,1,0,-1,0,"SUPPORT",1,,0,0,1,0,0,0,"01",0,0,1,0,5500,-1,,0,"Z001",,5500
"8025",,"09/15/25 00:00:00",,"251964",4,13500,0,54000,54000,0,54000,887,0,0,0,364,"9. SEPTEMBER",-1,,1,,,1,0,-1,0,"SUPPORT",1,,0,0,1,0,0,0,"01",0,0,1,0,13500,-1,,0,"Z001",,13500
"4225","BENJAMIN","10/10/25 00:00:00",,"1563",2,16000,0,32000,32000,0,32000,658,0,0,0,353,"10. OCTOBER",-1,"4225",1,,,1,0,-1,0,"SUPPORT",1,"BENJAMIN /DIANI ",0,0,1,0,0,0,"01",0,0,1,0,16000,-1,,0,"Z001",,16000
"4225","BENJAMIN","10/10/25 00:00:00",,"999",5,5700,0,28500,28500,0,28500,659,0,0,0,353,"10. OCTOBER",-1,"4225",1,,,1,0,1,0,"SUPPORT",1,"BENJAMIN /DIANI ",0,0,1,0,0,0,"01",0,0,1,0,5700,1,,0,"Z001",,5700
"4325",,"10/06/25 00:00:00",,"251950",4,27750,0,111000,111000,0,111000,660,0,0,0,364,"10. OCTOBER",-1,"4325",1,,,1,0,1,0,"SUPPORT",1,,0,0,1,0,0,0,"01",0,0,1,0,27750,1,,0,"Z001",,27750
"4325",,"10/06/25 00:00:00",,"6565",3,18000,0,54000,54000,0,54000,661,0,0,0,364,"10. OCTOBER",-1,"4325",1,,,1,0,1,0,"SUPPORT",1,,0,0,1,0,0,0,"01",0,0,1,0,18000,1,,0,"Z001",,18000
"4325",,"10/06/25 00:00:00",,"6554",2,16000,0,32000,32000,0,32000,662,0,0,0,364,"10. OCTOBER",-1,"4325",1,,,1,0,1,0,"SUPPORT",1,,0,0,1,0,0,0,"01",0,0,1,0,16000,1,,0,"Z001",,16000
"2325",,"10/01/25 00:00:00",,"6307",10,800,0,8000,8000,0,8000,527,0,0,0,357,"10. OCTOBER",-1,,1,,,1,0,1,0,"SUPPORT",1,,0,0,1,0,0,0,"01",0,0,1,0,800,1,,0,"Z001",,800
"2425",,"10/01/25 00:00:00",,"6346",72,434,0,31248,31248,0,31248,528,0,0,0,361,"10. OCTOBER",-1,"2425",1,,,1,0,1,0,"SUPPORT",1,,0,0,1,0,0,0,"01",0,0,1,0,434,1,,0,"Z001",,434
"3525",,"10/06/25 00:00:00",,"6471",140,2536.5,0,355110,355110,0,355110,590,0,0,0,343,"10. OCTOBER",-1,,1,,,1,0,1521.7,0,"SUPPORT",1,,0,0,1,0,0,0,"01",0,0,1,0,2536.5,1521.7,,0,"Z001",,2536.5
"3525",,"10/06/25 00:00:00",,"6474",120,4265.36,0,511843.2,511843.2,0,511843.2,591,0,0,0,343,"10. OCTOBER",-1,,1,,,1,0,2473.14,0,"SUPPORT",1,,0,0,1,0,0,0,"01",0,0,1,0,4265.36,2473.14,,0,"Z001",,4265.3599
"3525",,"10/06/25 00:00:00",,"6475",20,6813.56,0,136271.2,136271.2,0,136271.2,592,0,0,0,343,"10. OCTOBER",-1,,1,,,1,0,3880.24,0,"SUPPORT",1,,0,0,1,0,0,0,"01",0,0,1,0,6813.56,3880.24,,0,"Z001",,6813.5601
"3525",,"10/06/25 00:00:00",,"6476",29,10090.89,0,292635.81,292635.81,0,292635.81,593,0,0,0,343,"10. OCTOBER",-1,,1,,,1,0,5557.02,0,"SUPPORT",1,,0,0,1,0,0,0,"01",0,0,1,0,10090.89,5557.02,,0,"Z001",,10090.89
"3525",,"10/06/25 00:00:00",,"6477",4,17284.46,0,69137.84,69137.84,0,69137.84,594,0,0,0,343,"10. OCTOBER",-1,,1,,,1,0,10098.57,0,"SUPPORT",1,,0,0,1,0,0,0,"01",0,0,1,0,17284.46,10098.57,,0,"Z001",,17284.461
"3525",,"10/06/25 00:00:00",,"1084",1,4438.25,0,4438.25,4438.25,0,4438.25,595,0,0,0,343,"10. OCTOBER",-1,,1,,,1,0,1,0,"SUPPORT",1,,0,0,1,0,0,0,"01",0,0,1,0,4438.25,1,,0,"Z001",,4438.25
"3525",,"10/06/25 00:00:00",,"6479",2,9715.049999999999,0,19430.1,19430.1,0,19430.1,596,0,0,0,343,"10. OCTOBER",-1,,1,,,1,0,4075.98,0,"SUPPORT",1,,0,0,1,0,0,0,"01",0,0,1,0,9715.049999999999,4075.98,,0,"Z001",,9715.0498
"3525",,"10/06/25 00:00:00",,"6478",1,8084.74,0,8084.74,8084.74,0,8084.74,597,0,0,0,343,"10. OCTOBER",-1,,1,,,1,0,4056.03,0,"SUPPORT",1,,0,0,1,0,0,0,"01",0,0,1,0,8084.74,4056.03,,0,"Z001",,8084.7402
"3525",,"10/06/25 00:00:00",,"6481",2,13316.43,0,26632.86,26632.86,0,26632.86,598,0,0,0,343,"10. OCTOBER",-1,,1,,,1,0,8009.29,0,"SUPPORT",1,,0,0,1,0,0,0,"01",0,0,1,0,13316.43,8009.29,,0,"Z001",,13316.43
"3525",,"10/06/25 00:00:00",,"6483",1,28214.73,0,28214.73,28214.73,0,28214.73,599,0,0,0,343,"10. OCTOBER",-1,,1,,,1,0,15319.72,0,"SUPPORT",1,,0,0,1,0,0,0,"01",0,0,1,0,28214.73,15319.72,,0,"Z001",,28214.73
"4125",,"10/14/25 00:00:00",,"251977",1,12000,0,12000,12000,0,12000,655,0,0,0,366,"10. OCTOBER",-1,"4125",1,,,1,0,-1,0,"SUPPORT",1,,0,0,1,0,0,0,"01",0,0,1,0,12000,-1,,0,"Z001",,12000
"4125",,"10/14/25 00:00:00",,"251978",1,4700,0,4700,4700,0,4700,656,0,0,0,366,"10. OCTOBER",-1,"4125",1,,,1,0,-1,0,"SUPPORT",1,,0,0,1,0,0,0,"01",0,0,1,0,4700,-1,,0,"Z001",,4700
"4125",,"10/14/25 00:00:00",,"6229",10,900,0,9000,9000,0,9000,657,0,0,0,366,"10. OCTOBER",-1,"4125",1,,,1,0,1,0,"SUPPORT",1,,0,0,1,0,0,0,"01",0,0,1,0,900,1,,0,"Z001",,900
"5825",,"09/16/25 00:00:00",,"6471",60,2536.5,0,152190,152190,0,152190,741,0,0,0,343,"9. SEPTEMBER",-1,,1,,,1,0,1521.7,0,"SUPPORT",1,,0,0,1,0,0,0,"01",0,0,1,0,2536.5,1521.7,,0,"Z001",,2536.5
"5825",,"09/16/25 00:00:00",,"6474",60,4265.37,0,255922.2,255922.2,0,255922.2,742,0,0,0,343,"9. SEPTEMBER",-1,,1,,,1,0,2473.14,0,"SUPPORT",1,,0,0,1,0,0,0,"01",0,0,1,0,4265.37,2473.14,,0,"Z001",,4265.3701
"5825",,"09/16/25 00:00:00",,"6475",2,6813.56,0,13627.12,13627.12,0,13627.12,743,0,0,0,343,"9. SEPTEMBER",-1,,1,,,1,0,3880.24,0,"SUPPORT",1,,0,0,1,0,0,0,"01",0,0,1,0,6813.56,3880.24,,0,"Z001",,6813.5601
"5825",,"09/16/25 00:00:00",,"6476",2,10090.89,0,20181.78,20181.78,0,20181.78,744,0,0,0,343,"9. SEPTEMBER",-1,,1,,,1,0,5557.02,0,"SUPPORT",1,,0,0,1,0,0,0,"01",0,0,1,0,10090.89,5557.02,,0,"Z001",,10090.89
"5825",,"09/16/25 00:00:00",,"6477",2,17284.46,0,34568.92,34568.92,0,34568.92,745,0,0,0,343,"9. SEPTEMBER",-1,,1,,,1,0,10098.57,0,"SUPPORT",1,,0,0,1,0,0,0,"01",0,0,1,0,17284.46,10098.57,,0,"Z001",,17284.461
"5925",,"09/09/25 00:00:00",,"6474",4,4265.37,0,17061.48,17061.48,0,17061.48,746,0,0,0,343,"9. SEPTEMBER",-1,,1,,,1,0,2473.14,0,"SUPPORT",1,,0,0,1,0,0,0,"01",0,0,1,0,4265.37,2473.14,,0,"Z001",,4265.3701
"6025",,"09/25/25 00:00:00",,"5832",50,140,0,7000,7000,0,7000,747,0,0,0,346,"9. SEPTEMBER",-1,,1,,,1,0,1,0,"SUPPORT",1,,0,0,1,0,0,0,"01",0,0,1,0,140,1,,0,"Z001",,140
"6025",,"09/25/25 00:00:00",,"1674",10,2000,0,20000,20000,0,20000,749,0,0,0,346,"9. SEPTEMBER",-1,,1,,,1,0,-1,0,"SUPPORT",1,,0,0,1,0,0,0,"01",0,0,1,0,2000,-1,,0,"Z001",,2000
"5125",,"10/21/25 00:00:00",,"1342",20,15,0,300,300,0,300,700,0,0,0,370,"10. OCTOBER",-1,,1,,,1,0,-1,0,"SUPPORT",1,,0,0,1,0,0,0,"01",0,0,1,0,15,-1,,0,"Z001",,15
"9425",,"10/29/25 00:00:00",,"5817",37,7250,0,268250,268250,0,264550,975,0,0,0,10003,"10. OCTOBER",-1,"9425",1,,,1,0,1,0,"ABDUL",1,"RECEIVED 20PC BAL 17",0,0,1,0,0,0,"01",0,0,1,0,7250,1,,0,"Z001",,7150
"9525",,"11/18/25 00:00:00",,"973",8,750,0,6000,6000,0,6000,976,0,0,0,352,"11. NOVEMBER",-1,,1,,,1,0,1,0,"SAID",1,,0,0,1,0,0,0,"01",0,0,1,0,750,1,,0,"Z001",,750
"9625",,"11/06/25 00:00:00",,"898",5,25000,0,125000,125000,0,125000,977,0,0,0,10003,"11. NOVEMBER",-1,"9625",1,,,1,0,-1,0,"SAID",1,,0,0,1,0,0,0,"01",0,0,1,0,25000,-1,,0,"Z001",,25000
"9625",,"11/06/25 00:00:00",,"771",5,37000,0,185000,185000,0,185000,978,0,0,0,10003,"11. NOVEMBER",-1,"9625",1,,,1,0,1,0,"SAID",1,,0,0,1,0,0,0,"01",0,0,1,0,37000,1,,0,"Z001",,37000
"9725",,"11/03/25 00:00:00",,"252030",10,90,0.04,900,900.04,0,900.04,979,0,0,0,350,"11. NOVEMBER",-1,,1,,,1,0,-1,0,"ABDUL",1,,0,0,1,0,0,0,"01",0,0,1,0,90,-1,,0,"Z001",,90.004402
"9725",,"11/03/25 00:00:00",,"252031",10,125,0.02,1250,1250.02,0,1250.02,980,0,0,0,350,"11. NOVEMBER",-1,,1,,,1,0,-1,0,"ABDUL",1,,0,0,1,0,0,0,"01",0,0,1,0,125,-1,,0,"Z001",,125.0016
"9725",,"11/03/25 00:00:00",,"252032",10,159.99,0.04,1599.9,1599.94,0,1599.94,981,0,0,0,350,"11. NOVEMBER",-1,,1,,,1,0,-1,0,"ABDUL",1,,0,0,1,0,0,0,"01",0,0,1,0,159.99,-1,,0,"Z001",,159.9938
"9725",,"11/03/25 00:00:00",,"252033",5,400,0.01,2000,2000.01,0,2000.01,982,0,0,0,350,"11. NOVEMBER",-1,,1,,,1,0,-1,0,"ABDUL",1,,0,0,1,0,0,0,"01",0,0,1,0,400,-1,,0,"Z001",,400.00281
"9725",,"11/03/25 00:00:00",,"252034",10,200,-0.04,2000,1999.96,0,1999.96,983,0,0,0,350,"11. NOVEMBER",-1,,1,,,1,0,-1,0,"ABDUL",1,,0,0,1,0,0,0,"01",0,0,1,0,200,-1,,0,"Z001",,199.99561
"9725",,"11/03/25 00:00:00",,"252035",5,265,0.01,1325,1325.01,0,1325.01,984,0,0,0,350,"11. NOVEMBER",-1,,1,,,1,0,-1,0,"ABDUL",1,,0,0,1,0,0,0,"01",0,0,1,0,265,-1,,0,"Z001",,265.00201
"9725",,"11/03/25 00:00:00",,"252036",5,235,0.02,1175,1175.02,0,1175.02,985,0,0,0,350,"11. NOVEMBER",-1,,1,,,1,0,-1,0,"ABDUL",1,,0,0,1,0,0,0,"01",0,0,1,0,235,-1,,0,"Z001",,235.00439
"9725",,"11/03/25 00:00:00",,"252037",10,305,-0.01,3050,3049.99,0,3049.99,986,0,0,0,350,"11. NOVEMBER",-1,,1,,,1,0,-1,0,"ABDUL",1,,0,0,1,0,0,0,"01",0,0,1,0,305,-1,,0,"Z001",,304.99881
"9725",,"11/03/25 00:00:00",,"252038",5,565,0.01,2825,2825.01,0,2825.01,987,0,0,0,350,"11. NOVEMBER",-1,,1,,,1,0,-1,0,"ABDUL",1,,0,0,1,0,0,0,"01",0,0,1,0,565,-1,,0,"Z001",,565.00122
"9825",,"11/27/25 00:00:00",,"928",2,2900,0,5800,5800,0,5800,988,0,0,0,360,"11. NOVEMBER",-1,,1,,,1,0,1,0,"ABDUL",1,,0,0,1,0,0,0,"01",0,0,1,0,2900,1,,0,"Z001",,2900
"9825",,"11/27/25 00:00:00",,"924",1,6800,0,6800,6800,0,6800,989,0,0,0,360,"11. NOVEMBER",-1,,1,,,1,0,1,0,"ABDUL",1,,0,0,1,0,0,0,"01",0,0,1,0,6800,1,,0,"Z001",,6800
"9925",,"11/10/25 00:00:00",,"251952",2,971.29,0,1942.58,1942.58,0,1942.58,990,0,0,0,347,"11. NOVEMBER",-1,,1,,,1,0,1,0,"ABDUL",1,,0,0,1,0,0,0,"01",0,0,1,0,971.29,1,,0,"Z001",,971.28998
"5125",,"10/21/25 00:00:00",,"1341",50,25,0,1250,1250,0,1250,701,0,0,0,370,"10. OCTOBER",-1,,1,,,1,0,-1,0,"SUPPORT",1,,0,0,1,0,0,0,"01",0,0,1,0,25,-1,,0,"Z001",,25
"9925",,"11/10/25 00:00:00",,"251951",3,1410.17,0,4230.51,4230.51,0,4230.51,991,0,0,0,347,"11. NOVEMBER",-1,,1,,,1,0,1,0,"ABDUL",1,,0,0,1,0,0,0,"01",0,0,1,0,1410.17,1,,0,"Z001",,1410.17
"10025",,"12/02/25 00:00:00",,"944",20,220,0,4400,4400,0,4400,993,0,0,0,370,"12. DECEMBER",-1,"10025",1,,,1,0,-1,0,"SAID",1,,0,0,1,0,0,0,"01",0,0,1,0,220,-1,,0,"Z001",,220
"10125",,"12/02/25 00:00:00",,"5795",6,2527,0,15162,15162,0,15162,994,0,0,0,348,"12. DECEMBER",-1,"10125",1,,,1,0,1,0,"ABDUL",1,,0,0,1,0,0,0,"01",0,0,1,0,2527,1,,0,"Z001",,2527
"10125",,"12/02/25 00:00:00",,"5796",4,2460.5,0,9842,9842,0,9842,995,0,0,0,348,"12. DECEMBER",-1,"10125",1,,,1,0,1,0,"ABDUL",1,,0,0,1,0,0,0,"01",0,0,1,0,2460.5,1,,0,"Z001",,2460.5
"10125",,"12/02/25 00:00:00",,"252039",4,2593.5,0,10374,10374,0,10374,996,0,0,0,348,"12. DECEMBER",-1,"10125",1,,,1,0,-1,0,"ABDUL",1,,0,0,1,0,0,0,"01",0,0,1,0,2593.5,-1,,0,"Z001",,2593.5
"10225",,"12/02/25 00:00:00",,"1084",1,4350,0,4350,4350,0,4350,997,0,0,0,350,"12. DECEMBER",-1,,1,,,1,0,1,0,"ABDUL",1,,0,0,1,0,0,0,"01",0,0,1,0,4350,1,,0,"Z001",,4350
"10225",,"12/02/25 00:00:00",,"6492",1,6310,0,6310,6310,0,6310,998,0,0,0,350,"12. DECEMBER",-1,,1,,,1,0,-1,0,"ABDUL",1,,0,0,1,0,0,0,"01",0,0,1,0,6310,-1,,0,"Z001",,6310
"10225",,"12/02/25 00:00:00",,"6479",1,9920,0,9920,9920,0,9920,999,0,0,0,350,"12. DECEMBER",-1,,1,,,1,0,4075.98,0,"ABDUL",1,,0,0,1,0,0,0,"01",0,0,1,0,9920,4075.98,,0,"Z001",,9920
"10225",,"12/02/25 00:00:00",,"6030",120,80,0,9600,9600,0,9600,1000,0,0,0,350,"12. DECEMBER",-1,,1,,,1,0,1,0,"ABDUL",1,,0,0,1,0,0,0,"01",0,0,1,0,80,1,,0,"Z001",,80
"10225",,"12/02/25 00:00:00",,"6063",130,41,-0.65,5330,5329.35,0,5329.35,1001,0,0,0,350,"12. DECEMBER",-1,,1,,,1,0,1,0,"ABDUL",1,,0,0,1,0,0,0,"01",0,0,1,0,41,1,,0,"Z001",,40.994999
"10225",,"12/02/25 00:00:00",,"6505",120,64.58,0,7749.6,7749.6,0,7749.6,1002,0,0,0,350,"12. DECEMBER",-1,,1,,,1,0,1,0,"ABDUL",1,,0,0,1,0,0,0,"01",0,0,1,0,64.58,1,,0,"Z001",,64.580002
"10225",,"12/02/25 00:00:00",,"252042",50,78,0,3900,3900,0,3900,1003,0,0,0,350,"12. DECEMBER",-1,,1,,,1,0,1,0,"ABDUL",1,,0,0,1,0,0,0,"01",0,0,1,0,78,1,,0,"Z001",,78
"10225",,"12/02/25 00:00:00",,"252043",30,107,0,3210,3210,0,3210,1004,0,0,0,350,"12. DECEMBER",-1,,1,,,1,0,1,0,"ABDUL",1,,0,0,1,0,0,0,"01",0,0,1,0,107,1,,0,"Z001",,107
"10225",,"12/02/25 00:00:00",,"252044",40,130,0.05,5200,5200.05,0,5200.05,1005,0,0,0,350,"12. DECEMBER",-1,,1,,,1,0,-1,0,"ABDUL",1,,0,0,1,0,0,0,"01",0,0,1,0,130,-1,,0,"Z001",,130.00121
"10325",,"12/06/25 00:00:00",,"252045",200,37.5,0,7500,7500,0,7500,1006,0,0,0,10004,"12. DECEMBER",-1,,1,,,1,0,-1,0,"ABDUL",1,,0,0,1,0,0,0,"01",0,0,1,0,37.5,-1,,0,"Z001",,37.5
"10425",,"12/09/25 00:00:00",,"252047",5,160,0,800,800,0,800,1007,0,0,0,352,"12. DECEMBER",-1,,1,,,1,0,-1,0,"ABDUL",1,,0,0,1,0,0,0,"01",0,0,1,0,160,-1,,0,"Z001",,160
"5125",,"10/21/25 00:00:00",,"241929",30,15,0,450,450,0,450,702,0,0,0,370,"10. OCTOBER",-1,,1,,,1,0,-1,0,"SUPPORT",1,,0,0,1,0,0,0,"01",0,0,1,0,15,-1,,0,"Z001",,15
"10425",,"12/09/25 00:00:00",,"252048",5,180,0,900,900,0,900,1008,0,0,0,352,"12. DECEMBER",-1,,1,,,1,0,-1,0,"ABDUL",1,,0,0,1,0,0,0,"01",0,0,1,0,180,-1,,0,"Z001",,180
"10525",,"12/10/25 00:00:00",,"5970",150,75,0,11250,11250,0,11250,1009,0,0,0,346,"12. DECEMBER",-1,,1,,,1,0,1,0,"ABDUL",1,,0,0,1,0,0,0,"01",0,0,1,0,75,1,,0,"Z001",,75
"10525",,"12/10/25 00:00:00",,"252024",50,170,0,8500,8500,0,8500,1010,0,0,0,346,"12. DECEMBER",-1,,1,,,1,0,1,0,"ABDUL",1,,0,0,1,0,0,0,"01",0,0,1,0,170,1,,0,"Z001",,170
"10525",,"12/10/25 00:00:00",,"251991",10,170,0,1700,1700,0,1700,1011,0,0,0,346,"12. DECEMBER",-1,,1,,,1,0,1,0,"ABDUL",1,,0,0,1,0,0,0,"01",0,0,1,0,170,1,,0,"Z001",,170
"10525",,"12/10/25 00:00:00",,"836",36,230,0,8280,8280,0,8280,1012,0,0,0,346,"12. DECEMBER",-1,,1,,,1,0,1,0,"ABDUL",1,,0,0,1,0,0,0,"01",0,0,1,0,230,1,,0,"Z001",,230
"10625",,"10/30/25 00:00:00",,"252007",3,20000,0,60000,60000,0,60000,1013,0,0,0,372,"10. OCTOBER",-1,"10625",1,,,1,0,1,0,"ABDUL",1,,0,0,1,0,0,0,"01",0,0,1,0,20000,1,,0,"Z001",,20000
"10625",,"10/30/25 00:00:00",,"252004",2,22000,0,44000,44000,0,44000,1014,0,0,0,372,"10. OCTOBER",-1,"10625",1,,,1,0,1,0,"ABDUL",1,,0,0,1,0,0,0,"01",0,0,1,0,22000,1,,0,"Z001",,22000
"10625",,"10/30/25 00:00:00",,"252008",1,24500,0,24500,24500,0,24500,1015,0,0,0,372,"10. OCTOBER",-1,"10625",1,,,1,0,1,0,"ABDUL",1,,0,0,1,0,0,0,"01",0,0,1,0,24500,1,,0,"Z001",,24500
"10725",,"12/15/25 00:00:00",,"1288",2,9700,0,19400,19400,0,19400,1016,0,0,0,10005,"12. DECEMBER",-1,"10725",1,,,1,0,-1,0,"ABDUL",1,,0,0,1,0,0,0,"01",0,0,1,0,9700,-1,,0,"Z001",,9700
"10725",,"12/15/25 00:00:00",,"1471",2,10800,0,21600,21600,0,21600,1017,0,0,0,10005,"12. DECEMBER",-1,"10725",1,,,1,0,-1,0,"ABDUL",1,,0,0,1,0,0,0,"01",0,0,1,0,10800,-1,,0,"Z001",,10800
"10725",,"12/15/25 00:00:00",,"1287",2,12400,0,24800,24800,0,24800,1018,0,0,0,10005,"12. DECEMBER",-1,"10725",1,,,1,0,-1,0,"ABDUL",1,,0,0,1,0,0,0,"01",0,0,1,0,12400,-1,,0,"Z001",,12400
"10725",,"12/15/25 00:00:00",,"252049",2,13350,0,26700,26700,0,26700,1020,0,0,0,10005,"12. DECEMBER",-1,"10725",1,,,1,0,-1,0,"ABDUL",1,,0,0,1,0,0,0,"01",0,0,1,0,13350,-1,,0,"Z001",,13350
"10725",,"12/15/25 00:00:00",,"252003",2,14450,0,28900,28900,0,28900,1021,0,0,0,10005,"12. DECEMBER",-1,"10725",1,,,1,0,1,0,"ABDUL",1,,0,0,1,0,0,0,"01",0,0,1,0,14450,1,,0,"Z001",,14450
"10825",,"12/13/25 00:00:00",,"221883",1,33562.51,0,33562.51,33562.51,0,33562.51,1022,0,0,0,353,"12. DECEMBER",-1,"10825",1,,,1,0,-1,0,"ABDUL",1,,0,0,1,0,0,0,"01",0,0,1,0,33562.51,-1,,0,"Z001",,33562.512
"1725",,"11/21/25 00:00:00",,"6474",0,0,0,0,0,0,0,1023,0,0,0,0,"11. NOVEMBER",-1,,0,,,1,90,0,0,"ABDUL",0,,0,0,1,0,0,1,"01",0,0,0,0,0,0,,0,"Z001",,0
"1825",,"12/12/25 00:00:00",,"6474",0,0,0,0,0,0,0,1024,0,0,0,0,"12. DECEMBER",-1,,0,,,1,90,0,0,"ABDUL",0,,0,0,1,0,0,1,"01",0,0,0,0,0,0,,0,"Z001",,0
"8525",,"01/01/25 00:00:00",,"5969",30,13,0,390,390,0,390,931,0,0,0,353,"1. JANUARY",-1,,1,,,1,0,1,0,"SUPPORT",1,,0,0,1,0,0,0,"01",0,0,1,0,13,1,,0,"Z001",,13
"8525",,"01/01/25 00:00:00",,"5761",50,9,0,450,450,0,450,932,0,0,0,353,"1. JANUARY",-1,,1,,,1,0,1,0,"SUPPORT",1,,0,0,1,0,0,0,"01",0,0,1,0,9,1,,0,"Z001",,9
"8525",,"01/01/25 00:00:00",,"6098",20,31.69,0,633.8,633.8,0,633.8,933,0,0,0,353,"1. JANUARY",-1,,1,,,1,0,1,0,"SUPPORT",1,,0,0,1,0,0,0,"01",0,0,1,0,31.69,1,,0,"Z001",,31.690001
"8525",,"01/01/25 00:00:00",,"6414",2,230,0,460,460,0,460,934,0,0,0,353,"1. JANUARY",-1,,1,,,1,0,-1,0,"SUPPORT",1,,0,0,1,0,0,0,"01",0,0,1,0,230,-1,,0,"Z001",,230
"8525",,"01/01/25 00:00:00",,"252016",2,220,0,440,440,0,440,935,0,0,0,353,"1. JANUARY",-1,,1,,,1,0,-1,0,"SUPPORT",1,,0,0,1,0,0,0,"01",0,0,1,0,220,-1,,0,"Z001",,220
"8525",,"01/01/25 00:00:00",,"252017",3,150,0,450,450,0,450,936,0,0,0,353,"1. JANUARY",-1,,1,,,1,0,-1,0,"SUPPORT",1,,0,0,1,0,0,0,"01",0,0,1,0,150,-1,,0,"Z001",,150
"8525",,"01/01/25 00:00:00",,"252018",7,90,0,630,630,0,630,937,0,0,0,353,"1. JANUARY",-1,,1,,,1,0,-1,0,"SUPPORT",1,,0,0,1,0,0,0,"01",0,0,1,0,90,-1,,0,"Z001",,90
"8525",,"01/01/25 00:00:00",,"251967",12,150,0,1800,1800,0,1800,938,0,0,0,353,"1. JANUARY",-1,,1,,,1,0,1,0,"SUPPORT",1,,0,0,1,0,0,0,"01",0,0,1,0,150,1,,0,"Z001",,150
"8525",,"01/01/25 00:00:00",,"5956",50,10,0,500,500,0,500,939,0,0,0,353,"1. JANUARY",-1,,1,,,1,0,1,0,"SUPPORT",1,,0,0,1,0,0,0,"01",0,0,1,0,10,1,,0,"Z001",,10
"8625",,"01/02/25 00:00:00",,"914",1,19919,0,19919,19919,0,19919,940,0,0,0,353,"1. JANUARY",-1,,1,,,1,0,1,0,"SUPPORT",1,,0,0,1,0,0,0,"01",0,0,1,0,19919,1,,0,"Z001",,19919
"1625",,"11/01/25 00:00:00",,"241910",0,0,0,0,0,0,0,943,0,0,0,0,"11. NOVEMBER",-1,,0,,,1,100,0,0,"SAID",0,,0,0,1,0,0,1,"01",0,0,0,0,0,0,,0,"Z001",,0
"8825",,"10/15/25 00:00:00",,"924",2,6800,0,13600,13600,0,13600,946,0,0,0,360,"10. OCTOBER",-1,,1,,,1,0,-1,0,"SUPPORT",1,,0,0,1,0,0,0,"01",0,0,1,0,6800,-1,,0,"Z001",,6800
"8825",,"10/15/25 00:00:00",,"928",2,2900,0,5800,5800,0,5800,947,0,0,0,360,"10. OCTOBER",-1,,1,,,1,0,-1,0,"SUPPORT",1,,0,0,1,0,0,0,"01",0,0,1,0,2900,-1,,0,"Z001",,2900
"5225",,"10/20/25 00:00:00",,"6127",100,130,0,13000,13000,0,13000,703,0,0,0,346,"10. OCTOBER",-1,,1,,,1,0,1,0,"SUPPORT",1,,0,0,1,0,0,0,"01",0,0,1,0,130,1,,0,"Z001",,130
"10925",,"09/15/25 00:00:00",,"241910",20,9891.950000000001,0,197839,197839,0,174720,1025,0,0,0,10006,"9. SEPTEMBER",-1,"10925",1,,,1,0,1,0,"SAID",1,"FREIGHT",0,0,1,0,0,0,"01",0,0,1,0,9891.950000000001,1,,0,"Z001",,8736
"10925",,"09/15/25 00:00:00",,"241912",2000,66.23999999999999,0,132480,132480,0,117000,1026,0,0,0,10006,"9. SEPTEMBER",-1,"10925",1,,,1,0,1,0,"SAID",1,"FREIGHT",0,0,1,0,0,0,"01",0,0,1,0,66.23999999999999,1,,0,"Z001",,58.5
"10925",,"09/15/25 00:00:00",,"252050",1000,400.68,0,400680,400680,0,353860,1027,0,0,0,10006,"9. SEPTEMBER",-1,"10925",1,,,1,0,-1,0,"SAID",1,"FREIGHT",0,0,1,0,0,0,"01",0,0,1,0,400.68,-1,,0,"Z001",,353.85999
"10925",,"09/15/25 00:00:00",,"241911",50,657.4,0,32870,32870,0,29029,1028,0,0,0,10006,"9. SEPTEMBER",-1,"10925",1,,,1,0,-1,0,"SAID",1,"FREIGHT",0,0,1,0,0,0,"01",0,0,1,0,657.4,-1,,0,"Z001",,580.58002
"10925",,"09/15/25 00:00:00",,"252051",10,326.79,0,3267.9,3267.9,0,2886,1029,0,0,0,10006,"9. SEPTEMBER",-1,"10925",1,,,1,0,-1,0,"SAID",1,"FREIGHT",0,0,1,0,0,0,"01",0,0,1,0,326.79,-1,,0,"Z001",,288.60001
"10925",,"09/15/25 00:00:00",,"252052",120,653.5700000000001,0,78428.39999999999,78428.39999999999,0,69264,1030,0,0,0,10006,"9. SEPTEMBER",-1,"10925",1,,,1,0,-1,0,"SAID",1,"FREIGHT",0,0,1,0,0,0,"01",0,0,1,0,653.5700000000001,-1,,0,"Z001",,577.20001
"5225",,"10/20/25 00:00:00",,"251985",240,52.5,0,12600,12600,0,12600,704,0,0,0,346,"10. OCTOBER",-1,,1,,,1,0,-1,0,"SUPPORT",1,,0,0,1,0,0,0,"01",0,0,1,0,52.5,-1,,0,"Z001",,52.5
"10925",,"09/15/25 00:00:00",,"241933",20,739.61,0,14792.2,14792.2,0,13063.6,1041,0,0,0,10006,"9. SEPTEMBER",-1,"10925",1,,,1,0,-1,0,"SAID",1,"FREIGHT",0,0,1,0,0,0,"01",0,0,1,0,739.61,-1,,0,"Z001",,653.17999
"10925",,"09/15/25 00:00:00",,"251957",20,1006.71,0,20134.2,20134.2,0,17781.4,1042,0,0,0,10006,"9. SEPTEMBER",-1,"10925",1,,,1,0,1,0,"SAID",1,"FREIGHT",0,0,1,0,0,0,"01",0,0,1,0,1006.71,1,,0,"Z001",,889.07001
"10925",,"09/15/25 00:00:00",,"241931",20,1602.5,0,32050,32050,0,28304.8,1043,0,0,0,10006,"9. SEPTEMBER",-1,"10925",1,,,1,0,1,0,"SAID",1,"FREIGHT",0,0,1,0,0,0,"01",0,0,1,0,1602.5,1,,0,"Z001",,1415.24
"1925",,"10/12/25 00:00:00",,"6483",0,0,0,0,0,0,0,1045,0,0,0,0,"10. OCTOBER",-1,,0,,,1,90,0,0,"SAID",0,,0,0,1,0,0,1,"01",0,0,0,0,0,0,,0,"Z001",,0
"11025",,"12/11/25 00:00:00",,"1071",2,6600,0,13200,13200,0,13200,1046,0,0,0,368,"12. DECEMBER",-1,"11025",1,,,1,0,1,0,"ABDUL",1,,0,0,1,0,0,0,"01",0,0,1,0,6600,1,,0,"Z001",,6600
"11125",,"12/11/25 00:00:00",,"6511",15,3159.33,0,47389.95,47389.95,0,47250,1047,0,0,0,368,"12. DECEMBER",-1,,1,,,1,0,1,0,"ABDUL",1,,0,0,1,0,0,0,"01",0,0,1,0,3159.33,1,,0,"Z001",,3150
"2025",,"11/02/25 00:00:00",,"1084",0,0,0,0,0,0,0,1053,0,0,0,0,"11. NOVEMBER",-1,,0,,,1,90,0,0,"ABDUL",0,,0,0,1,0,0,1,"01",0,0,0,0,0,0,,0,"Z001",,0
"2025",,"11/02/25 00:00:00",,"787",0,0,0,0,0,0,0,1054,0,0,0,0,"11. NOVEMBER",-1,,0,,,1,90,0,0,"ABDUL",0,,0,0,1,0,0,1,"01",0,0,0,0,0,0,,0,"Z001",,0
"2025",,"11/02/25 00:00:00",,"6620",0,0,0,0,0,0,0,1055,0,0,0,0,"11. NOVEMBER",-1,,0,,,1,90,0,0,"ABDUL",0,,0,0,1,0,0,1,"01",0,0,0,0,0,0,,0,"Z001",,0
"11225","SO199373","10/31/25 00:00:00",,"252020",300,199.83,0.96,59949,59949.96,0,59949.96,1056,0,0,0,10000,"10. OCTOBER",-1,"11225",1,,,1,0,1,0,"ABDUL",1,,0,0,1,0,0,0,"01",0,0,1,0,199.83,1,,0,"Z001",,199.83321
"11325",,"12/28/25 00:00:00",,"241932",2,1500,0,3000,3000,0,3000,1057,0,0,0,353,"12. DECEMBER",-1,"11325",1,,,1,0,-1,0,"ABDUL",1,,0,0,1,0,0,0,"01",0,0,1,0,1500,0,,0,"Z001",,1500
"11325",,"12/28/25 00:00:00",,"252060",2,1200,0,2400,2400,0,2400,1058,0,0,0,353,"12. DECEMBER",-1,"11325",1,,,1,0,-1,0,"ABDUL",1,,0,0,1,0,0,0,"01",0,0,1,0,1200,0,,0,"Z001",,1200
"11325",,"12/28/25 00:00:00",,"252061",55,70,0,3850,3850,0,3850,1059,0,0,0,353,"12. DECEMBER",-1,"11325",1,,,1,0,-1,0,"ABDUL",1,,0,0,1,0,0,0,"01",0,0,1,0,70,0,,0,"Z001",,70
"11325",,"12/28/25 00:00:00",,"6229",4,625,0,2500,2500,0,2500,1060,0,0,0,353,"12. DECEMBER",-1,"11325",1,,,1,0,1,0,"ABDUL",1,,0,0,1,0,0,0,"01",0,0,1,0,625,1,,0,"Z001",,625
"11325",,"12/28/25 00:00:00",,"849",1,3600,0,3600,3600,0,3600,1061,0,0,0,353,"12. DECEMBER",-1,"11325",1,,,1,0,-1,0,"ABDUL",1,,0,0,1,0,0,0,"01",0,0,1,0,3600,0,,0,"Z001",,3600
"11325",,"12/28/25 00:00:00",,"787",1,4626,0,4626,4626,0,4626,1062,0,0,0,353,"12. DECEMBER",-1,"11325",1,,,1,0,1300,0,"ABDUL",1,,0,0,1,0,0,0,"01",0,0,1,0,4626,1300,,0,"Z001",,4626
"5225",,"10/20/25 00:00:00",,"6602",240,72.5,0,17400,17400,0,17400,705,0,0,0,346,"10. OCTOBER",-1,,1,,,1,0,1,0,"SUPPORT",1,,0,0,1,0,0,0,"01",0,0,1,0,72.5,1,,0,"Z001",,72.5
"11325",,"12/28/25 00:00:00",,"6527",1,6269,0,6269,6269,0,6269,1063,0,0,0,353,"12. DECEMBER",-1,"11325",1,,,1,0,-1,0,"ABDUL",1,,0,0,1,0,0,0,"01",0,0,1,0,6269,0,,0,"Z001",,6269
"11325",,"12/28/25 00:00:00",,"252063",10,180,0,1800,1800,0,1800,1064,0,0,0,353,"12. DECEMBER",-1,"11325",1,,,1,0,-1,0,"ABDUL",1,,0,0,1,0,0,0,"01",0,0,1,0,180,0,,0,"Z001",,180
"11325",,"12/28/25 00:00:00",,"252065",100,7,0,700,700,0,700,1066,0,0,0,353,"12. DECEMBER",-1,"11325",1,,,1,0,-1,0,"ABDUL",1,,0,0,1,0,0,0,"01",0,0,1,0,7,0,,0,"Z001",,7
"11325",,"12/28/25 00:00:00",,"252064",100,10,0,1000,1000,0,1000,1067,0,0,0,353,"12. DECEMBER",-1,"11325",1,,,1,0,-1,0,"ABDUL",1,,0,0,1,0,0,0,"01",0,0,1,0,10,0,,0,"Z001",,10
"11325",,"12/28/25 00:00:00",,"252066",100,13,0,1300,1300,0,1300,1068,0,0,0,353,"12. DECEMBER",-1,"11325",1,,,1,0,-1,0,"ABDUL",1,,0,0,1,0,0,0,"01",0,0,1,0,13,0,,0,"Z001",,13
"11325",,"12/28/25 00:00:00",,"6002",30,25,0,750,750,0,750,1069,0,0,0,353,"12. DECEMBER",-1,"11325",1,,,1,0,-1,0,"ABDUL",1,,0,0,1,0,0,0,"01",0,0,1,0,25,0,,0,"Z001",,25
"11325",,"12/28/25 00:00:00",,"6333",10,230,0,2300,2300,0,2300,1070,0,0,0,353,"12. DECEMBER",-1,"11325",1,,,1,0,1,0,"ABDUL",1,,0,0,1,0,0,0,"01",0,0,1,0,230,1,,0,"Z001",,230
"11325",,"12/28/25 00:00:00",,"6588",5,300,0,1500,1500,0,1500,1071,0,0,0,353,"12. DECEMBER",-1,"11325",1,,,1,0,-1,0,"ABDUL",1,,0,0,1,0,0,0,"01",0,0,1,0,300,0,,0,"Z001",,300
"11425",,"12/24/25 00:00:00",,"251948",8,21900,0,175200,175200,0,172000,1072,0,0,0,10007,"12. DECEMBER",-1,"11425",1,,,1,0,1,0,"ABDUL",1,,0,0,1,0,0,0,"01",0,0,1,0,21900,1,,0,"Z001",,21500
"5225",,"10/20/25 00:00:00",,"757",5,1350,0,6750,6750,0,6750,706,0,0,0,346,"10. OCTOBER",-1,,1,,,1,0,1,0,"SUPPORT",1,,0,0,1,0,0,0,"01",0,0,1,0,1350,1,,0,"Z001",,1350
"5225",,"10/20/25 00:00:00",,"251986",4,750,0,3000,3000,0,3000,707,0,0,0,346,"10. OCTOBER",-1,,1,,,1,0,-1,0,"SUPPORT",1,,0,0,1,0,0,0,"01",0,0,1,0,750,-1,,0,"Z001",,750
"5225",,"10/20/25 00:00:00",,"251988",4,900,0,3600,3600,0,3600,708,0,0,0,346,"10. OCTOBER",-1,,1,,,1,0,-1,0,"SUPPORT",1,,0,0,1,0,0,0,"01",0,0,1,0,900,-1,,0,"Z001",,900
"5225",,"10/20/25 00:00:00",,"6334",30,255,0,7650,7650,0,7650,712,0,0,0,346,"10. OCTOBER",-1,,1,,,1,0,1,0,"SUPPORT",1,,0,0,1,0,0,0,"01",0,0,1,0,255,1,,0,"Z001",,255
"5225",,"10/20/25 00:00:00",,"6338",20,100,0,2000,2000,0,2000,713,0,0,0,346,"10. OCTOBER",-1,,1,,,1,0,1,0,"SUPPORT",1,,0,0,1,0,0,0,"01",0,0,1,0,100,1,,0,"Z001",,100
"5225",,"10/20/25 00:00:00",,"251990",30,60,0,1800,1800,0,1800,714,0,0,0,346,"10. OCTOBER",-1,,1,,,1,0,-1,0,"SUPPORT",1,,0,0,1,0,0,0,"01",0,0,1,0,60,-1,,0,"Z001",,60
"5225",,"10/20/25 00:00:00",,"1400",1369,0.53,0,725.5700000000001,725.5700000000001,0,725.5700000000001,715,0,0,0,346,"10. OCTOBER",-1,,1,,,1,0,-1,0,"SUPPORT",1,,0,0,1,0,0,0,"01",0,0,1,0,0.53,-1,,0,"Z001",,0.52999997
"5225",,"10/20/25 00:00:00",,"251991",20,165,0,3300,3300,0,3300,717,0,0,0,346,"10. OCTOBER",-1,,1,,,1,0,-1,0,"SUPPORT",1,,0,0,1,0,0,0,"01",0,0,1,0,165,-1,,0,"Z001",,165
"5425",,"10/16/25 00:00:00",,"1032",25,400,0,10000,10000,0,10000,711,0,0,0,352,"10. OCTOBER",-1,,1,,,1,0,1,0,"SUPPORT",1,,0,0,1,0,0,0,"01",0,0,1,0,400,1,,0,"Z001",,400
"5325",,"10/23/25 00:00:00",,"6192",1000,3,0,3000,3000,0,3000,709,0,0,0,370,"10. OCTOBER",-1,"5325",1,,,1,0,1,0,"SUPPORT",1,,0,0,1,0,0,0,"01",0,0,1,0,3,1,,0,"Z001",,3
"5325",,"10/23/25 00:00:00",,"5956",250,16,0,4000,4000,0,4000,710,0,0,0,370,"10. OCTOBER",-1,"5325",1,,,1,0,1,0,"SUPPORT",1,,0,0,1,0,0,0,"01",0,0,1,0,16,1,,0,"Z001",,16
"5725",,"10/16/25 00:00:00",,"5757",1500,6,0,9000,9000,0,9000,740,0,0,0,358,"10. OCTOBER",-1,,1,,,1,0,1,0,"SUPPORT",1,,0,0,1,0,0,0,"01",0,0,1,0,6,1,,0,"Z001",,6
"9125",,"10/27/25 00:00:00",,"6618",1,7700,0,7700,7700,0,7700,968,0,0,0,368,"10. OCTOBER",-1,"9125",1,,,1,0,4686.86,0,"SUPPORT",1,,0,0,1,0,0,0,"01",0,0,1,0,7700,4686.86,,0,"Z001",,7700
"9125",,"10/27/25 00:00:00",,"6619",1,10200,0,10200,10200,0,10200,969,0,0,0,368,"10. OCTOBER",-1,"9125",1,,,1,0,5976.91,0,"SUPPORT",1,,0,0,1,0,0,0,"01",0,0,1,0,10200,5976.91,,0,"Z001",,10200
"9125",,"10/27/25 00:00:00",,"6620",1,16000,0,16000,16000,0,16000,970,0,0,0,368,"10. OCTOBER",-1,"9125",1,,,1,0,10508.94,0,"SUPPORT",1,,0,0,1,0,0,0,"01",0,0,1,0,16000,10508.94,,0,"Z001",,16000
"9225",,"01/02/25 00:00:00",,"6173",40,67.5,0,2700,2700,0,2700,971,0,0,0,370,"1. JANUARY",-1,"9225",1,,,1,0,1,0,"SUPPORT",1,,0,0,1,0,0,0,"01",0,0,1,0,67.5,1,,0,"Z001",,67.5
"9325",,"11/19/25 00:00:00",,"6364",30,150,0,4500,4500,0,4500,972,0,0,0,353,"11. NOVEMBER",-1,"9325",1,,,1,0,1,0,"SUPPORT",1,,0,0,1,0,0,0,"01",0,0,1,0,150,1,,0,"Z001",,150
"9025",,"11/01/25 00:00:00",,"252027",8,300,0,2400,2400,0,2400,973,0,0,0,346,"11. NOVEMBER",-1,,1,,,1,0,-1,0,"SUPPORT",1,,0,0,1,0,0,0,"01",0,0,1,0,300,-1,,0,"Z001",,300
"9025",,"11/01/25 00:00:00",,"252028",10,450,0,4500,4500,0,4500,974,0,0,0,346,"11. NOVEMBER",-1,,1,,,1,0,-1,0,"SUPPORT",1,,0,0,1,0,0,0,"01",0,0,1,0,450,-1,,0,"Z001",,450
"4425",,"10/15/25 00:00:00",,"5832",6,100,0,600,600,0,600,663,0,0,0,353,"10. OCTOBER",-1,"4425",1,,,1,0,1,0,"SUPPORT",1,,0,0,1,0,0,0,"01",0,0,1,0,100,1,,0,"Z001",,100
"6025",,"09/25/25 00:00:00",,"6336",10,300,0,3000,3000,0,3000,750,0,0,0,346,"9. SEPTEMBER",-1,,1,,,1,0,-1,0,"SUPPORT",1,,0,0,1,0,0,0,"01",0,0,1,0,300,-1,,0,"Z001",,300
"6025",,"09/25/25 00:00:00",,"252010",5,1800,0,9000,9000,0,9000,752,0,0,0,346,"9. SEPTEMBER",-1,,1,,,1,0,-1,0,"SUPPORT",1,,0,0,1,0,0,0,"01",0,0,1,0,1800,-1,,0,"Z001",,1800
"6025",,"09/25/25 00:00:00",,"1364",2,2200,0,4400,4400,0,4400,753,0,0,0,346,"9. SEPTEMBER",-1,,1,,,1,0,-1,0,"SUPPORT",1,,0,0,1,0,0,0,"01",0,0,1,0,2200,-1,,0,"Z001",,2200
"6025",,"09/25/25 00:00:00",,"6386",5,480,0,2400,2400,0,2400,754,0,0,0,346,"9. SEPTEMBER",-1,,1,,,1,0,-1,0,"SUPPORT",1,,0,0,1,0,0,0,"01",0,0,1,0,480,-1,,0,"Z001",,480
"6025",,"09/25/25 00:00:00",,"6385",5,450,0,2250,2250,0,2250,755,0,0,0,346,"9. SEPTEMBER",-1,,1,,,1,0,-1,0,"SUPPORT",1,,0,0,1,0,0,0,"01",0,0,1,0,450,-1,,0,"Z001",,450
"6025",,"09/25/25 00:00:00",,"6451",5,400,0,2000,2000,0,2000,756,0,0,0,346,"9. SEPTEMBER",-1,,1,,,1,0,-1,0,"SUPPORT",1,,0,0,1,0,0,0,"01",0,0,1,0,400,-1,,0,"Z001",,400
"6025",,"09/25/25 00:00:00",,"6365",3400,0.61,0,2074,2074,0,2074,757,0,0,0,346,"9. SEPTEMBER",-1,,1,,,1,0,-1,0,"SUPPORT",1,,0,0,1,0,0,0,"01",0,0,1,0,0.61,-1,,0,"Z001",,0.61000001
"6025",,"09/25/25 00:00:00",,"6228",12,150,0,1800,1800,0,1800,758,0,0,0,346,"9. SEPTEMBER",-1,,1,,,1,0,1,0,"SUPPORT",1,,0,0,1,0,0,0,"01",0,0,1,0,150,1,,0,"Z001",,150
"6025",,"09/25/25 00:00:00",,"857",5,150,0,750,750,0,750,759,0,0,0,346,"9. SEPTEMBER",-1,,1,,,1,0,-1,0,"SUPPORT",1,,0,0,1,0,0,0,"01",0,0,1,0,150,-1,,0,"Z001",,150
"6125",,"09/16/25 00:00:00",,"6584",20,85,0,1700,1700,0,1700,760,0,0,0,346,"9. SEPTEMBER",-1,,1,,,1,0,-1,0,"SUPPORT",1,,0,0,1,0,0,0,"01",0,0,1,0,85,-1,,0,"Z001",,85
"6125",,"09/16/25 00:00:00",,"6585",20,125,0,2500,2500,0,2500,761,0,0,0,346,"9. SEPTEMBER",-1,,1,,,1,0,-1,0,"SUPPORT",1,,0,0,1,0,0,0,"01",0,0,1,0,125,-1,,0,"Z001",,125
"6125",,"09/16/25 00:00:00",,"6586",20,160,0,3200,3200,0,3200,762,0,0,0,346,"9. SEPTEMBER",-1,,1,,,1,0,1,0,"SUPPORT",1,,0,0,1,0,0,0,"01",0,0,1,0,160,1,,0,"Z001",,160
"6125",,"09/16/25 00:00:00",,"6335",10,230,0,2300,2300,0,2300,763,0,0,0,346,"9. SEPTEMBER",-1,,1,,,1,0,-1,0,"SUPPORT",1,,0,0,1,0,0,0,"01",0,0,1,0,230,-1,,0,"Z001",,230
"6125",,"09/16/25 00:00:00",,"6587",100,135,0,13500,13500,0,13500,764,0,0,0,346,"9. SEPTEMBER",-1,,1,,,1,0,-1,0,"SUPPORT",1,,0,0,1,0,0,0,"01",0,0,1,0,135,-1,,0,"Z001",,135
"6125",,"09/16/25 00:00:00",,"6334",50,255,0,12750,12750,0,12750,765,0,0,0,346,"9. SEPTEMBER",-1,,1,,,1,0,1,0,"SUPPORT",1,,0,0,1,0,0,0,"01",0,0,1,0,255,1,,0,"Z001",,255
"6125",,"09/16/25 00:00:00",,"6602",96,64.06,0,6149.76,6149.76,0,6149.76,766,0,0,0,346,"9. SEPTEMBER",-1,,1,,,1,0,1,0,"SUPPORT",1,,0,0,1,0,0,0,"01",0,0,1,0,64.06,1,,0,"Z001",,64.059998
"6125",,"09/16/25 00:00:00",,"6333",10,230,0,2300,2300,0,2300,767,0,0,0,346,"9. SEPTEMBER",-1,,1,,,1,0,-1,0,"SUPPORT",1,,0,0,1,0,0,0,"01",0,0,1,0,230,-1,,0,"Z001",,230
"6625",,"09/25/25 00:00:00",,"6063",20,41,0,820,820,0,820,804,0,0,0,350,"9. SEPTEMBER",-1,,1,,,1,0,-1,0,"SUPPORT",1,,0,0,1,0,0,0,"01",0,0,1,0,41,-1,,0,"Z001",,41
"6625",,"09/25/25 00:00:00",,"251944",2,1835,0,3670,3670,0,3670,805,0,0,0,350,"9. SEPTEMBER",-1,,1,,,1,0,-1,0,"SUPPORT",1,,0,0,1,0,0,0,"01",0,0,1,0,1835,-1,,0,"Z001",,1835
"6625",,"09/25/25 00:00:00",,"201757",24,140,0,3360,3360,0,3360,806,0,0,0,350,"9. SEPTEMBER",-1,,1,,,1,0,-1,0,"SUPPORT",1,,0,0,1,0,0,0,"01",0,0,1,0,140,-1,,0,"Z001",,140
"6625",,"09/25/25 00:00:00",,"6471",10,2369,0,23690,23690,0,23690,807,0,0,0,350,"9. SEPTEMBER",-1,,1,,,1,0,1521.7,0,"SUPPORT",1,,0,0,1,0,0,0,"01",0,0,1,0,2369,1521.7,,0,"Z001",,2369
"6625",,"09/25/25 00:00:00",,"6474",6,3923,0,23538,23538,0,23538,808,0,0,0,350,"9. SEPTEMBER",-1,,1,,,1,0,2473.14,0,"SUPPORT",1,,0,0,1,0,0,0,"01",0,0,1,0,3923,2473.14,,0,"Z001",,3923
"6625",,"09/25/25 00:00:00",,"251946",6,705,0,4230,4230,0,4230,810,0,0,0,350,"9. SEPTEMBER",-1,,1,,,1,0,1,0,"SUPPORT",1,,0,0,1,0,0,0,"01",0,0,1,0,705,1,,0,"Z001",,705
"6625",,"09/25/25 00:00:00",,"251965",2,1060,0,2120,2120,0,2120,811,0,0,0,350,"9. SEPTEMBER",-1,,1,,,1,0,-1,0,"SUPPORT",1,,0,0,1,0,0,0,"01",0,0,1,0,1060,-1,,0,"Z001",,1060
"6625",,"09/25/25 00:00:00",,"6317",3,2920,0,8760,8760,0,8760,812,0,0,0,350,"9. SEPTEMBER",-1,,1,,,1,0,-1,0,"SUPPORT",1,,0,0,1,0,0,0,"01",0,0,1,0,2920,-1,,0,"Z001",,2920
"6625",,"09/25/25 00:00:00",,"1364",2,4520,0,9040,9040,0,9040,813,0,0,0,350,"9. SEPTEMBER",-1,,1,,,1,0,1,0,"SUPPORT",1,,0,0,1,0,0,0,"01",0,0,1,0,4520,1,,0,"Z001",,4520
"6625",,"09/25/25 00:00:00",,"1549",25,133,0,3325,3325,0,3325,814,0,0,0,350,"9. SEPTEMBER",-1,,1,,,1,0,-1,0,"SUPPORT",1,,0,0,1,0,0,0,"01",0,0,1,0,133,-1,,0,"Z001",,133
"6625",,"09/25/25 00:00:00",,"1550",25,112,0,2800,2800,0,2800,815,0,0,0,350,"9. SEPTEMBER",-1,,1,,,1,0,-1,0,"SUPPORT",1,,0,0,1,0,0,0,"01",0,0,1,0,112,-1,,0,"Z001",,112
"6625",,"09/25/25 00:00:00",,"6505",50,60,0,3000,3000,0,3000,817,0,0,0,350,"9. SEPTEMBER",-1,,1,,,1,0,-1,0,"SUPPORT",1,,0,0,1,0,0,0,"01",0,0,1,0,60,-1,,0,"Z001",,60
"6625",,"09/25/25 00:00:00",,"6346",4,323,0,1292,1292,0,1292,818,0,0,0,350,"9. SEPTEMBER",-1,,1,,,1,0,1,0,"SUPPORT",1,,0,0,1,0,0,0,"01",0,0,1,0,323,1,,0,"Z001",,323
"6725",,"09/25/25 00:00:00",,"251943",14,1300,0,18200,18200,0,18200,821,0,0,0,344,"9. SEPTEMBER",-1,,1,,,1,0,-1,0,"SUPPORT",1,,0,0,1,0,0,0,"01",0,0,1,0,1300,-1,,0,"Z001",,1300
"8025",,"09/15/25 00:00:00",,"6565",2,18000,0,36000,36000,0,36000,889,0,0,0,364,"9. SEPTEMBER",-1,,1,,,1,0,1,0,"SUPPORT",1,,0,0,1,0,0,0,"01",0,0,1,0,18000,1,,0,"Z001",,18000
"8025",,"09/15/25 00:00:00",,"6554",2,16500,0,33000,33000,0,33000,890,0,0,0,364,"9. SEPTEMBER",-1,,1,,,1,0,1,0,"SUPPORT",1,,0,0,1,0,0,0,"01",0,0,1,0,16500,1,,0,"Z001",,16500
"8525",,"01/01/25 00:00:00",,"6192",50,1.75,0,87.5,87.5,0,87.5,930,0,0,0,353,"1. JANUARY",-1,,1,,,1,0,1,0,"SUPPORT",1,,0,0,1,0,0,0,"01",0,0,1,0,1.75,1,,0,"Z001",,1.75
"7325",,"09/20/25 00:00:00",,"252009",120,192.95,0,23154,23154,0,23154,840,0,0,0,347,"9. SEPTEMBER",-1,,1,,,1,0,1,0,"SUPPORT",1,,0,0,1,0,0,0,"01",0,0,1,0,192.95,1,,0,"Z001",,192.95
"7325",,"09/20/25 00:00:00",,"252013",15,530.13,0,7951.95,7951.95,0,7951.95,841,0,0,0,347,"9. SEPTEMBER",-1,,1,,,1,0,1,0,"SUPPORT",1,,0,0,1,0,0,0,"01",0,0,1,0,530.13,1,,0,"Z001",,530.13
"7325",,"09/20/25 00:00:00",,"252014",22,655.4,0,14418.8,14418.8,0,14418.8,842,0,0,0,347,"9. SEPTEMBER",-1,,1,,,1,0,1,0,"SUPPORT",1,,0,0,1,0,0,0,"01",0,0,1,0,655.4,1,,0,"Z001",,655.40002
"7325",,"09/20/25 00:00:00",,"252015",40,345.01,0,13800.4,13800.4,0,13800.4,843,0,0,0,347,"9. SEPTEMBER",-1,,1,,,1,0,1,0,"SUPPORT",1,,0,0,1,0,0,0,"01",0,0,1,0,345.01,1,,0,"Z001",,345.01001
"7325",,"09/20/25 00:00:00",,"6505",100,84.68000000000001,0,8468,8468,0,8468,844,0,0,0,347,"9. SEPTEMBER",-1,,1,,,1,0,1,0,"SUPPORT",1,,0,0,1,0,0,0,"01",0,0,1,0,84.68000000000001,1,,0,"Z001",,84.68
"7425",,"09/30/25 00:00:00",,"251952",1,971.29,0,971.29,971.29,0,971.29,845,0,0,0,347,"9. SEPTEMBER",-1,,1,,,1,0,1,0,"SUPPORT",1,,0,0,1,0,0,0,"01",0,0,1,0,971.29,1,,0,"Z001",,971.28998
"7425",,"09/30/25 00:00:00",,"251951",1,1410.17,0,1410.17,1410.17,0,1410.17,846,0,0,0,347,"9. SEPTEMBER",-1,,1,,,1,0,-1,0,"SUPPORT",1,,0,0,1,0,0,0,"01",0,0,1,0,1410.17,-1,,0,"Z001",,1410.17
"7425",,"09/30/25 00:00:00",,"1716",1,1864,0,1864,1864,0,1864,847,0,0,0,347,"9. SEPTEMBER",-1,,1,,,1,0,-1,0,"SUPPORT",1,,0,0,1,0,0,0,"01",0,0,1,0,1864,-1,,0,"Z001",,1864
"7425",,"09/30/25 00:00:00",,"6591",1,3874.04,0,3874.04,3874.04,0,3874.04,849,0,0,0,347,"9. SEPTEMBER",-1,,1,,,1,0,1,0,"SUPPORT",1,,0,0,1,0,0,0,"01",0,0,1,0,3874.04,1,,0,"Z001",,3874.04
"7425",,"09/30/25 00:00:00",,"231902",1,5150.16,0,5150.16,5150.16,0,5150.16,850,0,0,0,347,"9. SEPTEMBER",-1,,1,,,1,0,1,0,"SUPPORT",1,,0,0,1,0,0,0,"01",0,0,1,0,5150.16,1,,0,"Z001",,5150.1602
"7425",,"09/30/25 00:00:00",,"221885",1,5613,0,5613,5613,0,5613,851,0,0,0,347,"9. SEPTEMBER",-1,,1,,,1,0,1,0,"SUPPORT",1,,0,0,1,0,0,0,"01",0,0,1,0,5613,1,,0,"Z001",,5613
"7525",,"10/08/25 00:00:00",,"211863",2,4055.36,0,8110.72,8110.72,0,8110.72,852,0,0,0,347,"10. OCTOBER",-1,,1,,,1,0,-1,0,"SUPPORT",1,,0,0,1,0,0,0,"01",0,0,1,0,4055.36,-1,,0,"Z001",,4055.3601
"7525",,"10/08/25 00:00:00",,"211864",2,5226.03,0,10452.06,10452.06,0,10452.06,853,0,0,0,347,"10. OCTOBER",-1,,1,,,1,0,-1,0,"SUPPORT",1,,0,0,1,0,0,0,"01",0,0,1,0,5226.03,-1,,0,"Z001",,5226.0298
"7525",,"10/08/25 00:00:00",,"251972",3,6189.37,0,18568.11,18568.11,0,18568.11,854,0,0,0,347,"10. OCTOBER",-1,,1,,,1,0,-1,0,"SUPPORT",1,,0,0,1,0,0,0,"01",0,0,1,0,6189.37,-1,,0,"Z001",,6189.3701
"7525",,"10/08/25 00:00:00",,"251951",2,1410.17,0,2820.34,2820.34,0,2820.34,855,0,0,0,347,"10. OCTOBER",-1,,1,,,1,0,1,0,"SUPPORT",1,,0,0,1,0,0,0,"01",0,0,1,0,1410.17,1,,0,"Z001",,1410.17
"7525",,"10/08/25 00:00:00",,"1716",2,1864,0,3728,3728,0,3728,856,0,0,0,347,"10. OCTOBER",-1,,1,,,1,0,1,0,"SUPPORT",1,,0,0,1,0,0,0,"01",0,0,1,0,1864,1,,0,"Z001",,1864
"7525",,"10/08/25 00:00:00",,"6591",2,3874.04,0,7748.08,7748.08,0,7748.08,857,0,0,0,347,"10. OCTOBER",-1,,1,,,1,0,1,0,"SUPPORT",1,,0,0,1,0,0,0,"01",0,0,1,0,3874.04,1,,0,"Z001",,3874.04
"8925",,"01/04/25 00:00:00",,"1045",1,900,0,900,900,0,900,950,0,0,0,353,"1. JANUARY",-1,,1,,,1,0,-1,0,"SUPPORT",1,,0,0,1,0,0,0,"01",0,0,1,0,900,-1,,0,"Z001",,900
"8925",,"01/04/25 00:00:00",,"221882",1,900,0,900,900,0,900,951,0,0,0,353,"1. JANUARY",-1,,1,,,1,0,-1,0,"SUPPORT",1,,0,0,1,0,0,0,"01",0,0,1,0,900,-1,,0,"Z001",,900
"9025",,"11/01/25 00:00:00",,"6584",50,85,0,4250,4250,0,4250,952,0,0,0,346,"11. NOVEMBER",-1,,1,,,1,0,1,0,"SUPPORT",1,,0,0,1,0,0,0,"01",0,0,1,0,85,1,,0,"Z001",,85
"9025",,"11/01/25 00:00:00",,"6585",50,125,0,6250,6250,0,6250,953,0,0,0,346,"11. NOVEMBER",-1,,1,,,1,0,1,0,"SUPPORT",1,,0,0,1,0,0,0,"01",0,0,1,0,125,1,,0,"Z001",,125
"9025",,"11/01/25 00:00:00",,"6586",30,160,0,4800,4800,0,4800,954,0,0,0,346,"11. NOVEMBER",-1,,1,,,1,0,1,0,"SUPPORT",1,,0,0,1,0,0,0,"01",0,0,1,0,160,1,,0,"Z001",,160
"9025",,"11/01/25 00:00:00",,"6335",30,230,0,6900,6900,0,6900,955,0,0,0,346,"11. NOVEMBER",-1,,1,,,1,0,1,0,"SUPPORT",1,,0,0,1,0,0,0,"01",0,0,1,0,230,1,,0,"Z001",,230
"9025",,"11/01/25 00:00:00",,"6390",5,500,0,2500,2500,0,2500,956,0,0,0,346,"11. NOVEMBER",-1,,1,,,1,0,-1,0,"SUPPORT",1,,0,0,1,0,0,0,"01",0,0,1,0,500,-1,,0,"Z001",,500
"9025",,"11/01/25 00:00:00",,"6291",2,850,0,1700,1700,0,1700,957,0,0,0,346,"11. NOVEMBER",-1,,1,,,1,0,-1,0,"SUPPORT",1,,0,0,1,0,0,0,"01",0,0,1,0,850,-1,,0,"Z001",,850
"9025",,"11/01/25 00:00:00",,"758",2,1550,0,3100,3100,0,3100,958,0,0,0,346,"11. NOVEMBER",-1,,1,,,1,0,-1,0,"SUPPORT",1,,0,0,1,0,0,0,"01",0,0,1,0,1550,-1,,0,"Z001",,1550
"9025",,"11/01/25 00:00:00",,"252022",2,2800,0,5600,5600,0,5600,959,0,0,0,346,"11. NOVEMBER",-1,,1,,,1,0,-1,0,"SUPPORT",1,,0,0,1,0,0,0,"01",0,0,1,0,2800,-1,,0,"Z001",,2800
"9025",,"11/01/25 00:00:00",,"875",2,850,0,1700,1700,0,1700,960,0,0,0,346,"11. NOVEMBER",-1,,1,,,1,0,1,0,"SUPPORT",1,,0,0,1,0,0,0,"01",0,0,1,0,850,1,,0,"Z001",,850
"9025",,"11/01/25 00:00:00",,"6338",20,100,0,2000,2000,0,2000,961,0,0,0,346,"11. NOVEMBER",-1,,1,,,1,0,1,0,"SUPPORT",1,,0,0,1,0,0,0,"01",0,0,1,0,100,1,,0,"Z001",,100
"9025",,"11/01/25 00:00:00",,"5970",25,75,0,1875,1875,0,1875,962,0,0,0,346,"11. NOVEMBER",-1,,1,,,1,0,-1,0,"SUPPORT",1,,0,0,1,0,0,0,"01",0,0,1,0,75,-1,,0,"Z001",,75
"9025",,"11/01/25 00:00:00",,"252025",3,800,0,2400,2400,0,2400,966,0,0,0,346,"11. NOVEMBER",-1,,1,,,1,0,-1,0,"SUPPORT",1,,0,0,1,0,0,0,"01",0,0,1,0,800,-1,,0,"Z001",,800
"9025",,"11/01/25 00:00:00",,"252026",3,900,0,2700,2700,0,2700,967,0,0,0,346,"11. NOVEMBER",-1,,1,,,1,0,-1,0,"SUPPORT",1,,0,0,1,0,0,0,"01",0,0,1,0,900,-1,,0,"Z001",,900
"6725",,"09/25/25 00:00:00",,"1521",10,1250,0,12500,12500,0,12500,822,0,0,0,344,"9. SEPTEMBER",-1,,1,,,1,0,-1,0,"SUPPORT",1,,0,0,1,0,0,0,"01",0,0,1,0,1250,-1,,0,"Z001",,1250
"6725",,"09/25/25 00:00:00",,"6118",12,275,0,3300,3300,0,3300,823,0,0,0,344,"9. SEPTEMBER",-1,,1,,,1,0,-1,0,"SUPPORT",1,,0,0,1,0,0,0,"01",0,0,1,0,275,-1,,0,"Z001",,275
"6725",,"09/25/25 00:00:00",,"252011",10,365,0,3650,3650,0,3650,824,0,0,0,344,"9. SEPTEMBER",-1,,1,,,1,0,-1,0,"SUPPORT",1,,0,0,1,0,0,0,"01",0,0,1,0,365,-1,,0,"Z001",,365
"6725",,"09/25/25 00:00:00",,"252012",10,425,0,4250,4250,0,4250,825,0,0,0,344,"9. SEPTEMBER",-1,,1,,,1,0,-1,0,"SUPPORT",1,,0,0,1,0,0,0,"01",0,0,1,0,425,-1,,0,"Z001",,425
"6725",,"09/25/25 00:00:00",,"892",3,908.33,0,2724.99,2724.99,0,2724.99,826,0,0,0,344,"9. SEPTEMBER",-1,,1,,,1,0,-1,0,"SUPPORT",1,,0,0,1,0,0,0,"01",0,0,1,0,908.33,-1,,0,"Z001",,908.33002
"6725",,"09/25/25 00:00:00",,"1082",5,750,0,3750,3750,0,3750,827,0,0,0,344,"9. SEPTEMBER",-1,,1,,,1,0,1,0,"SUPPORT",1,,0,0,1,0,0,0,"01",0,0,1,0,750,1,,0,"Z001",,750
"6725",,"09/25/25 00:00:00",,"854",4,650,0,2600,2600,0,2600,828,0,0,0,344,"9. SEPTEMBER",-1,,1,,,1,0,-1,0,"SUPPORT",1,,0,0,1,0,0,0,"01",0,0,1,0,650,-1,,0,"Z001",,650
"6825",,"09/17/25 00:00:00",,"6505",90,68.33,0,6149.7,6149.7,0,6149.7,829,0,0,0,352,"9. SEPTEMBER",-1,,1,,,1,0,1,0,"SUPPORT",1,,0,0,1,0,0,0,"01",0,0,1,0,68.33,1,,0,"Z001",,68.330002
"6825",,"09/17/25 00:00:00",,"251969",30,200,0,6000,6000,0,6000,831,0,0,0,352,"9. SEPTEMBER",-1,,1,,,1,0,1,0,"SUPPORT",1,,0,0,1,0,0,0,"01",0,0,1,0,200,1,,0,"Z001",,200
"6925",,"09/18/25 00:00:00",,"6591",8,3800,0,30400,30400,0,30400,832,0,0,0,352,"9. SEPTEMBER",-1,,1,,,1,0,-1,0,"SUPPORT",1,,0,0,1,0,0,0,"01",0,0,1,0,3800,-1,,0,"Z001",,3800
"6925",,"09/18/25 00:00:00",,"231902",4,5800,0,23200,23200,0,23200,833,0,0,0,352,"9. SEPTEMBER",-1,,1,,,1,0,-1,0,"SUPPORT",1,,0,0,1,0,0,0,"01",0,0,1,0,5800,-1,,0,"Z001",,5800
"6925",,"09/18/25 00:00:00",,"221885",4,7000,0,28000,28000,0,28000,834,0,0,0,352,"9. SEPTEMBER",-1,,1,,,1,0,-1,0,"SUPPORT",1,,0,0,1,0,0,0,"01",0,0,1,0,7000,-1,,0,"Z001",,7000
"6925",,"09/18/25 00:00:00",,"231907",4,8600,0,34400,34400,0,34400,835,0,0,0,352,"9. SEPTEMBER",-1,,1,,,1,0,-1,0,"SUPPORT",1,,0,0,1,0,0,0,"01",0,0,1,0,8600,-1,,0,"Z001",,8600
"7025",,"10/10/25 00:00:00",,"999",5,5700,0,28500,28500,0,28500,836,0,0,0,352,"10. OCTOBER",-1,"7025",1,,,1,0,1,0,"SUPPORT",1,"BENJAMIN",0,0,1,0,0,0,"01",0,0,1,0,5700,1,,0,"Z001",,5700
"7125",,"10/29/25 00:00:00",,"6466",30,250,0,7500,7500,0,7500,837,0,0,0,352,"10. OCTOBER",-1,,1,,,1,0,-1,0,"SUPPORT",1,,0,0,1,0,0,0,"01",0,0,1,0,250,-1,,0,"Z001",,250
"7225",,"10/29/25 00:00:00",,"973",10,750,0,7500,7500,0,7500,838,0,0,0,352,"10. OCTOBER",-1,,1,,,1,0,-1,0,"SUPPORT",1,,0,0,1,0,0,0,"01",0,0,1,0,750,-1,,0,"Z001",,750
"7225",,"10/29/25 00:00:00",,"251942",20,200,0,4000,4000,0,4000,839,0,0,0,352,"10. OCTOBER",-1,,1,,,1,0,1,0,"SUPPORT",1,,0,0,1,0,0,0,"01",0,0,1,0,200,1,,0,"Z001",,200
"6025",,"09/25/25 00:00:00",,"6189",20,350,0,7000,7000,0,7000,748,0,0,0,346,"9. SEPTEMBER",-1,,1,,,1,0,-1,0,"SUPPORT",1,,0,0,1,0,0,0,"01",0,0,1,0,350,-1,,0,"Z001",,350
"6225",,"09/30/25 00:00:00",,"1082",3,600,0,1800,1800,0,1800,787,0,0,0,346,"9. SEPTEMBER",-1,,1,,,1,0,-1,0,"SUPPORT",1,,0,0,1,0,0,0,"01",0,0,1,0,600,-1,,0,"Z001",,600
"6225",,"09/30/25 00:00:00",,"6589",10,570,0,5700,5700,0,5700,778,0,0,0,346,"9. SEPTEMBER",-1,,1,,,1,0,-1,0,"SUPPORT",1,,0,0,1,0,0,0,"01",0,0,1,0,570,-1,,0,"Z001",,570
"625",,"09/27/25 00:00:00",,"6616",150,120,0,18000,18000,0,18000,447,0,0,0,352,"9. SEPTEMBER",-1,"625",1,,,1,0,1,0,"SUPPORT",1,,0,0,1,0,0,0,"01",0,0,1,0,120,1,,0,"Z001",,120
"625",,"09/27/25 00:00:00",,"862",90,120,0,10800,10800,0,10800,448,0,0,0,352,"9. SEPTEMBER",-1,"625",1,,,1,0,1,0,"SUPPORT",1,,0,0,1,0,0,0,"01",0,0,1,0,120,1,,0,"Z001",,120
"625",,"09/27/25 00:00:00",,"251941",20,325,0,6500,6500,0,6500,449,0,0,0,352,"9. SEPTEMBER",-1,"625",1,,,1,0,1,0,"SUPPORT",1,,0,0,1,0,0,0,"01",0,0,1,0,325,1,,0,"Z001",,325
"625",,"09/27/25 00:00:00",,"251942",40,240,0,9600,9600,0,9600,450,0,0,0,352,"9. SEPTEMBER",-1,"625",1,,,1,0,-1,0,"SUPPORT",1,,0,0,1,0,0,0,"01",0,0,1,0,240,-1,,0,"Z001",,240
"6625",,"09/25/25 00:00:00",,"5799",2,845,0,1690,1690,0,1690,816,0,0,0,350,"9. SEPTEMBER",-1,,1,,,1,0,-1,0,"SUPPORT",1,,0,0,1,0,0,0,"01",0,0,1,0,845,-1,,0,"Z001",,845
"6825",,"09/17/25 00:00:00",,"251970",30,200,0,6000,6000,0,6000,830,0,0,0,352,"9. SEPTEMBER",-1,,1,,,1,0,1,0,"SUPPORT",1,,0,0,1,0,0,0,"01",0,0,1,0,200,1,,0,"Z001",,200
"7425",,"09/30/25 00:00:00",,"859",1,2833,0,2833,2833,0,2833,848,0,0,0,347,"9. SEPTEMBER",-1,,1,,,1,0,-1,0,"SUPPORT",1,,0,0,1,0,0,0,"01",0,0,1,0,2833,-1,,0,"Z001",,2833
"8025",,"09/15/25 00:00:00",,"251950",2,28000,0,56000,56000,0,56000,896,0,0,0,364,"9. SEPTEMBER",-1,,1,,,1,0,1,0,"SUPPORT",1,,0,0,1,0,0,0,"01",0,0,1,0,28000,1,,0,"Z001",,28000
"8025",,"09/15/25 00:00:00",,"6625",4,16000,0,64000,64000,0,64000,888,0,0,0,364,"9. SEPTEMBER",-1,,1,,,1,0,-1,0,"SUPPORT",1,,0,0,1,0,0,0,"01",0,0,1,0,16000,-1,,0,"Z001",,16000
"8325",,"09/01/25 00:00:00",,"241912",5,200,0,1000,1000,0,1000,915,0,0,0,353,"9. SEPTEMBER",-1,"8325",1,,,1,0,-1,0,"SUPPORT",1,,0,0,1,0,0,0,"01",0,0,1,0,200,-1,,0,"Z001",,200
"8525",,"01/01/25 00:00:00",,"5762",50,9,0,450,450,0,450,929,0,0,0,353,"1. JANUARY",-1,,1,,,1,0,1,0,"SUPPORT",1,,0,0,1,0,0,0,"01",0,0,1,0,9,1,,0,"Z001",,9
"8725",,"10/29/25 00:00:00",,"252020",100,199.83,0,19983,19983,0,19983,944,0,0,0,10000,"10. OCTOBER",-1,"8725",1,,,1,0,-1,0,"SAID",1,,0,0,1,0,0,0,"01",0,0,1,0,199.83,-1,,0,"Z001",,199.83
"8725",,"10/29/25 00:00:00",,"252021",37,314.7,0,11643.9,11643.9,0,11643.9,945,0,0,0,10000,"10. OCTOBER",-1,"8725",1,,,1,0,-1,0,"SAID",1,,0,0,1,0,0,0,"01",0,0,1,0,314.7,-1,,0,"Z001",,314.70001
"8925",,"01/04/25 00:00:00",,"1010",1,800,0,800,800,0,800,948,0,0,0,353,"1. JANUARY",-1,,1,,,1,0,-1,0,"SUPPORT",1,,0,0,1,0,0,0,"01",0,0,1,0,800,-1,,0,"Z001",,800
"8925",,"01/04/25 00:00:00",,"221881",1,800,0,800,800,0,800,949,0,0,0,353,"1. JANUARY",-1,,1,,,1,0,-1,0,"SUPPORT",1,,0,0,1,0,0,0,"01",0,0,1,0,800,-1,,0,"Z001",,800
"8625",,"01/02/25 00:00:00",,"787",1,4096,0,4096,4096,0,4096,941,0,0,0,353,"1. JANUARY",-1,,1,,,1,0,1300,0,"SUPPORT",1,,0,0,1,0,0,0,"01",0,0,1,0,4096,1300,,0,"Z001",,4096
"9025",,"11/01/25 00:00:00",,"252024",10,170,0,1700,1700,0,1700,963,0,0,0,346,"11. NOVEMBER",-1,,1,,,1,0,-1,0,"SUPPORT",1,,0,0,1,0,0,0,"01",0,0,1,0,170,-1,,0,"Z001",,170
"10925",,"09/15/25 00:00:00",,"241918",120,653.5700000000001,0,78428.39999999999,78428.39999999999,0,69264,1031,0,0,0,10006,"9. SEPTEMBER",-1,"10925",1,,,1,0,-1,0,"SAID",1,"FREIGHT",0,0,1,0,0,0,"01",0,0,1,0,653.5700000000001,-1,,0,"Z001",,577.20001
"10925",,"09/15/25 00:00:00",,"252053",10,5238.9,0,52389,52389,0,46267,1032,0,0,0,10006,"9. SEPTEMBER",-1,"10925",1,,,1,0,-1,0,"SAID",1,"FREIGHT",0,0,1,0,0,0,"01",0,0,1,0,5238.9,-1,,0,"Z001",,4626.7002
"10925",,"09/15/25 00:00:00",,"252054",10,5238.9,0,52389,52389,0,46267,1033,0,0,0,10006,"9. SEPTEMBER",-1,"10925",1,,,1,0,-1,0,"SAID",1,"FREIGHT",0,0,1,0,0,0,"01",0,0,1,0,5238.9,-1,,0,"Z001",,4626.7002
"10925",,"09/15/25 00:00:00",,"252055",120,83.90000000000001,0,10068,10068,0,8892,1034,0,0,0,10006,"9. SEPTEMBER",-1,"10925",1,,,1,0,-1,0,"SAID",1,"FREIGHT",0,0,1,0,0,0,"01",0,0,1,0,83.90000000000001,-1,,0,"Z001",,74.099998
"10925",,"09/15/25 00:00:00",,"252056",120,83.90000000000001,0,10068,10068,0,8892,1035,0,0,0,10006,"9. SEPTEMBER",-1,"10925",1,,,1,0,-1,0,"SAID",1,"FREIGHT",0,0,1,0,0,0,"01",0,0,1,0,83.90000000000001,-1,,0,"Z001",,74.099998
"10925",,"09/15/25 00:00:00",,"252057",240,160.25,0,38460,38460,0,33964.8,1036,0,0,0,10006,"9. SEPTEMBER",-1,"10925",1,,,1,0,-1,0,"SAID",1,"FREIGHT",0,0,1,0,0,0,"01",0,0,1,0,160.25,-1,,0,"Z001",,141.52
"10925",,"09/15/25 00:00:00",,"251938",120,1479.19,0,177502.8,177502.8,0,156760.8,1037,0,0,0,10006,"9. SEPTEMBER",-1,"10925",1,,,1,0,1,0,"SAID",1,"FREIGHT",0,0,1,0,0,0,"01",0,0,1,0,1479.19,1,,0,"Z001",,1306.34
"10925",,"09/15/25 00:00:00",,"251953",120,665.65,0,79878,79878,0,70543.2,1038,0,0,0,10006,"9. SEPTEMBER",-1,"10925",1,,,1,0,1,0,"SAID",1,"FREIGHT",0,0,1,0,0,0,"01",0,0,1,0,665.65,1,,0,"Z001",,587.85999
"10925",,"09/15/25 00:00:00",,"252058",20,3451.51,0,69030.2,69030.2,0,60963.6,1039,0,0,0,10006,"9. SEPTEMBER",-1,"10925",1,,,1,0,-1,0,"SAID",1,"FREIGHT",0,0,1,0,0,0,"01",0,0,1,0,3451.51,-1,,0,"Z001",,3048.1799
"10925",,"09/15/25 00:00:00",,"252059",20,2979,0,59580,59580,0,52617.6,1040,0,0,0,10006,"9. SEPTEMBER",-1,"10925",1,,,1,0,-1,0,"SAID",1,"FREIGHT",0,0,1,0,0,0,"01",0,0,1,0,2979,-1,,0,"Z001",,2630.8799
