MINNo,OrderNo,TDate,Item,Qnty,Price,Qnty2,Price2,VAT,GRN,LPO,Posted,Pick,Credit,UnPaid,Discount,SortOrder,Customer,RetQnty,Cash,RefNo,NetInWords,Days,Pos,ClientName,Entry,UserName,Official,JobNo,JobCard,Cancelled,B4,Curr,Company,GoodsRet,Comm,Asst,Perc,AmtRecvd,VATIncl,InvNo,InvDt,IntRef,Profit,Profit2,Other,BinLoc,IDNo,LNo,RegNo,Driver,LDate,Approved,ClientAddress,NetPrice
"2825",,"10/29/25 00:00:00","6334",1,350,0,0,0,,,0,0,0,0,0,217,341,0,1,"2825",,-1,,,6,"SAID",1,,,0,0,1,"01",0,0,,0,3900,1,"2825",,,95,0,,"Z001",,,,,,0,,350
"2825",,"10/29/25 00:00:00","6063",2,50,0,0,0,,,0,0,0,0,0,218,341,0,1,"2825",,-1,,,7,"SAID",1,,,0,0,1,"01",0,0,,0,3900,1,"2825",,,9,0,,"Z001",,,,,,0,,50
"2925",,"11/03/25 00:00:00","252003",1,28000,0,0,0,,,0,0,0,0,0,220,341,0,1,"2925",,-1,,,1,"ABDUL",1,,,0,0,1,"01",0,0,,0,88800,1,"2925",,,8000,0,,"Z001",,,,,,0,,28000
"2925",,"11/03/25 00:00:00","5817",2,10000,0,0,0,,,0,0,0,0,0,221,341,0,1,"2925",,-1,,,2,"ABDUL",1,,,0,0,1,"01",0,0,,0,88800,1,"2925",,,2706.1,0,,"Z001",,,,,,0,,10000
"2925",,"11/03/25 00:00:00","914",1,30000,0,280,0,,,0,0,0,0,0,222,341,0,1,"2925",,-1,,,3,"ABDUL",1,,,0,0,1,"01",0,0,,0,88800,1,"2925",,,10357.4,0,,"Z001",,,,,,0,,30000
"2925",,"11/03/25 00:00:00","973",1,1500,0,0,0,,,0,0,0,0,0,223,341,0,1,"2925",,-1,,,4,"ABDUL",1,,,0,0,1,"01",0,0,,0,88800,1,"2925",,,750,0,,"Z001",,,,,,0,,1500
"2925",,"11/03/25 00:00:00","241910",0,25000,20,300,0,,,0,0,0,0,0,224,341,0,1,"2925",,-1,,,5,"ABDUL",1,,,0,0,1,"01",0,0,,0,88800,1,"2925",,,0,197.8,,"Z001",,,,,,0,,25000
"2925",,"11/03/25 00:00:00","791",1,1300,0,0,0,,,0,0,0,0,0,225,341,0,1,"2925",,-1,,,6,"ABDUL",1,,,0,0,1,"01",0,0,,0,88800,1,"2925",,,675,0,,"Z001",,,,,,0,,1300
"2925",,"11/03/25 00:00:00","787",0,4300,20,100,0,,,0,0,0,0,0,226,341,0,1,"2925",,-1,,,7,"ABDUL",1,,,0,0,1,"01",0,0,,0,88800,1,"2925",,,0,54.49,,"Z001",,,,,,0,,4300
"3025",,"11/02/25 00:00:00","201725",1,9000,0,0,0,,,0,0,0,0,0,228,341,0,1,"3025",,-1,,,1,"ABDUL",1,,,0,0,1,"01",0,0,,0,46150,1,"3025",,"1246-1250",2350,0,,"Z001",,,,,,0,,9000
"3025",,"11/02/25 00:00:00","251948",1,26000,0,0,0,,,0,0,0,0,0,229,341,0,1,"3025",,-1,,,2,"ABDUL",1,,,0,0,1,"01",0,0,,0,46150,1,"3025",,"1246-1250",5000,0,,"Z001",,,,,,0,,26000
"3025",,"11/02/25 00:00:00","6385",1,650,0,0,0,,,0,0,0,0,0,230,341,0,1,"3025",,-1,,,3,"ABDUL",1,,,0,0,1,"01",0,0,,0,46150,1,"3025",,"1246-1250",200,0,,"Z001",,,,,,0,,650
"3025",,"11/02/25 00:00:00","5817",1,9500,0,0,0,,,0,0,0,0,0,231,341,0,1,"3025",,-1,,,4,"ABDUL",1,,,0,0,1,"01",0,0,,0,46150,1,"3025",,"1246-1250",2206.1,0,,"Z001",,,,,,0,,9500
"3025",,"11/02/25 00:00:00","6481",0,15500,5,200,0,,,0,0,0,0,0,233,341,0,1,"3025",,-1,,,5,"ABDUL",1,,,0,0,1,"01",0,0,,0,46150,1,"3025",,"1246-1250",0,52.04,,"Z001",,,,,,0,,15500
"3125",,"11/03/25 00:00:00","787",0,4300,35,80,0,,,0,0,0,0,0,235,10002,0,1,,,-1,,,1,"ABDUL",1,,,0,0,1,"01",0,0,,0,0,1,"3125",,,0,34.49,,"Z001",,,,,,0,,4300
"3125",,"11/03/25 00:00:00","251967",1,350,0,0,0,,,0,0,0,0,0,236,10002,0,1,,,-1,,,2,"ABDUL",1,,,0,0,1,"01",0,0,,0,0,1,"3125",,,186.11,0,,"Z001",,,,,,0,,350
"3125",,"11/03/25 00:00:00","6063",2,50,0,0,0,,,0,0,0,0,0,237,10002,0,1,,,-1,,,3,"ABDUL",1,,,0,0,1,"01",0,0,,0,0,1,"3125",,,9,0,,"Z001",,,,,,0,,50
"3225",,"11/03/25 00:00:00","251964",1,17000,0,0,0,,,0,0,0,0,0,239,356,0,1,"3225",,-1,,,1,"SAID",1,,,0,0,1,"01",0,0,,0,17000,1,"3225",,,3500,0,,"Z001",,,,,,0,,17000
"3325",,"11/03/25 00:00:00","924",1,8500,0,0,0,,,0,0,0,0,0,241,341,0,1,"3325",,-1,,,1,"SAID",1,,,0,0,1,"01",0,0,,0,8500,1,"3325",,,1700,0,,"Z001",,,,,,0,,8500
"6425",,"12/23/25 00:00:00","252049",1,21000,0,0,0,,,0,0,0,0,0,606,341,0,1,"6425",,-1,,,19,"ABDUL",1,,,0,0,1,"01",0,0,,0,147950,1,"6425",,,7650,0,,"Z001",,,,,,0,,21000
"6525",,"12/24/25 00:00:00","854",3,3500,0,0,0,,,0,0,0,0,0,609,341,0,1,"6525",,-1,,,1,"ABDUL",1,,,0,0,1,"01",0,0,,0,16250,1,"6525",,,2850,0,,"Z001",,,,,,0,,3500
"6525",,"12/24/25 00:00:00","251957",2,2000,0,0,0,,,0,0,0,0,0,610,341,0,1,"6525",,-1,,,2,"ABDUL",1,,,0,0,1,"01",0,0,,0,16250,1,"6525",,,814.63,0,,"Z001",,,,,,0,,2000
"6525",,"12/24/25 00:00:00","251969",3,500,0,0,0,,,0,0,0,0,0,611,341,0,1,"6525",,-1,,,3,"ABDUL",1,,,0,0,1,"01",0,0,,0,16250,1,"6525",,,187.5,0,,"Z001",,,,,,0,,500
"6525",,"12/24/25 00:00:00","6602",1,100,0,0,0,,,0,0,0,0,0,612,341,0,1,"6525",,-1,,,4,"ABDUL",1,,,0,0,1,"01",0,0,,0,16250,1,"6525",,,29.78,0,,"Z001",,,,,,0,,100
"6525",,"12/24/25 00:00:00","6505",1,100,0,0,0,,,0,0,0,0,0,613,341,0,1,"6525",,-1,,,5,"ABDUL",1,,,0,0,1,"01",0,0,,0,16250,1,"6525",,,29.83,0,,"Z001",,,,,,0,,100
"6525",,"12/24/25 00:00:00","1691",5,10,0,0,0,,,0,0,0,0,0,614,341,0,1,"6525",,-1,,,6,"ABDUL",1,,,0,0,1,"01",0,0,,0,16250,1,"6525",,,-215.01,0,,"Z001",,,,,,0,,10
"6625",,"12/25/25 00:00:00","1032",1,500,0,0,0,,,0,0,0,0,0,616,341,0,1,"6625",,-1,,,1,"ABDUL",1,,,0,0,1,"01",0,0,,0,2450,1,"6625",,,100,0,,"Z001",,,,,,0,,500
"6625",,"12/25/25 00:00:00","6099",1,150,0,0,0,,,0,0,0,0,0,617,341,0,1,"6625",,-1,,,2,"ABDUL",1,,,0,0,1,"01",0,0,,0,2450,1,"6625",,,65,0,,"Z001",,,,,,0,,150
"6625",,"12/25/25 00:00:00","6475",0,8500,20,90,0,,,0,0,0,0,0,618,341,0,1,"6625",,-1,,,3,"ABDUL",1,,,0,0,1,"01",0,0,,0,2450,1,"6625",,,0,14.29,,"Z001",,,,,,0,,8500
"6725",,"12/26/25 00:00:00","891",1,250,0,0,0,,,0,0,0,0,0,620,341,0,1,"6725",,-1,,,1,"ABDUL",1,,,0,0,1,"01",0,0,,0,250,1,"6725",,,100,0,,"Z001",,,,,,0,,250
"6825",,"12/27/25 00:00:00","6505",1,100,0,0,0,,,0,0,0,0,0,623,341,0,1,"6825",,-1,,,1,"ABDUL",1,,,0,0,1,"01",0,0,,0,52200,1,"6825",,,29.83,0,,"Z001",,,,,,0,,100
"6825",,"12/27/25 00:00:00","6025",1,100,0,0,0,,,0,0,0,0,0,624,341,0,1,"6825",,-1,,,2,"ABDUL",1,,,0,0,1,"01",0,0,,0,52200,1,"6825",,,38.25,0,,"Z001",,,,,,0,,100
"5725",,"12/05/25 00:00:00","6475",1,8500,0,120,0,,,0,0,0,0,0,627,10002,0,1,,,-1,,,8,"ABDUL",1,,,0,0,1,"01",0,0,,0,0,1,"5725",,,1744.08,0,,"Z001",,,,,,0,,8500
"5725",,"12/05/25 00:00:00","6474",2,4750,0,60,0,,,0,0,0,0,0,628,10002,0,1,,,-1,,,9,"ABDUL",1,,,0,0,1,"01",0,0,,0,0,1,"5725",,,494.09,0,,"Z001",,,,,,0,,4750
"5725",,"12/05/25 00:00:00","6030",1,100,0,0,0,,,0,0,0,0,0,629,10002,0,1,,,-1,,,10,"ABDUL",1,,,0,0,1,"01",0,0,,0,0,1,"5725",,,20,0,,"Z001",,,,,,0,,100
"5725",,"12/05/25 00:00:00","251946",1,1100,0,0,0,,,0,0,0,0,0,631,10002,0,1,,,-1,,,11,"ABDUL",1,,,0,0,1,"01",0,0,,0,0,1,"5725",,,275.42,0,,"Z001",,,,,,0,,1100
"6925",,"12/31/25 00:00:00","6471",4,2950,0,233.33333,0,,,0,0,0,0,0,634,355,0,1,,,-1,,,1,"ABDUL",1,,,0,0,1,"01",0,0,,0,0,1,"6925",,,420.42,0,,"Z001",,,,,,0,,2950
"7225",,"12/29/25 00:00:00","973",1,1500,0,0,0,,,0,0,0,0,0,650,341,0,1,"7225",,-1,,,1,"SAID",1,,,0,0,1,"01",0,0,,0,14300,1,"7225",,,750,0,,"Z001",,,,,,0,,1500
"3725",,"11/15/25 00:00:00","6098",1,50,0,0,0,,,0,0,0,0,0,266,10002,0,1,,,-1,,,12,"SAID",1,,,0,0,1,"01",0,0,,0,0,1,"3725",,,22.45,0,,"Z001",,,,,,0,,50
"3725",,"11/15/25 00:00:00","6173",2,80,0,0,0,,,0,0,0,0,0,267,10002,0,1,,,-1,,,13,"SAID",1,,,0,0,1,"01",0,0,,0,0,1,"3725",,,-10,0,,"Z001",,,,,,0,,80
"3725",,"11/15/25 00:00:00","6338",1,150,0,0,0,,,0,0,0,0,0,268,10002,0,1,,,-1,,,14,"SAID",1,,,0,0,1,"01",0,0,,0,0,1,"3725",,,50,0,,"Z001",,,,,,0,,150
"3725",,"11/15/25 00:00:00","5797",1,2500,0,0,0,,,0,0,0,0,0,269,10002,0,1,,,-1,,,15,"SAID",1,,,0,0,1,"01",0,0,,0,0,1,"3725",,,1444.25,0,,"Z001",,,,,,0,,2500
"3125",,"11/03/25 00:00:00","5970",2,100,0,0,0,,,0,0,0,0,0,272,10002,0,1,,,-1,,,4,"ABDUL",1,,,0,0,1,"01",0,0,,0,0,1,"3125",,,25,0,,"Z001",,,,,,0,,100
"3725",,"11/15/25 00:00:00","6334",2,350,0,0,0,,,0,0,0,0,0,263,10002,0,1,,,-1,,,9,"SAID",1,,,0,0,1,"01",0,0,,0,0,1,"3725",,,95,0,,"Z001",,,,,,0,,350
"225",,"09/28/25 00:00:00","771",1,50000,0,0,0,,,0,0,0,0,0,4,341,0,1,"225",,-1,,,1,"ADMIN",1,,,0,0,1,"01",0,0,,0,52000,1,"225",,,16000,0,,"Z001",,,,,,0,,50000
"2025",,"10/23/25 00:00:00","6030",2,100,0,0,0,,,0,0,0,0,0,152,355,0,1,,,-1,,,5,"ABDUL",1,,,0,0,1,"01",0,0,,0,0,1,"2025",,,20,0,,"Z001",,,,,,0,,100
"1125",,"09/27/25 00:00:00","6192",30,20,0,0,0,,,0,0,0,0,0,65,341,0,1,"1125",,-1,,,18,"SAID",1,,,0,0,1,"01",0,0,,0,52450,1,"1125",,,18.25,0,,"Z001",,,,,,0,,20
"3025",,"11/02/25 00:00:00","6334",2,350,0,0,0,,,0,0,0,0,0,276,341,0,1,"3025",,-1,,,6,"ABDUL",1,,,0,0,1,"01",0,0,,0,46150,1,"3025",,"1246-1250",95,0,,"Z001",,,,,,0,,350
"3825",,"11/21/25 00:00:00","6063",2,50,0,100,0,,,0,0,0,0,0,279,341,0,1,,,-1,,,2,"ABDUL",1,,,0,0,1,"01",0,0,,0,0,1,"3825",,"1251 - 1272",9,0,,"Z001",,,,,,0,,50
"3925",,"11/22/25 00:00:00","6307",1,1200,0,0,0,,,0,0,0,0,0,363,341,0,1,,,-1,,,40,"ABDUL",1,,,0,0,1,"01",0,0,,0,0,1,"3925",,"1273  -  1301",400,0,,"Z001",,,,,,0,,1200
"3925",,"11/22/25 00:00:00","6296",3,116.66666,0,0,0,,,0,0,0,0,0,364,341,0,1,,,-1,,,41,"ABDUL",1,,,0,0,1,"01",0,0,,0,0,1,"3925",,"1273  -  1301",40.67,0,,"Z001",,,,,,0,,116.66666
"3925",,"11/22/25 00:00:00","5832",1,300,0,0,0,,,0,0,0,0,0,365,341,0,1,,,-1,,,42,"ABDUL",1,,,0,0,1,"01",0,0,,0,0,1,"3925",,"1273  -  1301",167.92,0,,"Z001",,,,,,0,,300
"3925",,"11/22/25 00:00:00","252028",2,200,0,0,0,,,0,0,0,0,0,366,341,0,1,,,-1,,,43,"ABDUL",1,,,0,0,1,"01",0,0,,0,0,1,"3925",,"1273  -  1301",-250,0,,"Z001",,,,,,0,,200
"3925",,"11/22/25 00:00:00","962",1,450,0,0,0,,,0,0,0,0,0,367,341,0,1,,,-1,,,44,"ABDUL",1,,,0,0,1,"01",0,0,,0,0,1,"3925",,"1273  -  1301",-4.36,0,,"Z001",,,,,,0,,450
"3925",,"11/22/25 00:00:00","6025",2,75,0,0,0,,,0,0,0,0,0,368,341,0,1,,,-1,,,45,"ABDUL",1,,,0,0,1,"01",0,0,,0,0,1,"3925",,"1273  -  1301",13.25,0,,"Z001",,,,,,0,,75
"3925",,"11/22/25 00:00:00","6332",1,300,0,0,0,,,0,0,0,0,0,369,341,0,1,,,-1,,,46,"ABDUL",1,,,0,0,1,"01",0,0,,0,0,1,"3925",,"1273  -  1301",110,0,,"Z001",,,,,,0,,300
"3925",,"11/22/25 00:00:00","5969",1,30,0,0,0,,,0,0,0,0,0,370,341,0,1,,,-1,,,47,"ABDUL",1,,,0,0,1,"01",0,0,,0,0,1,"3925",,"1273  -  1301",13.89,0,,"Z001",,,,,,0,,30
"4225",,"11/28/25 00:00:00","252027",1,500,0,0,0,,,0,0,0,0,0,372,341,0,1,,,-1,,,1,"ABDUL",1,,,0,0,1,"01",0,0,,0,0,1,"4225",,,200,0,,"Z001",,,,,,0,,500
"4225",,"11/28/25 00:00:00","6505",3,100,0,0,0,,,0,0,0,0,0,373,341,0,1,,,-1,,,2,"ABDUL",1,,,0,0,1,"01",0,0,,0,0,1,"4225",,,26.59,0,,"Z001",,,,,,0,,100
"4225",,"11/28/25 00:00:00","251942",3,333.32999,0,0,0,,,0,0,0,0,0,374,341,0,1,,,-1,,,3,"ABDUL",1,,,0,0,1,"01",0,0,,0,0,1,"4225",,,107.12,0,,"Z001",,,,,,0,,333.32999
"4225",,"11/28/25 00:00:00","6338",1,150,0,0,0,,,0,0,0,0,0,376,341,0,1,,,-1,,,4,"ABDUL",1,,,0,0,1,"01",0,0,,0,0,1,"4225",,,50,0,,"Z001",,,,,,0,,150
"4325",,"12/03/25 00:00:00","6620",0,20000,11,250,0,,,0,0,0,0,0,380,10002,0,1,,,-1,,,1,"ABDUL",1,,,0,0,1,"01",0,0,,0,0,1,"4325",,,0,72.22,,"Z001",,,,,,0,,20000
"4325",,"12/03/25 00:00:00","6332",1,350,0,0,0,,,0,0,0,0,0,381,10002,0,1,,,-1,,,2,"ABDUL",1,,,0,0,1,"01",0,0,,0,0,1,"4325",,,160,0,,"Z001",,,,,,0,,350
"4325",,"12/03/25 00:00:00","787",0,4300,9,80,0,,,0,0,0,0,0,382,10002,0,1,,,-1,,,3,"ABDUL",1,,,0,0,1,"01",0,0,,0,0,1,"4325",,,0,34.49,,"Z001",,,,,,0,,4300
"4325",,"12/03/25 00:00:00","5795",4,3500,0,0,0,,,0,0,0,0,0,384,10002,0,1,,,-1,,,4,"ABDUL",1,,,0,0,1,"01",0,0,,0,0,1,"4325",,,1018.13,0,,"Z001",,,,,,0,,3500
"4325",,"12/03/25 00:00:00","6399",1,170,0,0,0,,,0,0,0,0,0,386,10002,0,1,,,-1,,,5,"ABDUL",1,,,0,0,1,"01",0,0,,0,0,1,"4325",,,60,0,,"Z001",,,,,,0,,170
"4325",,"12/03/25 00:00:00","251982",2,150,0,0,0,,,0,0,0,0,0,387,10002,0,1,,,-1,,,6,"ABDUL",1,,,0,0,1,"01",0,0,,0,0,1,"4325",,,60,0,,"Z001",,,,,,0,,150
"4325",,"12/03/25 00:00:00","6030",1,100,0,0,0,,,0,0,0,0,0,388,10002,0,1,,,-1,,,7,"ABDUL",1,,,0,0,1,"01",0,0,,0,0,1,"4325",,,20,0,,"Z001",,,,,,0,,100
"3425",,"11/03/25 00:00:00","924",1,8500,0,0,0,,,0,0,0,0,0,243,367,0,1,,,-1,,,1,"SAID",1,,,0,0,1,"01",0,0,,0,0,1,"3425",,,1700,0,,"Z001",,,,,,0,,8500
"3525",,"11/04/25 00:00:00","973",5,1500,0,0,0,,,0,0,0,0,0,245,341,0,1,"3525",,-1,,"AUSTINE",1,"SAID",1,,,0,0,1,"01",0,0,,0,13750,1,"3525",,,750,0,,"Z001",,,,,,0,,1500
"3525",,"11/04/25 00:00:00","6173",15,90,0,0,0,,,0,0,0,0,0,246,341,0,1,"3525",,-1,,"AUSTINE",2,"SAID",1,,,0,0,1,"01",0,0,,0,13750,1,"3525",,,0,0,,"Z001",,,,,,0,,90
"3525",,"11/04/25 00:00:00","6030",3,100,0,0,0,,,0,0,0,0,0,247,341,0,1,"3525",,-1,,"AUSTINE",3,"SAID",1,,,0,0,1,"01",0,0,,0,13750,1,"3525",,,20,0,,"Z001",,,,,,0,,100
"3525",,"11/04/25 00:00:00","6471",1,2800,0,40,0,,,0,0,0,0,0,248,341,0,1,"3525",,-1,,"AUSTINE",4,"SAID",1,,,0,0,1,"01",0,0,,0,13750,1,"3525",,,270.42,0,,"Z001",,,,,,0,,2800
"3525",,"11/04/25 00:00:00","1045",1,1500,0,34,0,,,0,0,0,0,0,249,341,0,1,"3525",,-1,,"AUSTINE",5,"SAID",1,,,0,0,1,"01",0,0,,0,13750,1,"3525",,,600,0,,"Z001",,,,,,0,,1500
"3525",,"11/04/25 00:00:00","251966",1,300,0,0,0,,,0,0,0,0,0,250,341,0,1,"3525",,-1,,"AUSTINE",6,"SAID",1,,,0,0,1,"01",0,0,,0,13750,1,"3525",,,120,0,,"Z001",,,,,,0,,300
"3625",,"11/11/25 00:00:00","993",0,12300,50,250,0,,,0,0,0,0,0,252,356,0,1,,,-1,,,1,"ABDUL",1,,,0,0,1,"01",0,0,,0,0,1,"3625",,,0,250,,"Z001",,,,,,0,,12300
"3625",,"11/11/25 00:00:00","251938",1,2300,0,0,0,,,0,0,0,0,0,253,356,0,1,,,-1,,,2,"ABDUL",1,,,0,0,1,"01",0,0,,0,0,1,"3625",,,794.33,0,,"Z001",,,,,,0,,2300
"3725",,"11/15/25 00:00:00","6474",3,4600,0,60,0,,,0,0,0,0,0,255,10002,0,1,,,-1,,,1,"SAID",1,,,0,0,1,"01",0,0,,0,0,1,"3725",,,344.09,0,,"Z001",,,,,,0,,4600
"3725",,"11/15/25 00:00:00","6471",3,2800,0,40,0,,,0,0,0,0,0,256,10002,0,1,,,-1,,,2,"SAID",1,,,0,0,1,"01",0,0,,0,0,1,"3725",,,270.42,0,,"Z001",,,,,,0,,2800
"3725",,"11/15/25 00:00:00","944",8,300,0,0,0,,,0,0,0,0,0,257,10002,0,1,,,-1,,,3,"SAID",1,,,0,0,1,"01",0,0,,0,0,1,"3725",,,80,0,,"Z001",,,,,,0,,300
"3725",,"11/15/25 00:00:00","241929",42,20,0,0,0,,,0,0,0,0,0,258,10002,0,1,,,-1,,,4,"SAID",1,,,0,0,1,"01",0,0,,0,0,1,"3725",,,12.59,0,,"Z001",,,,,,0,,20
"3725",,"11/15/25 00:00:00","1342",8,300,0,0,0,,,0,0,0,0,0,259,10002,0,1,,,-1,,,5,"SAID",1,,,0,0,1,"01",0,0,,0,0,1,"3725",,,285,0,,"Z001",,,,,,0,,300
"3725",,"11/15/25 00:00:00","6619",0,8500,3,200,0,,,0,0,0,0,0,260,10002,0,1,,,-1,,,6,"SAID",1,,,0,0,1,"01",0,0,,0,0,1,"3725",,,0,200,,"Z001",,,,,,0,,8500
"3725",,"11/15/25 00:00:00","6272",20,15,0,0,0,,,0,0,0,0,0,261,10002,0,1,,,-1,,,7,"SAID",1,,,0,0,1,"01",0,0,,0,0,1,"3725",,,9,0,,"Z001",,,,,,0,,15
"3725",,"11/15/25 00:00:00","787",0,4300,2.5,90,0,,,0,0,0,0,0,262,10002,0,1,,,-1,,,8,"SAID",1,,,0,0,1,"01",0,0,,0,0,1,"3725",,,0,44.49,,"Z001",,,,,,0,,4300
"3725",,"11/15/25 00:00:00","6100",12,10,0,0,0,,,0,0,0,0,0,264,10002,0,1,,,-1,,,10,"SAID",1,,,0,0,1,"01",0,0,,0,0,1,"3725",,,5,0,,"Z001",,,,,,0,,10
"3725",,"11/15/25 00:00:00","6063",1,50,0,0,0,,,0,0,0,0,0,265,10002,0,1,,,-1,,,11,"SAID",1,,,0,0,1,"01",0,0,,0,0,1,"3725",,,9,0,,"Z001",,,,,,0,,50
"2625",,"10/14/25 00:00:00","6481",0,20000,1,200,0,,,0,0,0,0,0,195,341,0,1,"2625",,-1,,,4,"SAID",1,,,0,0,1,"01",0,0,,0,1500,1,"2625",,"1225/6/7/8",0,200,,"Z001",,,,,,0,,20000
"2625",,"10/14/25 00:00:00","5956",1,50,0,0,0,,,0,0,0,0,0,196,341,0,1,"2625",,-1,,,5,"SAID",1,,,0,0,1,"01",0,0,,0,1500,1,"2625",,"1225/6/7/8",40,0,,"Z001",,,,,,0,,50
"2625",,"10/14/25 00:00:00","6333",1,300,0,0,0,,,0,0,0,0,0,197,341,0,1,"2625",,-1,,,6,"SAID",1,,,0,0,1,"01",0,0,,0,1500,1,"2625",,"1225/6/7/8",70,0,,"Z001",,,,,,0,,300
"2625",,"10/14/25 00:00:00","251967",1,250,0,0,0,,,0,0,0,0,0,198,341,0,1,"2625",,-1,,,7,"SAID",1,,,0,0,1,"01",0,0,,0,1500,1,"2625",,"1225/6/7/8",75,0,,"Z001",,,,,,0,,250
"2725",,"10/29/25 00:00:00","6365",100,1,0,0,0,,,0,0,0,0,0,200,341,0,1,"2725",,-1,,,1,"SAID",1,,,0,0,1,"01",0,0,,0,10250,1,"2725",,"1233-1240",0.39,0,,"Z001",,,,,,0,,1
"2725",,"10/29/25 00:00:00","251942",1,350,0,0,0,,,0,0,0,0,0,201,341,0,1,"2725",,-1,,,2,"SAID",1,,,0,0,1,"01",0,0,,0,10250,1,"2725",,"1233-1240",123.79,0,,"Z001",,,,,,0,,350
"2725",,"10/29/25 00:00:00","6471",2,2650,0,40,0,,,0,0,0,0,0,202,341,0,1,"2725",,-1,,,3,"SAID",1,,,0,0,1,"01",0,0,,0,10250,1,"2725",,"1233-1240",120.42,0,,"Z001",,,,,,0,,2650
"2725",,"10/29/25 00:00:00","6616",1,200,0,0,0,,,0,0,0,0,0,203,341,0,1,"2725",,-1,,,4,"SAID",1,,,0,0,1,"01",0,0,,0,10250,1,"2725",,"1233-1240",67.90000000000001,0,,"Z001",,,,,,0,,200
"2725",,"10/29/25 00:00:00","6334",1,350,0,0,0,,,0,0,0,0,0,204,341,0,1,"2725",,-1,,,5,"SAID",1,,,0,0,1,"01",0,0,,0,10250,1,"2725",,"1233-1240",95,0,,"Z001",,,,,,0,,350
"2725",,"10/29/25 00:00:00","862",3,200,0,0,0,,,0,0,0,0,0,205,341,0,1,"2725",,-1,,,6,"SAID",1,,,0,0,1,"01",0,0,,0,10250,1,"2725",,"1233-1240",80,0,,"Z001",,,,,,0,,200
"2725",,"10/29/25 00:00:00","251946",1,1150,0,0,0,,,0,0,0,0,0,206,341,0,1,"2725",,-1,,,7,"SAID",1,,,0,0,1,"01",0,0,,0,10250,1,"2725",,"1233-1240",325.42,0,,"Z001",,,,,,0,,1150
"2725",,"10/29/25 00:00:00","1032",4,500,0,0,0,,,0,0,0,0,0,207,341,0,1,"2725",,-1,,,8,"SAID",1,,,0,0,1,"01",0,0,,0,10250,1,"2725",,"1233-1240",100,0,,"Z001",,,,,,0,,500
"2725",,"10/29/25 00:00:00","6505",2,100,0,0,0,,,0,0,0,0,0,208,341,0,1,"2725",,-1,,,9,"SAID",1,,,0,0,1,"01",0,0,,0,10250,1,"2725",,"1233-1240",26.59,0,,"Z001",,,,,,0,,100
"2825",,"10/29/25 00:00:00","251946",1,1200,0,0,0,,,0,0,0,0,0,212,341,0,1,"2825",,-1,,,1,"SAID",1,,,0,0,1,"01",0,0,,0,3900,1,"2825",,,375.42,0,,"Z001",,,,,,0,,1200
"2825",,"10/29/25 00:00:00","6338",1,150,0,0,0,,,0,0,0,0,0,213,341,0,1,"2825",,-1,,,2,"SAID",1,,,0,0,1,"01",0,0,,0,3900,1,"2825",,,50,0,,"Z001",,,,,,0,,150
"2825",,"10/29/25 00:00:00","5799",1,1200,0,0,0,,,0,0,0,0,0,214,341,0,1,"2825",,-1,,,3,"SAID",1,,,0,0,1,"01",0,0,,0,3900,1,"2825",,,68.89,0,,"Z001",,,,,,0,,1200
"2825",,"10/29/25 00:00:00","1032",1,500,0,0,0,,,0,0,0,0,0,215,341,0,1,"2825",,-1,,,4,"SAID",1,,,0,0,1,"01",0,0,,0,3900,1,"2825",,,100,0,,"Z001",,,,,,0,,500
"2825",,"10/29/25 00:00:00","6587",2,200,0,0,0,,,0,0,0,0,0,216,341,0,1,"2825",,-1,,,5,"SAID",1,,,0,0,1,"01",0,0,,0,3900,1,"2825",,,65,0,,"Z001",,,,,,0,,200
"1225",,"09/25/25 00:00:00","201725",2,8500,0,0,0,,,0,0,0,0,0,71,341,0,1,,,-1,,,3,"ADMIN",1,,,0,0,1,"01",0,0,,0,0,1,"1225",,"1204/5/6/8/10",1850,0,,"Z001",,,,,,0,,8500
"1225",,"09/25/25 00:00:00","6616",1,200,0,0,0,,,0,0,0,0,0,72,341,0,1,,,-1,,,4,"ADMIN",1,,,0,0,1,"01",0,0,,0,0,1,"1225",,"1204/5/6/8/10",200,0,,"Z001",,,,,,0,,200
"1225",,"09/25/25 00:00:00","251970",2,150,0,0,0,,,0,0,0,0,0,73,341,0,1,,,-1,,,5,"ADMIN",1,,,0,0,1,"01",0,0,,0,0,1,"1225",,"1204/5/6/8/10",-50,0,,"Z001",,,,,,0,,150
"1225",,"09/25/25 00:00:00","6505",1,300,0,0,0,,,0,0,0,0,0,74,341,0,1,,,-1,,,6,"ADMIN",1,,,0,0,1,"01",0,0,,0,0,1,"1225",,"1204/5/6/8/10",226.59,0,,"Z001",,,,,,0,,300
"1225",,"09/25/25 00:00:00","251942",2,350,0,0,0,,,0,0,0,0,0,75,341,0,1,,,-1,,,7,"ADMIN",1,,,0,0,1,"01",0,0,,0,0,1,"1225",,"1204/5/6/8/10",350,0,,"Z001",,,,,,0,,350
"1225",,"09/25/25 00:00:00","6585",2,160,0,0,0,,,0,0,0,0,0,76,341,0,1,,,-1,,,8,"ADMIN",1,,,0,0,1,"01",0,0,,0,0,1,"1225",,"1204/5/6/8/10",35,0,,"Z001",,,,,,0,,160
"1225",,"09/25/25 00:00:00","6587",3,200,0,0,0,,,0,0,0,0,0,77,341,0,1,,,-1,,,9,"ADMIN",1,,,0,0,1,"01",0,0,,0,0,1,"1225",,"1204/5/6/8/10",65,0,,"Z001",,,,,,0,,200
"1225",,"09/25/25 00:00:00","6586",1,200,0,0,0,,,0,0,0,0,0,78,341,0,1,,,-1,,,10,"ADMIN",1,,,0,0,1,"01",0,0,,0,0,1,"1225",,"1204/5/6/8/10",40,0,,"Z001",,,,,,0,,200
"1225",,"09/25/25 00:00:00","6338",1,150,0,0,0,,,0,0,0,0,0,79,341,0,1,,,-1,,,11,"ADMIN",1,,,0,0,1,"01",0,0,,0,0,1,"1225",,"1204/5/6/8/10",50,0,,"Z001",,,,,,0,,150
"1325",,"10/07/25 00:00:00","5797",1,2000,0,0,0,,,0,0,0,0,0,81,341,0,1,"1325",,-1,,,1,"ADMIN",1,,,0,0,1,"01",0,0,,0,4550,1,"1325",,"1215/13/16/17/18/20",944.25,0,,"Z001",,,,,,0,,2000
"1325",,"10/07/25 00:00:00","6338",2,150,0,0,0,,,0,0,0,0,0,82,341,0,1,"1325",,-1,,,2,"ADMIN",1,,,0,0,1,"01",0,0,,0,4550,1,"1325",,"1215/13/16/17/18/20",50,0,,"Z001",,,,,,0,,150
"1325",,"10/07/25 00:00:00","6505",1,100,0,0,0,,,0,0,0,0,0,83,341,0,1,"1325",,-1,,,3,"ADMIN",1,,,0,0,1,"01",0,0,,0,4550,1,"1325",,"1215/13/16/17/18/20",26.59,0,,"Z001",,,,,,0,,100
"1325",,"10/07/25 00:00:00","251942",2,300,0,0,0,,,0,0,0,0,0,84,341,0,1,"1325",,-1,,,4,"ADMIN",1,,,0,0,1,"01",0,0,,0,4550,1,"1325",,"1215/13/16/17/18/20",60,0,,"Z001",,,,,,0,,300
"1325",,"10/07/25 00:00:00","5832",1,250,0,0,0,,,0,0,0,0,0,85,341,0,1,"1325",,-1,,,5,"ADMIN",1,,,0,0,1,"01",0,0,,0,4550,1,"1325",,"1215/13/16/17/18/20",114.29,0,,"Z001",,,,,,0,,250
"1325",,"10/07/25 00:00:00","241912",3,300,0,0,0,,,0,0,0,0,0,86,341,0,1,"1325",,-1,,,6,"ADMIN",1,,,0,0,1,"01",0,0,,0,4550,1,"1325",,"1215/13/16/17/18/20",233.43,0,,"Z001",,,,,,0,,300
"1325",,"10/07/25 00:00:00","6063",2,50,0,0,0,,,0,0,0,0,0,87,341,0,1,"1325",,-1,,,7,"ADMIN",1,,,0,0,1,"01",0,0,,0,4550,1,"1325",,"1215/13/16/17/18/20",9,0,,"Z001",,,,,,0,,50
"1325",,"10/07/25 00:00:00","6358",1,300,0,0,0,,,0,0,0,0,0,88,341,0,1,"1325",,-1,,,8,"ADMIN",1,,,0,0,1,"01",0,0,,0,4550,1,"1325",,"1215/13/16/17/18/20",180,0,,"Z001",,,,,,0,,300
"125",,"09/23/25 00:00:00","5817",2,11000,0,0,0,,,0,0,0,0,0,1,341,0,1,"125",,-1,,,1,"ADMIN",1,,,0,0,1,"01",0,0,,0,45000,1,"125",,"1201",3300,0,,"Z001",,,,,,0,,11000
"225",,"09/28/25 00:00:00","251944",1,2000,0,0,0,,,0,0,0,0,0,5,341,0,1,"225",,-1,,,2,"ADMIN",1,,,0,0,1,"01",0,0,,0,52000,1,"225",,,165,0,,"Z001",,,,,,0,,2000
"325",,"09/24/25 00:00:00","6334",2,300,0,0,0,,,0,0,0,0,0,7,341,0,1,"325",,-1,,,1,"NASSOR ",1,,,0,0,1,"01",0,0,,0,600,1,"325",,"1202",45,0,,"Z001",,,,,,0,,300
"425",,"09/30/25 00:00:00","6477",0,20000,40,270,0,,,0,0,0,0,0,9,341,0,1,"425",,-1,,,1,"ADMIN",1,,,0,0,1,"01",0,0,,0,10800,1,"425",,,0,270,,"Z001",,,,,,0,,20000
"525",,"09/30/25 00:00:00","6474",4,4500,0,51.111111,0,,,0,0,0,0,0,11,355,0,1,"10,7.5,6.5",,-1,,,1,"ADMIN",1,,,0,0,1,"01",0,0,,0,24000,1,"525",,,263.98,0,,"Z001",,,,,,0,,4500
"525",,"09/30/25 00:00:00","6130",1,6500,0,0,0,,,0,0,0,0,0,12,355,0,1,"10,7.5,6.5",,-1,,,2,"ADMIN",1,,,0,0,1,"01",0,0,,0,24000,1,"525",,,1600,0,,"Z001",,,,,,0,,6500
"525",,"09/30/25 00:00:00","914",0,18600,25,300,0,,,0,0,0,0,0,13,355,0,1,"10,7.5,6.5",,-1,,,3,"ADMIN",1,,,0,0,1,"01",0,0,,0,24000,1,"525",,,0,81.75,,"Z001",,,,,,0,,18600
"625",,"10/01/25 00:00:00","6471",2,2750,0,40,0,,,0,0,0,0,0,16,355,0,1,,,-1,,,1,"ABDUL",1,,,0,0,1,"01",0,0,,0,0,1,"625",,,237.43,0,,"Z001",,,,,,0,,2750
"725",,"10/02/25 00:00:00","6587",1,200,0,0,0,,,0,0,0,0,0,18,341,0,1,"725",,-1,,,1,"ADMIN",1,,,0,0,1,"01",0,0,,0,200,1,"725",,,65,0,,"Z001",,,,,,0,,200
"825",,"10/02/25 00:00:00","6471",8,2750,0,40,0,,,0,0,1,0,0,21,363,0,0,,,-1,,,1,"ADMIN",1,,,0,0,1,"01",0,0,,0,0,1,"825",,,237.43,0,,"Z001",,,,,,0,,2750
"825",,"10/02/25 00:00:00","6474",6,4500,0,51.110001,0,,,0,0,1,0,0,22,363,0,0,,,-1,,,2,"ADMIN",1,,,0,0,1,"01",0,0,,0,0,1,"825",,,263.98,0,,"Z001",,,,,,0,,4500
"925",,"09/28/25 00:00:00","251963",10,5500,0,0,0,,,0,0,0,0,0,24,365,0,1,"925",,-1,,,1,"ABDUL",1,,,0,0,1,"01",0,0,,0,84500,1,"925",,,0,0,,"Z001",,,,,,0,,5500
"125",,"09/23/25 00:00:00","6625",1,23000,0,0,0,,,0,0,0,0,0,26,341,0,1,"125",,-1,,,2,"ADMIN",1,,,0,0,1,"01",0,0,,0,45000,1,"125",,"1201",7000,0,,"Z001",,,,,,0,,23000
"1025",,"09/24/25 00:00:00","201725",2,8500,0,0,0,,,0,0,0,0,0,28,341,0,1,"1025",,-1,,,1,"ADMIN",1,,,0,0,1,"01",0,0,,0,17000,1,"1025",,"1203",1850,0,,"Z001",,,,,,0,,8500
"1125",,"09/27/25 00:00:00","251951",1,2500,0,0,0,,,0,0,0,0,0,30,341,0,1,"1125",,-1,,,1,"SAID",1,,,0,0,1,"01",0,0,,0,52450,1,"1125",,,2500,0,,"Z001",,,,,,0,,2500
"1125",,"09/27/25 00:00:00","1716",1,3000,0,0,0,,,0,0,0,0,0,31,341,0,1,"1125",,-1,,,2,"SAID",1,,,0,0,1,"01",0,0,,0,52450,1,"1125",,,3000,0,,"Z001",,,,,,0,,3000
"1125",,"09/27/25 00:00:00","836",2,350,0,0,0,,,0,0,0,0,0,63,341,0,1,"1125",,-1,,,13,"SAID",1,,,0,0,1,"01",0,0,,0,52450,1,"1125",,,120,0,,"Z001",,,,,,0,,350
"1125",,"09/27/25 00:00:00","6475",0,8000,45,88.889999,0,,,0,0,0,0,0,170,341,0,1,"1125",,-1,,,28,"SAID",1,,,0,0,1,"01",0,0,,0,52450,1,"1125",,,0,88.89,,"Z001",,,,,,0,,8000
"925",,"09/28/25 00:00:00","251964",1,13500,0,0,0,,,0,0,0,0,0,175,365,0,1,"925",,-1,,,2,"ABDUL",1,,,0,0,1,"01",0,0,,0,84500,1,"925",,,0,0,,"Z001",,,,,,0,,13500
"1925",,"10/20/25 00:00:00","5602",1,11000,0,0,0,,,0,1,0,0,0,135,369,0,1,"1925",,72,,,4,"ABDUL",1,,,0,0,1,"01",0,0,,0,300000,1,"1925",,,2000,0,,"Z001",,,,,,0,,11000
"1925",,"10/20/25 00:00:00","1711",1,3700,0,0,0,,,0,1,0,0,0,136,369,0,1,"1925",,72,,,5,"ABDUL",1,,,0,0,1,"01",0,0,,0,300000,1,"1925",,,1000,0,,"Z001",,,,,,0,,3700
"1925",,"10/20/25 00:00:00","5612",4,6500,0,0,0,,,0,1,0,0,0,137,369,0,1,"1925",,72,,,6,"ABDUL",1,,,0,0,1,"01",0,0,,0,300000,1,"1925",,,500,0,,"Z001",,,,,,0,,6500
"1925",,"10/20/25 00:00:00","211827",2,6000,0,0,0,,,0,1,0,0,0,138,369,0,1,"1925",,72,,,7,"ABDUL",1,,,0,0,1,"01",0,0,,0,300000,1,"1925",,,2000,0,,"Z001",,,,,,0,,6000
"1925",,"10/20/25 00:00:00","201789",10,100,0,0,0,,,0,1,0,0,0,139,369,0,1,"1925",,72,,,8,"ABDUL",1,,,0,0,1,"01",0,0,,0,300000,1,"1925",,,55,0,,"Z001",,,,,,0,,100
"1925",,"10/20/25 00:00:00","6346",2,500,0,0,0,,,0,1,0,0,0,140,369,0,1,"1925",,72,,,9,"ABDUL",1,,,0,0,1,"01",0,0,,0,300000,1,"1925",,,71.84,0,,"Z001",,,,,,0,,500
"1925",,"10/20/25 00:00:00","251954",0,0,4,700,0,,,0,1,0,0,0,141,369,0,1,"1925",,72,,,10,"ABDUL",1,,,0,0,1,"01",0,0,,0,300000,1,"1925",,,0,150,,"Z001",,,,,,0,,0
"1925",,"10/20/25 00:00:00","6030",3,100,0,0,0,,,0,1,0,0,0,142,369,0,1,"1925",,72,,,11,"ABDUL",1,,,0,0,1,"01",0,0,,0,300000,1,"1925",,,20,0,,"Z001",,,,,,0,,100
"1925",,"10/20/25 00:00:00","241910",1,25000,0,250,0,,,0,1,0,0,0,143,369,0,1,"1925",,72,,,12,"ABDUL",1,,,0,0,1,"01",0,0,,0,300000,1,"1925",,,14780.05,0,,"Z001",,,,,,0,,25000
"1925",,"10/20/25 00:00:00","6365",2,300,0,0,0,,,0,1,0,0,0,146,369,0,1,"1925",,72,,,13,"ABDUL",1,,,0,0,1,"01",0,0,,0,300000,1,"1925",,,299.39,0,,"Z001",,,,,,0,,300
"2025",,"10/23/25 00:00:00","6474",6,4600,0,51.111111,0,,,0,0,0,0,0,148,355,0,1,,,-1,,,1,"ABDUL",1,,,0,0,1,"01",0,0,,0,0,1,"2025",,,344.09,0,,"Z001",,,,,,0,,4600
"2025",,"10/23/25 00:00:00","6471",8,2800,0,40,0,,,0,0,0,0,0,149,355,0,1,,,-1,,,2,"ABDUL",1,,,0,0,1,"01",0,0,,0,0,1,"2025",,,270.42,0,,"Z001",,,,,,0,,2800
"2025",,"10/23/25 00:00:00","6476",1,11250,0,150,0,,,0,0,0,0,0,150,355,0,1,,,-1,,,3,"ABDUL",1,,,0,0,1,"01",0,0,,0,0,1,"2025",,,1196.21,0,,"Z001",,,,,,0,,11250
"2025",,"10/23/25 00:00:00","6173",20,80,0,0,0,,,0,0,0,0,0,151,355,0,1,,,-1,,,4,"ABDUL",1,,,0,0,1,"01",0,0,,0,0,1,"2025",,,-10,0,,"Z001",,,,,,0,,80
"2025",,"10/23/25 00:00:00","6192",40,10,0,0,0,,,0,0,0,0,0,153,355,0,1,,,-1,,,6,"ABDUL",1,,,0,0,1,"01",0,0,,0,0,1,"2025",,,7.12,0,,"Z001",,,,,,0,,10
"2025",,"10/23/25 00:00:00","5956",30,25,0,0,0,,,0,0,0,0,0,154,355,0,1,,,-1,,,7,"ABDUL",1,,,0,0,1,"01",0,0,,0,0,1,"2025",,,10.7,0,,"Z001",,,,,,0,,25
"2125",,"10/27/25 00:00:00","6099",2,200,0,0,0,,,0,0,0,0,0,156,341,0,1,"2125",,-1,,,1,"SAID",1,,,0,0,1,"01",0,0,,0,2400,1,"2125",,,115,0,,"Z001",,,,,,0,,200
"2125",,"10/27/25 00:00:00","6616",5,200,0,0,0,,,0,0,0,0,0,157,341,0,1,"2125",,-1,,,2,"SAID",1,,,0,0,1,"01",0,0,,0,2400,1,"2125",,,67.90000000000001,0,,"Z001",,,,,,0,,200
"2125",,"10/27/25 00:00:00","6602",2,100,0,0,0,,,0,0,0,0,0,158,341,0,1,"2125",,-1,,,3,"SAID",1,,,0,0,1,"01",0,0,,0,2400,1,"2125",,,29.78,0,,"Z001",,,,,,0,,100
"3925",,"11/22/25 00:00:00","5970",9,100,0,0,0,,,0,0,0,0,0,314,341,0,1,,,-1,,,2,"ABDUL",1,,,0,0,1,"01",0,0,,0,0,1,"3925",,"1273  -  1301",25,0,,"Z001",,,,,,0,,100
"3925",,"11/22/25 00:00:00","6099",3,150,0,0,0,,,0,0,0,0,0,315,341,0,1,,,-1,,,3,"ABDUL",1,,,0,0,1,"01",0,0,,0,0,1,"3925",,"1273  -  1301",65,0,,"Z001",,,,,,0,,150
"3925",,"11/22/25 00:00:00","251942",2,350,0,0,0,,,0,0,0,0,0,316,341,0,1,,,-1,,,4,"ABDUL",1,,,0,0,1,"01",0,0,,0,0,1,"3925",,"1273  -  1301",123.79,0,,"Z001",,,,,,0,,350
"3925",,"11/22/25 00:00:00","6505",7,107.14286,0,0,0,,,0,0,0,0,0,317,341,0,1,,,-1,,,5,"ABDUL",1,,,0,0,1,"01",0,0,,0,0,1,"3925",,"1273  -  1301",33.74,0,,"Z001",,,,,,0,,107.14286
"3925",,"11/22/25 00:00:00","251999",1,500,0,0,0,,,0,0,0,0,0,318,341,0,1,,,-1,,,6,"ABDUL",1,,,0,0,1,"01",0,0,,0,0,1,"3925",,"1273  -  1301",215,0,,"Z001",,,,,,0,,500
"3925",,"11/22/25 00:00:00","6587",1,200,0,0,0,,,0,0,0,0,0,319,341,0,1,,,-1,,,7,"ABDUL",1,,,0,0,1,"01",0,0,,0,0,1,"3925",,"1273  -  1301",65,0,,"Z001",,,,,,0,,200
"3925",,"11/22/25 00:00:00","6602",1,100,0,0,0,,,0,0,0,0,0,320,341,0,1,,,-1,,,8,"ABDUL",1,,,0,0,1,"01",0,0,,0,0,1,"3925",,"1273  -  1301",29.78,0,,"Z001",,,,,,0,,100
"3925",,"11/22/25 00:00:00","6338",3,150,0,0,0,,,0,0,0,0,0,321,341,0,1,,,-1,,,9,"ABDUL",1,,,0,0,1,"01",0,0,,0,0,1,"3925",,"1273  -  1301",50,0,,"Z001",,,,,,0,,150
"3925",,"11/22/25 00:00:00","6616",3,200,0,0,0,,,0,0,0,0,0,322,341,0,1,,,-1,,,10,"ABDUL",1,,,0,0,1,"01",0,0,,0,0,1,"3925",,"1273  -  1301",67.90000000000001,0,,"Z001",,,,,,0,,200
"3925",,"11/22/25 00:00:00","6584",4,100,0,0,0,,,0,0,0,0,0,323,341,0,1,,,-1,,,11,"ABDUL",1,,,0,0,1,"01",0,0,,0,0,1,"3925",,"1273  -  1301",15,0,,"Z001",,,,,,0,,100
"3925",,"11/22/25 00:00:00","6586",4,237.5,0,0,0,,,0,0,0,0,0,324,341,0,1,,,-1,,,12,"ABDUL",1,,,0,0,1,"01",0,0,,0,0,1,"3925",,"1273  -  1301",77.5,0,,"Z001",,,,,,0,,237.5
"3925",,"11/22/25 00:00:00","6334",9,350,0,0,0,,,0,0,0,0,0,325,341,0,1,,,-1,,,13,"ABDUL",1,,,0,0,1,"01",0,0,,0,0,1,"3925",,"1273  -  1301",95,0,,"Z001",,,,,,0,,350
"3925",,"11/22/25 00:00:00","6030",4,100,0,0,0,,,0,0,0,0,0,326,341,0,1,,,-1,,,14,"ABDUL",1,,,0,0,1,"01",0,0,,0,0,1,"3925",,"1273  -  1301",20,0,,"Z001",,,,,,0,,100
"3925",,"11/22/25 00:00:00","6474",0,4600,90,50,0,,,0,0,0,0,0,327,341,0,1,,,-1,,,15,"ABDUL",1,,,0,0,1,"01",0,0,,0,0,1,"3925",,"1273  -  1301",0,2.71,,"Z001",,,,,,0,,4600
"3925",,"11/22/25 00:00:00","6229",2,1100,0,0,0,,,0,0,0,0,0,328,341,0,1,,,-1,,,16,"ABDUL",1,,,0,0,1,"01",0,0,,0,0,1,"3925",,"1273  -  1301",380,0,,"Z001",,,,,,0,,1100
"3925",,"11/22/25 00:00:00","5833",1,700,0,0,0,,,0,0,0,0,0,329,341,0,1,,,-1,,,17,"ABDUL",1,,,0,0,1,"01",0,0,,0,0,1,"3925",,"1273  -  1301",149.76,0,,"Z001",,,,,,0,,700
"3925",,"11/22/25 00:00:00","5797",1,2500,0,0,0,,,0,0,0,0,0,330,341,0,1,,,-1,,,18,"ABDUL",1,,,0,0,1,"01",0,0,,0,0,1,"3925",,"1273  -  1301",1444.25,0,,"Z001",,,,,,0,,2500
"4125",,"11/25/25 00:00:00","6130",1,6500,0,0,0,,,0,0,0,0,0,337,355,0,1,,,-1,,,1,"ABDUL",1,,,0,0,1,"01",0,0,,0,0,1,"4125",,,1600,0,,"Z001",,,,,,0,,6500
"1125",,"09/27/25 00:00:00","6474",3,4400,0,51.110001,0,,,0,0,0,0,0,35,341,0,1,"1125",,-1,,,5,"SAID",1,,,0,0,1,"01",0,0,,0,52450,1,"1125",,,163.98,0,,"Z001",,,,,,0,,4400
"1125",,"09/27/25 00:00:00","6471",3,2500,0,40,0,,,0,0,0,0,0,36,341,0,1,"1125",,-1,,,6,"SAID",1,,,0,0,1,"01",0,0,,0,52450,1,"1125",,,-12.57,0,,"Z001",,,,,,0,,2500
"1125",,"09/27/25 00:00:00","6334",12,350,0,0,0,,,0,0,0,0,0,37,341,0,1,"1125",,-1,,,7,"SAID",1,,,0,0,1,"01",0,0,,0,52450,1,"1125",,,95,0,,"Z001",,,,,,0,,350
"1125",,"09/27/25 00:00:00","6587",3,250,0,0,0,,,0,0,0,0,0,38,341,0,1,"1125",,-1,,,8,"SAID",1,,,0,0,1,"01",0,0,,0,52450,1,"1125",,,115,0,,"Z001",,,,,,0,,250
"1125",,"09/27/25 00:00:00","6585",4,200,0,0,0,,,0,0,0,0,0,39,341,0,1,"1125",,-1,,,9,"SAID",1,,,0,0,1,"01",0,0,,0,52450,1,"1125",,,75,0,,"Z001",,,,,,0,,200
"1125",,"09/27/25 00:00:00","6586",2,250,0,0,0,,,0,0,0,0,0,40,341,0,1,"1125",,-1,,,10,"SAID",1,,,0,0,1,"01",0,0,,0,52450,1,"1125",,,90,0,,"Z001",,,,,,0,,250
"1125",,"09/27/25 00:00:00","6335",1,350,0,0,0,,,0,0,0,0,0,41,341,0,1,"1125",,-1,,,11,"SAID",1,,,0,0,1,"01",0,0,,0,52450,1,"1125",,,120,0,,"Z001",,,,,,0,,350
"1125",,"09/27/25 00:00:00","757",1,2300,0,0,0,,,0,0,0,0,0,42,341,0,1,"1125",,-1,,,12,"SAID",1,,,0,0,1,"01",0,0,,0,52450,1,"1125",,,950,0,,"Z001",,,,,,0,,2300
"1125",,"09/27/25 00:00:00","6030",4,100,0,0,0,,,0,0,0,0,0,44,341,0,1,"1125",,-1,,,14,"SAID",1,,,0,0,1,"01",0,0,,0,52450,1,"1125",,,20,0,,"Z001",,,,,,0,,100
"1125",,"09/27/25 00:00:00","5969",10,30,0,0,0,,,0,0,0,0,0,46,341,0,1,"1125",,-1,,,15,"SAID",1,,,0,0,1,"01",0,0,,0,52450,1,"1125",,,17,0,,"Z001",,,,,,0,,30
"1125",,"09/27/25 00:00:00","6098",12,50,0,0,0,,,0,0,0,0,0,47,341,0,1,"1125",,-1,,,16,"SAID",1,,,0,0,1,"01",0,0,,0,52450,1,"1125",,,18.31,0,,"Z001",,,,,,0,,50
"1125",,"09/27/25 00:00:00","5968",10,15,0,0,0,,,0,0,0,0,0,50,341,0,1,"1125",,-1,,,19,"SAID",1,,,0,0,1,"01",0,0,,0,52450,1,"1125",,,5,0,,"Z001",,,,,,0,,15
"1125",,"09/27/25 00:00:00","6602",4,100,0,0,0,,,0,0,0,0,0,51,341,0,1,"1125",,-1,,,20,"SAID",1,,,0,0,1,"01",0,0,,0,52450,1,"1125",,,35.94,0,,"Z001",,,,,,0,,100
"1125",,"09/27/25 00:00:00","5832",1,300,0,0,0,,,0,0,0,0,0,52,341,0,1,"1125",,-1,,,21,"SAID",1,,,0,0,1,"01",0,0,,0,52450,1,"1125",,,164.29,0,,"Z001",,,,,,0,,300
"1125",,"09/27/25 00:00:00","6589",1,800,0,0,0,,,0,0,0,0,0,53,341,0,1,"1125",,-1,,,22,"SAID",1,,,0,0,1,"01",0,0,,0,52450,1,"1125",,,800,0,,"Z001",,,,,,0,,800
"1125",,"09/27/25 00:00:00","5792",4,100,0,0,0,,,0,0,0,0,0,54,341,0,1,"1125",,-1,,,23,"SAID",1,,,0,0,1,"01",0,0,,0,52450,1,"1125",,,50.01,0,,"Z001",,,,,,0,,100
"1125",,"09/27/25 00:00:00","6591",1,5500,0,0,0,,,0,0,0,0,0,59,341,0,1,"1125",,-1,,,25,"SAID",1,,,0,0,1,"01",0,0,,0,52450,1,"1125",,,1700,0,,"Z001",,,,,,0,,5500
"1225",,"09/25/25 00:00:00","6334",1,350,0,0,0,,,0,0,0,0,0,68,341,0,1,,,-1,,,1,"ADMIN",1,,,0,0,1,"01",0,0,,0,0,1,"1225",,"1204/5/6/8/10",95,0,,"Z001",,,,,,0,,350
"1225",,"09/25/25 00:00:00","6332",2,300,0,0,0,,,0,0,0,0,0,69,341,0,1,,,-1,,,2,"ADMIN",1,,,0,0,1,"01",0,0,,0,0,1,"1225",,"1204/5/6/8/10",110,0,,"Z001",,,,,,0,,300
"1425",,"10/13/25 00:00:00","6585",2,150,0,0,0,,,0,0,0,0,0,106,341,0,1,"1425",,-1,,,17,"ADMIN",1,,,0,0,1,"01",0,0,,0,32000,1,"1425",,"1222/24",25,0,,"Z001",,,,,,0,,150
"1425",,"10/13/25 00:00:00","6584",6,100,0,0,0,,,0,0,0,0,0,107,341,0,1,"1425",,-1,,,18,"ADMIN",1,,,0,0,1,"01",0,0,,0,32000,1,"1425",,"1222/24",15,0,,"Z001",,,,,,0,,100
"1425",,"10/13/25 00:00:00","6587",6,200,0,0,0,,,0,0,0,0,0,108,341,0,1,"1425",,-1,,,19,"ADMIN",1,,,0,0,1,"01",0,0,,0,32000,1,"1425",,"1222/24",65,0,,"Z001",,,,,,0,,200
"1425",,"10/13/25 00:00:00","6583",1,1295,0,0,0,,,0,0,0,0,0,109,341,0,1,"1425",,-1,,,20,"ADMIN",1,,,0,0,1,"01",0,0,,0,32000,1,"1425",,"1222/24",295,0,,"Z001",,,,,,0,,1295
"1425",,"10/13/25 00:00:00","6100",30,20,0,0,0,,,0,0,0,0,0,110,341,0,1,"1425",,-1,,,21,"ADMIN",1,,,0,0,1,"01",0,0,,0,32000,1,"1425",,"1222/24",20,0,,"Z001",,,,,,0,,20
"1525",,"10/14/25 00:00:00","6554",1,19000,0,0,0,,,0,0,0,0,0,114,367,0,1,"1525",,-1,,,1,"ABDUL",1,,,0,0,1,"01",0,0,,0,75000,1,"1525",,,2750,0,,"Z001",,,,,,0,,19000
"1525",,"10/14/25 00:00:00","251948",1,26500,0,0,0,,,0,0,0,0,0,115,367,0,1,"1525",,-1,,,2,"ABDUL",1,,,0,0,1,"01",0,0,,0,75000,1,"1525",,,5500,0,,"Z001",,,,,,0,,26500
"1525",,"10/14/25 00:00:00","251954",0,0,2,700,0,,,0,0,0,0,0,116,367,0,1,"1525",,-1,,,3,"ABDUL",1,,,0,0,1,"01",0,0,,0,75000,1,"1525",,,0,150,,"Z001",,,,,,0,,0
"1525",,"10/14/25 00:00:00","201789",2,100,0,0,0,,,0,0,0,0,0,117,367,0,1,"1525",,-1,,,4,"ABDUL",1,,,0,0,1,"01",0,0,,0,75000,1,"1525",,,55,0,,"Z001",,,,,,0,,100
"1625",,"10/16/25 00:00:00","6471",5,2850,0,40,0,,,0,0,0,0,0,121,355,0,1,,,-1,,,1,"ADMIN",1,,,0,0,1,"01",0,0,,0,0,1,"1625",,,320.42,0,,"Z001",,,,,,0,,2850
"1625",,"10/16/25 00:00:00","6474",3,4650,0,51.111111,0,,,0,0,0,0,0,122,355,0,1,,,-1,,,2,"ADMIN",1,,,0,0,1,"01",0,0,,0,0,1,"1625",,,394.09,0,,"Z001",,,,,,0,,4650
"1725",,"10/17/25 00:00:00","6591",1,5500,0,0,0,,,0,0,0,0,2.71,124,341,0,1,"1725",,-1,,,1,"ABDUL",1,,,0,0,1,"01",0,0,,0,7500.95,1,"1725",,,1677.79,0,,"Z001",,,,,,0,,5500
"1725",,"10/17/25 00:00:00","251951",1,2000,0,0,0,,,0,0,0,0,0,125,341,0,1,"1725",,-1,,,2,"ABDUL",1,,,0,0,1,"01",0,0,,0,7500.95,1,"1725",,,589.83,0,,"Z001",,,,,,0,,2000
"1725",,"10/17/25 00:00:00","6338",1,150,0,0,0,,,0,0,0,0,0,126,341,0,1,"1725",,-1,,,3,"ABDUL",1,,,0,0,1,"01",0,0,,0,7500.95,1,"1725",,,50,0,,"Z001",,,,,,0,,150
"1825",,"10/20/25 00:00:00","241923",2,450,0,0,0,,,0,0,0,0,0,129,341,0,1,"1825",,-1,,,1,"ABDUL",1,,,0,0,1,"01",0,0,,0,900,1,"1825",,,170,0,,"Z001",,,,,,0,,450
"1925",,"10/20/25 00:00:00","6565",2,28000,0,0,0,,,0,1,0,0,0,131,369,0,1,"1925",,72,,,1,"ABDUL",1,,,0,0,1,"01",0,0,,0,300000,1,"1925",,,10000,0,,"Z001",,,,,,0,,28000
"1925",,"10/20/25 00:00:00","251950",4,32000,0,0,0,,,0,1,0,0,0,132,369,0,1,"1925",,72,,,2,"ABDUL",1,,,0,0,1,"01",0,0,,0,300000,1,"1925",,,4166.67,0,,"Z001",,,,,,0,,32000
"1925",,"10/20/25 00:00:00","5817",4,10000,0,0,0,,,0,1,0,0,0,133,369,0,1,"1925",,72,,,3,"ABDUL",1,,,0,0,1,"01",0,0,,0,300000,1,"1925",,,2300,0,,"Z001",,,,,,0,,10000
"2125",,"10/27/25 00:00:00","6505",1,100,0,0,0,,,0,0,0,0,0,159,341,0,1,"2125",,-1,,,4,"SAID",1,,,0,0,1,"01",0,0,,0,2400,1,"2125",,,26.59,0,,"Z001",,,,,,0,,100
"3825",,"11/21/25 00:00:00","252029",1,50,0,0,0,,,0,0,0,0,0,293,341,0,1,,,-1,,,14,"ABDUL",1,,,0,0,1,"01",0,0,,0,0,1,"3825",,"1251 - 1272",50,0,,"Z001",,,,,,0,,50
"3825",,"11/21/25 00:00:00","6338",1,150,0,0,0,,,0,0,0,0,0,294,341,0,1,,,-1,,,15,"ABDUL",1,,,0,0,1,"01",0,0,,0,0,1,"3825",,"1251 - 1272",50,0,,"Z001",,,,,,0,,150
"3825",,"11/21/25 00:00:00","6619",0,13000,14,214.28999,0,,,0,0,0,0,0,295,341,0,1,,,-1,,,16,"ABDUL",1,,,0,0,1,"01",0,0,,0,0,1,"3825",,"1251 - 1272",0,214.29,,"Z001",,,,,,0,,13000
"3825",,"11/21/25 00:00:00","6589",1,750,0,0,0,,,0,0,0,0,0,296,341,0,1,,,-1,,,17,"ABDUL",1,,,0,0,1,"01",0,0,,0,0,1,"3825",,"1251 - 1272",180,0,,"Z001",,,,,,0,,750
"3825",,"11/21/25 00:00:00","962",2,600,0,0,0,,,0,0,0,0,0,297,341,0,1,,,-1,,,18,"ABDUL",1,,,0,0,1,"01",0,0,,0,0,1,"3825",,"1251 - 1272",145.64,0,,"Z001",,,,,,0,,600
"3825",,"11/21/25 00:00:00","6099",3,150,0,0,0,,,0,0,0,0,0,298,341,0,1,,,-1,,,19,"ABDUL",1,,,0,0,1,"01",0,0,,0,0,1,"3825",,"1251 - 1272",65,0,,"Z001",,,,,,0,,150
"3825",,"11/21/25 00:00:00","6587",4,200,0,0,0,,,0,0,0,0,0,299,341,0,1,,,-1,,,20,"ABDUL",1,,,0,0,1,"01",0,0,,0,0,1,"3825",,"1251 - 1272",65,0,,"Z001",,,,,,0,,200
"3825",,"11/21/25 00:00:00","6505",1,150,0,0,0,,,0,0,0,0,0,300,341,0,1,,,-1,,,21,"ABDUL",1,,,0,0,1,"01",0,0,,0,0,1,"3825",,"1251 - 1272",76.59,0,,"Z001",,,,,,0,,150
"3825",,"11/21/25 00:00:00","6296",1,100,0,0,0,,,0,0,0,0,0,301,341,0,1,,,-1,,,22,"ABDUL",1,,,0,0,1,"01",0,0,,0,0,1,"3825",,"1251 - 1272",24,0,,"Z001",,,,,,0,,100
"3925",,"11/22/25 00:00:00","6511",2,3500,0,0,0,,,0,0,0,0,0,303,341,0,1,,,-1,,,1,"ABDUL",1,,,0,0,1,"01",0,0,,0,0,1,"3925",,"1273  -  1301",300,0,,"Z001",,,,,,0,,3500
"4025",,"11/22/25 00:00:00","898",2,25000,0,0,0,,,0,0,0,0,0,306,365,0,1,,,-1,,,1,"ABDUL",1,,,0,0,1,"01",0,0,,0,0,1,"4025",,,0,0,,"Z001",,,,,,0,,25000
"4025",,"11/22/25 00:00:00","771",3,37000,0,0,0,,,0,0,0,0,0,307,365,0,1,,,-1,,,2,"ABDUL",1,,,0,0,1,"01",0,0,,0,0,1,"4025",,,857.14,0,,"Z001",,,,,,0,,37000
"4025",,"11/22/25 00:00:00","251947",1,299620.41,0,0,0,,,0,0,0,0,0,309,365,0,1,,,-1,,,3,"ABDUL",1,,,0,0,1,"01",0,0,,0,0,1,"4025",,,61757.8,0,,"Z001",,,,,,0,,299620.41
"3825",,"11/21/25 00:00:00","5817",6,9200,0,0,0,,,0,0,0,0,0,311,341,0,1,,,-1,,,23,"ABDUL",1,,,0,0,1,"01",0,0,,0,0,1,"3825",,"1251 - 1272",1906.1,0,,"Z001",,,,,,0,,9200
"3825",,"11/21/25 00:00:00","252030",0.5,160,0,0,0,,,0,0,0,0,0,312,341,0,1,,,-1,,,24,"ABDUL",1,,,0,0,1,"01",0,0,,0,0,1,"3825",,"1251 - 1272",70,0,,"Z001",,,,,,0,,160
"3925",,"11/22/25 00:00:00","252011",1,600,0,0,0,,,0,0,0,0,0,331,341,0,1,,,-1,,,19,"ABDUL",1,,,0,0,1,"01",0,0,,0,0,1,"3925",,"1273  -  1301",235,0,,"Z001",,,,,,0,,600
"3925",,"11/22/25 00:00:00","6608",1,1200,0,0,0,,,0,0,0,0,0,332,341,0,1,,,-1,,,20,"ABDUL",1,,,0,0,1,"01",0,0,,0,0,1,"3925",,"1273  -  1301",462.81,0,,"Z001",,,,,,0,,1200
"3925",,"11/22/25 00:00:00","1716",1,2500,0,0,0,,,0,0,0,0,0,333,341,0,1,,,-1,,,21,"ABDUL",1,,,0,0,1,"01",0,0,,0,0,1,"3925",,"1273  -  1301",636,0,,"Z001",,,,,,0,,2500
"3825",,"11/21/25 00:00:00","6334",1,350,0,0,0,,,0,0,0,0,0,281,341,0,1,,,-1,,,4,"ABDUL",1,,,0,0,1,"01",0,0,,0,0,1,"3825",,"1251 - 1272",95,0,,"Z001",,,,,,0,,350
"3925",,"11/22/25 00:00:00","241923",8,368.75,0,0,0,,,0,0,0,0,0,340,341,0,1,,,-1,,,22,"ABDUL",1,,,0,0,1,"01",0,0,,0,0,1,"3925",,"1273  -  1301",88.75,0,,"Z001",,,,,,0,,368.75
"3925",,"11/22/25 00:00:00","836",3,350,0,0,0,,,0,0,0,0,0,343,341,0,1,,,-1,,,24,"ABDUL",1,,,0,0,1,"01",0,0,,0,0,1,"3925",,"1273  -  1301",120,0,,"Z001",,,,,,0,,350
"3925",,"11/22/25 00:00:00","1549",2,300,0,0,0,,,0,0,0,0,0,344,341,0,1,,,-1,,,25,"ABDUL",1,,,0,0,1,"01",0,0,,0,0,1,"3925",,"1273  -  1301",167,0,,"Z001",,,,,,0,,300
"3925",,"11/22/25 00:00:00","6466",1,400,0,0,0,,,0,0,0,0,0,345,341,0,1,,,-1,,,26,"ABDUL",1,,,0,0,1,"01",0,0,,0,0,1,"3925",,"1273  -  1301",150,0,,"Z001",,,,,,0,,400
"3925",,"11/22/25 00:00:00","6098",1,50,0,0,0,,,0,0,0,0,0,346,341,0,1,,,-1,,,27,"ABDUL",1,,,0,0,1,"01",0,0,,0,0,1,"3925",,"1273  -  1301",22.45,0,,"Z001",,,,,,0,,50
"3925",,"11/22/25 00:00:00","252027",1,350,0,0,0,,,0,0,0,0,0,347,341,0,1,,,-1,,,28,"ABDUL",1,,,0,0,1,"01",0,0,,0,0,1,"3925",,"1273  -  1301",50,0,,"Z001",,,,,,0,,350
"3925",,"11/22/25 00:00:00","6481",0,15500,2,200,0,,,0,0,0,0,0,349,341,0,1,,,-1,,,30,"ABDUL",1,,,0,0,1,"01",0,0,,0,0,1,"3925",,"1273  -  1301",0,52.04,,"Z001",,,,,,0,,15500
"3925",,"11/22/25 00:00:00","231903",2,350,0,0,0,,,0,0,0,0,0,350,341,0,1,,,-1,,,31,"ABDUL",1,,,0,0,1,"01",0,0,,0,0,1,"3925",,"1273  -  1301",348.91,0,,"Z001",,,,,,0,,350
"3925",,"11/22/25 00:00:00","6585",1,150,0,0,0,,,0,0,0,0,0,351,341,0,1,,,-1,,,32,"ABDUL",1,,,0,0,1,"01",0,0,,0,0,1,"3925",,"1273  -  1301",25,0,,"Z001",,,,,,0,,150
"3925",,"11/22/25 00:00:00","252000",1,150,0,0,0,,,0,0,0,0,0,353,341,0,1,,,-1,,,33,"ABDUL",1,,,0,0,1,"01",0,0,,0,0,1,"3925",,"1273  -  1301",74,0,,"Z001",,,,,,0,,150
"3925",,"11/22/25 00:00:00","201789",2,100,0,0,0,,,0,0,0,0,0,354,341,0,1,,,-1,,,34,"ABDUL",1,,,0,0,1,"01",0,0,,0,0,1,"3925",,"1273  -  1301",55,0,,"Z001",,,,,,0,,100
"3925",,"11/22/25 00:00:00","1010",0,1500,2,50,0,,,0,0,0,0,0,355,341,0,1,,,-1,,,35,"ABDUL",1,,,0,0,1,"01",0,0,,0,0,1,"3925",,"1273  -  1301",0,50,,"Z001",,,,,,0,,1500
"3925",,"11/22/25 00:00:00","6100",10,10,0,0,0,,,0,0,0,0,0,356,341,0,1,,,-1,,,36,"ABDUL",1,,,0,0,1,"01",0,0,,0,0,1,"3925",,"1273  -  1301",5,0,,"Z001",,,,,,0,,10
"3925",,"11/22/25 00:00:00","1400",94.339622,0.52999997,0,0,0,,,0,0,0,0,0,357,341,0,1,,,-1,,,37,"ABDUL",1,,,0,0,1,"01",0,0,,0,0,1,"3925",,"1273  -  1301",0,0,,"Z001",,,,,,0,,0.52999997
"3925",,"11/22/25 00:00:00","251955",0,0,8,850,0,,,0,0,0,0,0,358,341,0,1,,,-1,,,38,"ABDUL",1,,,0,0,1,"01",0,0,,0,0,1,"3925",,"1273  -  1301",0,200,,"Z001",,,,,,0,,0
"3825",,"11/21/25 00:00:00","6479",1,7800,0,150,0,,,0,0,0,0,0,283,341,0,1,,,-1,,,6,"ABDUL",1,,,0,0,1,"01",0,0,,0,0,1,"3825",,"1251 - 1272",-1915.05,0,,"Z001",,,,,,0,,7800
"3925",,"11/22/25 00:00:00","771",1,45000,0,0,0,,,0,0,0,0,0,359,341,0,1,,,-1,,,39,"ABDUL",1,,,0,0,1,"01",0,0,,0,0,1,"3925",,"1273  -  1301",8857.139999999999,0,,"Z001",,,,,,0,,45000
"3825",,"11/21/25 00:00:00","251951",2,2000,0,0,0,,,0,0,0,0,0,361,341,0,1,,,-1,,,25,"ABDUL",1,,,0,0,1,"01",0,0,,0,0,1,"3825",,"1251 - 1272",589.83,0,,"Z001",,,,,,0,,2000
"4325",,"12/03/25 00:00:00","6588",1,500,0,0,0,,,0,0,0,0,0,389,10002,0,1,,,-1,,,8,"ABDUL",1,,,0,0,1,"01",0,0,,0,0,1,"4325",,,500,0,,"Z001",,,,,,0,,500
"4325",,"12/03/25 00:00:00","5969",1,30,0,0,0,,,0,0,0,0,0,390,10002,0,1,,,-1,,,9,"ABDUL",1,,,0,0,1,"01",0,0,,0,0,1,"4325",,,13.89,0,,"Z001",,,,,,0,,30
"4425",,"11/29/25 00:00:00","1400",471.69809,0.52999997,0,0,0,,,0,0,0,0,0,393,341,0,1,,,-1,,,1,"ABDUL",1,,,0,0,1,"01",0,0,,0,0,1,"4425",,,0,0,,"Z001",,,,,,0,,0.52999997
"4425",,"11/29/25 00:00:00","1032",3,500,0,0,0,,,0,0,0,0,0,394,341,0,1,,,-1,,,2,"ABDUL",1,,,0,0,1,"01",0,0,,0,0,1,"4425",,,100,0,,"Z001",,,,,,0,,500
"4425",,"11/29/25 00:00:00","6334",4,350,0,0,0,,,0,0,0,0,0,395,341,0,1,,,-1,,,3,"ABDUL",1,,,0,0,1,"01",0,0,,0,0,1,"4425",,,95,0,,"Z001",,,,,,0,,350
"4425",,"11/29/25 00:00:00","6585",2,150,0,0,0,,,0,0,0,0,0,396,341,0,1,,,-1,,,4,"ABDUL",1,,,0,0,1,"01",0,0,,0,0,1,"4425",,,25,0,,"Z001",,,,,,0,,150
"4425",,"11/29/25 00:00:00","6098",4,50,0,0,0,,,0,0,0,0,0,397,341,0,1,,,-1,,,5,"ABDUL",1,,,0,0,1,"01",0,0,,0,0,1,"4425",,,22.45,0,,"Z001",,,,,,0,,50
"4425",,"11/29/25 00:00:00","5969",4,30,0,0,0,,,0,0,0,0,0,398,341,0,1,,,-1,,,6,"ABDUL",1,,,0,0,1,"01",0,0,,0,0,1,"4425",,,13.89,0,,"Z001",,,,,,0,,30
"4425",,"11/29/25 00:00:00","1084",0,5500,75,80,0,,,0,0,0,0,0,399,341,0,1,,,-1,,,7,"ABDUL",1,,,0,0,1,"01",0,0,,0,0,1,"4425",,,0,30.69,,"Z001",,,,,,0,,5500
"4425",,"11/29/25 00:00:00","5970",10,100,0,0,0,,,0,0,0,0,0,400,341,0,1,,,-1,,,8,"ABDUL",1,,,0,0,1,"01",0,0,,0,0,1,"4425",,,25,0,,"Z001",,,,,,0,,100
"4425",,"11/29/25 00:00:00","5984",2,90,0,0,0,,,0,0,0,0,0,401,341,0,1,,,-1,,,9,"ABDUL",1,,,0,0,1,"01",0,0,,0,0,1,"4425",,,60,0,,"Z001",,,,,,0,,90
"4425",,"11/29/25 00:00:00","6363",1,200,0,0,0,,,0,0,0,0,0,402,341,0,1,,,-1,,,10,"ABDUL",1,,,0,0,1,"01",0,0,,0,0,1,"4425",,,88,0,,"Z001",,,,,,0,,200
"4425",,"11/29/25 00:00:00","6030",2,100,0,0,0,,,0,0,0,0,0,403,341,0,1,,,-1,,,11,"ABDUL",1,,,0,0,1,"01",0,0,,0,0,1,"4425",,,20,0,,"Z001",,,,,,0,,100
"4425",,"11/29/25 00:00:00","6602",2,100,0,0,0,,,0,0,0,0,0,404,341,0,1,,,-1,,,12,"ABDUL",1,,,0,0,1,"01",0,0,,0,0,1,"4425",,,29.78,0,,"Z001",,,,,,0,,100
"4425",,"11/29/25 00:00:00","6505",2,100,0,0,0,,,0,0,0,0,0,405,341,0,1,,,-1,,,13,"ABDUL",1,,,0,0,1,"01",0,0,,0,0,1,"4425",,,26.59,0,,"Z001",,,,,,0,,100
"4725",,"12/03/25 00:00:00","6099",1,150,0,0,0,,,0,0,0,0,0,419,341,0,1,"4725",,-1,,,1,"ABDUL",1,,,0,0,1,"01",0,0,,0,5660,1,"4725",,,65,0,,"Z001",,,,,,0,,150
"3825",,"11/21/25 00:00:00","6365",1.25,100,0,0,0,,,0,0,0,0,0,285,341,0,1,,,-1,,,8,"ABDUL",1,,,0,0,1,"01",0,0,,0,0,1,"3825",,"1251 - 1272",99.39,0,,"Z001",,,,,,0,,100
"4525",,"12/01/25 00:00:00","5970",1,100,0,0,0,,,0,0,0,0,0,407,341,0,1,"4525",,-1,,,1,"ABDUL",1,,,0,0,1,"01",0,0,,0,350,1,"4525",,,25,0,,"Z001",,,,,,0,,100
"4525",,"12/01/25 00:00:00","252024",1,250,0,0,0,,,0,0,0,0,0,408,341,0,1,"4525",,-1,,,2,"ABDUL",1,,,0,0,1,"01",0,0,,0,350,1,"4525",,,80,0,,"Z001",,,,,,0,,250
"4625",,"12/02/25 00:00:00","6150",1,4200,0,0,0,,,0,0,0,0,0,410,341,0,1,"4625",,-1,,,1,"ABDUL",1,,,0,0,1,"01",0,0,,0,4580,1,"4625",,,800,0,,"Z001",,,,,,0,,4200
"4625",,"12/02/25 00:00:00","6505",3,100,0,0,0,,,0,0,0,0,0,411,341,0,1,"4625",,-1,,,2,"ABDUL",1,,,0,0,1,"01",0,0,,0,4580,1,"4625",,,29.83,0,,"Z001",,,,,,0,,100
"4625",,"12/02/25 00:00:00","787",0,4300,1,80,0,,,0,0,0,0,0,412,341,0,1,"4625",,-1,,,3,"ABDUL",1,,,0,0,1,"01",0,0,,0,4580,1,"4625",,,0,34.49,,"Z001",,,,,,0,,4300
"4725",,"12/03/25 00:00:00","787",0,4300,3,80,0,,,0,0,0,0,0,420,341,0,1,"4725",,-1,,,2,"ABDUL",1,,,0,0,1,"01",0,0,,0,5660,1,"4725",,,0,34.49,,"Z001",,,,,,0,,4300
"4725",,"12/03/25 00:00:00","6620",0,20000,6,250,0,,,0,0,0,0,0,421,341,0,1,"4725",,-1,,,3,"ABDUL",1,,,0,0,1,"01",0,0,,0,5660,1,"4725",,,0,72.22,,"Z001",,,,,,0,,20000
"4725",,"12/03/25 00:00:00","6399",1,170,0,0,0,,,0,0,0,0,0,422,341,0,1,"4725",,-1,,,4,"ABDUL",1,,,0,0,1,"01",0,0,,0,5660,1,"4725",,,60,0,,"Z001",,,,,,0,,170
"4725",,"12/03/25 00:00:00","6511",1,3600,0,0,0,,,0,0,0,0,0,423,341,0,1,"4725",,-1,,,5,"ABDUL",1,,,0,0,1,"01",0,0,,0,5660,1,"4725",,,400,0,,"Z001",,,,,,0,,3600
"4825",,"12/04/25 00:00:00","6099",1,150,0,0,0,,,0,0,0,0,0,426,341,0,1,"4825",,-1,,,1,"ABDUL",1,,,0,0,1,"01",0,0,,0,7566,1,"4825",,,65,0,,"Z001",,,,,,0,,150
"4825",,"12/04/25 00:00:00","6616",3,200,0,0,0,,,0,0,0,0,0,427,341,0,1,"4825",,-1,,,2,"ABDUL",1,,,0,0,1,"01",0,0,,0,7566,1,"4825",,,67.90000000000001,0,,"Z001",,,,,,0,,200
"4825",,"12/04/25 00:00:00","6030",3,100,0,0,0,,,0,0,0,0,0,428,341,0,1,"4825",,-1,,,3,"ABDUL",1,,,0,0,1,"01",0,0,,0,7566,1,"4825",,,20,0,,"Z001",,,,,,0,,100
"4825",,"12/04/25 00:00:00","201789",3,100,0,0,0,,,0,0,0,0,0,429,341,0,1,"4825",,-1,,,4,"ABDUL",1,,,0,0,1,"01",0,0,,0,7566,1,"4825",,,55,0,,"Z001",,,,,,0,,100
"4825",,"12/04/25 00:00:00","251995",1,1800,0,0,0,,,0,0,0,0,0,430,341,0,1,"4825",,-1,,,5,"ABDUL",1,,,0,0,1,"01",0,0,,0,7566,1,"4825",,,42.5,0,,"Z001",,,,,,0,,1800
"4825",,"12/04/25 00:00:00","6511",1,4176,0,0,0,,,0,0,0,0,0,431,341,0,1,"4825",,-1,,,6,"ABDUL",1,,,0,0,1,"01",0,0,,0,7566,1,"4825",,,976,0,,"Z001",,,,,,0,,4176
"4825",,"12/04/25 00:00:00","787",0,4300,3,80,0,,,0,0,0,0,0,432,341,0,1,"4825",,-1,,,7,"ABDUL",1,,,0,0,1,"01",0,0,,0,7566,1,"4825",,,0,34.49,,"Z001",,,,,,0,,4300
"4925",,"12/05/25 00:00:00","211863",1,5000,0,0,0,,,0,0,0,0,0,434,341,0,1,"4925",,-1,,,1,"ABDUL",1,,,0,0,1,"01",0,0,,0,18080,1,"4925",,,944.64,0,,"Z001",,,,,,0,,5000
"4925",,"12/05/25 00:00:00","6296",2,150,0,0,0,,,0,0,0,0,0,435,341,0,1,"4925",,-1,,,2,"ABDUL",1,,,0,0,1,"01",0,0,,0,18080,1,"4925",,,74,0,,"Z001",,,,,,0,,150
"3825",,"11/21/25 00:00:00","787",0,4300,3,80,0,,,0,0,0,0,0,287,341,0,1,,,-1,,,10,"ABDUL",1,,,0,0,1,"01",0,0,,0,0,1,"3825",,"1251 - 1272",0,34.49,,"Z001",,,,,,0,,4300
"4925",,"12/05/25 00:00:00","251942",1,340,0,0,0,,,0,0,0,0,0,436,341,0,1,"4925",,-1,,,3,"ABDUL",1,,,0,0,1,"01",0,0,,0,18080,1,"4925",,,113.79,0,,"Z001",,,,,,0,,340
"4925",,"12/05/25 00:00:00","6587",3,200,0,0,0,,,0,0,0,0,0,437,341,0,1,"4925",,-1,,,4,"ABDUL",1,,,0,0,1,"01",0,0,,0,18080,1,"4925",,,65,0,,"Z001",,,,,,0,,200
"4925",,"12/05/25 00:00:00","6030",1,100,0,0,0,,,0,0,0,0,0,438,341,0,1,"4925",,-1,,,5,"ABDUL",1,,,0,0,1,"01",0,0,,0,18080,1,"4925",,,20,0,,"Z001",,,,,,0,,100
"4925",,"12/05/25 00:00:00","6399",2,170,0,0,0,,,0,0,0,0,0,439,341,0,1,"4925",,-1,,,6,"ABDUL",1,,,0,0,1,"01",0,0,,0,18080,1,"4925",,,60,0,,"Z001",,,,,,0,,170
"4925",,"12/05/25 00:00:00","791",1,1500,0,0,0,,,0,0,0,0,0,440,341,0,1,"4925",,-1,,,7,"ABDUL",1,,,0,0,1,"01",0,0,,0,18080,1,"4925",,,875,0,,"Z001",,,,,,0,,1500
"4925",,"12/05/25 00:00:00","5970",1,100,0,0,0,,,0,0,0,0,0,441,341,0,1,"4925",,-1,,,8,"ABDUL",1,,,0,0,1,"01",0,0,,0,18080,1,"4925",,,25,0,,"Z001",,,,,,0,,100
"4925",,"12/05/25 00:00:00","1717",1,6500,0,0,0,,,0,0,0,0,0,442,341,0,1,"4925",,-1,,,9,"ABDUL",1,,,0,0,1,"01",0,0,,0,18080,1,"4925",,,1700,0,,"Z001",,,,,,0,,6500
"4925",,"12/05/25 00:00:00","6127",4,200,0,0,0,,,0,0,0,0,0,443,341,0,1,"4925",,-1,,,10,"ABDUL",1,,,0,0,1,"01",0,0,,0,18080,1,"4925",,,70,0,,"Z001",,,,,,0,,200
"4925",,"12/05/25 00:00:00","6479",0,11500,13,150,0,,,0,0,0,0,0,444,341,0,1,"4925",,-1,,,11,"ABDUL",1,,,0,0,1,"01",0,0,,0,18080,1,"4925",,,0,150,,"Z001",,,,,,0,,11500
"4925",,"12/05/25 00:00:00","6584",1,100,0,0,0,,,0,0,0,0,0,445,341,0,1,"4925",,-1,,,12,"ABDUL",1,,,0,0,1,"01",0,0,,0,18080,1,"4925",,,15,0,,"Z001",,,,,,0,,100
"4925",,"12/05/25 00:00:00","252045",4,112.5,0,0,0,,,0,0,0,0,0,447,341,0,1,"4925",,-1,,,13,"ABDUL",1,,,0,0,1,"01",0,0,,0,18080,1,"4925",,,112.5,0,,"Z001",,,,,,0,,112.5
"5025",,"12/06/25 00:00:00","6334",1,350,0,0,0,,,0,0,0,0,0,449,341,0,1,"5025",,-1,,,1,"ABDUL",1,,,0,0,1,"01",0,0,,0,10550,1,"5025",,,95,0,,"Z001",,,,,,0,,350
"5025",,"12/06/25 00:00:00","5692",2,3300,0,0,0,,,0,0,0,0,0,450,341,0,1,"5025",,-1,,,2,"ABDUL",1,,,0,0,1,"01",0,0,,0,10550,1,"5025",,,400,0,,"Z001",,,,,,0,,3300
"5025",,"12/06/25 00:00:00","252034",1,300,0,0,0,,,0,0,0,0,0,451,341,0,1,"5025",,-1,,,3,"ABDUL",1,,,0,0,1,"01",0,0,,0,10550,1,"5025",,,100,0,,"Z001",,,,,,0,,300
"5025",,"12/06/25 00:00:00","241910",0,25000,12,250,0,,,0,0,0,0,0,452,341,0,1,"5025",,-1,,,4,"ABDUL",1,,,0,0,1,"01",0,0,,0,10550,1,"5025",,,0,147.8,,"Z001",,,,,,0,,25000
"5025",,"12/06/25 00:00:00","241912",1,300,0,0,0,,,0,0,0,0,0,453,341,0,1,"5025",,-1,,,5,"ABDUL",1,,,0,0,1,"01",0,0,,0,10550,1,"5025",,,233.43,0,,"Z001",,,,,,0,,300
"5125",,"12/09/25 00:00:00","6505",2,100,0,0,0,,,0,0,0,0,0,456,341,0,1,,,-1,,,1,"ABDUL",1,,,0,0,1,"01",0,0,,0,0,1,"5125",,,29.83,0,,"Z001",,,,,,0,,100
"5125",,"12/09/25 00:00:00","241912",1,300,0,0,0,,,0,0,0,0,0,457,341,0,1,,,-1,,,2,"ABDUL",1,,,0,0,1,"01",0,0,,0,0,1,"5125",,,233.43,0,,"Z001",,,,,,0,,300
"3925",,"11/22/25 00:00:00","928",4,3875,0,0,0,,,0,0,0,0,0,342,341,0,1,,,-1,,,23,"ABDUL",1,,,0,0,1,"01",0,0,,0,0,1,"3925",,"1273  -  1301",975,0,,"Z001",,,,,,0,,3875
"5125",,"12/09/25 00:00:00","241910",0,25000,12,250,0,,,0,0,0,0,0,458,341,0,1,,,-1,,,3,"ABDUL",1,,,0,0,1,"01",0,0,,0,0,1,"5125",,,0,147.8,,"Z001",,,,,,0,,25000
"5125",,"12/09/25 00:00:00","252047",1,300,0,0,0,,,0,0,0,0,0,460,341,0,1,,,-1,,,4,"ABDUL",1,,,0,0,1,"01",0,0,,0,0,1,"5125",,,140,0,,"Z001",,,,,,0,,300
"5125",,"12/09/25 00:00:00","252048",1,300,0,0,0,,,0,0,0,0,0,461,341,0,1,,,-1,,,5,"ABDUL",1,,,0,0,1,"01",0,0,,0,0,1,"5125",,,120,0,,"Z001",,,,,,0,,300
"5125",,"12/09/25 00:00:00","962",5,750,0,0,0,,,0,0,0,0,0,464,341,0,1,,,-1,,,6,"ABDUL",1,,,0,0,1,"01",0,0,,0,0,1,"5125",,,295.64,0,,"Z001",,,,,,0,,750
"5125",,"12/09/25 00:00:00","251970",1,700,0,0,0,,,0,0,0,0,0,465,341,0,1,,,-1,,,7,"ABDUL",1,,,0,0,1,"01",0,0,,0,0,1,"5125",,,416,0,,"Z001",,,,,,0,,700
"5125",,"12/09/25 00:00:00","836",6,350,0,0,0,,,0,0,0,0,0,466,341,0,1,,,-1,,,8,"ABDUL",1,,,0,0,1,"01",0,0,,0,0,1,"5125",,,120,0,,"Z001",,,,,,0,,350
"5125",,"12/09/25 00:00:00","6585",6,150,0,0,0,,,0,0,0,0,0,467,341,0,1,,,-1,,,9,"ABDUL",1,,,0,0,1,"01",0,0,,0,0,1,"5125",,,25,0,,"Z001",,,,,,0,,150
"5125",,"12/09/25 00:00:00","6586",2,200,0,0,0,,,0,0,0,0,0,468,341,0,1,,,-1,,,10,"ABDUL",1,,,0,0,1,"01",0,0,,0,0,1,"5125",,,40,0,,"Z001",,,,,,0,,200
"5125",,"12/09/25 00:00:00","6335",2,300,0,0,0,,,0,0,0,0,0,469,341,0,1,,,-1,,,11,"ABDUL",1,,,0,0,1,"01",0,0,,0,0,1,"5125",,,70,0,,"Z001",,,,,,0,,300
"5125",,"12/09/25 00:00:00","6334",9,350,0,0,0,,,0,0,0,0,0,470,341,0,1,,,-1,,,12,"ABDUL",1,,,0,0,1,"01",0,0,,0,0,1,"5125",,,95,0,,"Z001",,,,,,0,,350
"5125",,"12/09/25 00:00:00","6587",4,200,0,0,0,,,0,0,0,0,0,471,341,0,1,,,-1,,,13,"ABDUL",1,,,0,0,1,"01",0,0,,0,0,1,"5125",,,65,0,,"Z001",,,,,,0,,200
"5125",,"12/09/25 00:00:00","6030",2,100,0,0,0,,,0,0,0,0,0,472,341,0,1,,,-1,,,14,"ABDUL",1,,,0,0,1,"01",0,0,,0,0,1,"5125",,,20,0,,"Z001",,,,,,0,,100
"5125",,"12/09/25 00:00:00","6619",0,13000,5,200,0,,,0,0,0,0,0,473,341,0,1,,,-1,,,15,"ABDUL",1,,,0,0,1,"01",0,0,,0,0,1,"5125",,,0,200,,"Z001",,,,,,0,,13000
"5125",,"12/09/25 00:00:00","6127",14,200,0,0,0,,,0,0,0,0,0,474,341,0,1,,,-1,,,16,"ABDUL",1,,,0,0,1,"01",0,0,,0,0,1,"5125",,,70,0,,"Z001",,,,,,0,,200
"5125",,"12/09/25 00:00:00","251990",4,100,0,0,0,,,0,0,0,0,0,475,341,0,1,,,-1,,,17,"ABDUL",1,,,0,0,1,"01",0,0,,0,0,1,"5125",,,40,0,,"Z001",,,,,,0,,100
"5125",,"12/09/25 00:00:00","231903",30,5,0,0,0,,,0,0,0,0,0,478,341,0,1,,,-1,,,18,"ABDUL",1,,,0,0,1,"01",0,0,,0,0,1,"5125",,,3.91,0,,"Z001",,,,,,0,,5
"5125",,"12/09/25 00:00:00","6471",1,2750,0,40,0,,,0,0,0,0,0,479,341,0,1,,,-1,,,19,"ABDUL",1,,,0,0,1,"01",0,0,,0,0,1,"5125",,,220.42,0,,"Z001",,,,,,0,,2750
"5125",,"12/09/25 00:00:00","6616",4,200,0,0,0,,,0,0,0,0,0,480,341,0,1,,,-1,,,20,"ABDUL",1,,,0,0,1,"01",0,0,,0,0,1,"5125",,,67.90000000000001,0,,"Z001",,,,,,0,,200
"5125",,"12/09/25 00:00:00","5969",8,30,0,0,0,,,0,0,0,0,0,481,341,0,1,,,-1,,,21,"ABDUL",1,,,0,0,1,"01",0,0,,0,0,1,"5125",,,13.89,0,,"Z001",,,,,,0,,30
"3925",,"11/22/25 00:00:00","6451",1,700,0,0,0,,,0,0,0,0,0,348,341,0,1,,,-1,,,29,"ABDUL",1,,,0,0,1,"01",0,0,,0,0,1,"3925",,"1273  -  1301",300,0,,"Z001",,,,,,0,,700
"5225",,"12/10/25 00:00:00","1032",2,500,0,0,0,,,0,0,0,0,0,489,341,0,1,,,-1,,,1,"ABDUL",1,,,0,0,1,"01",0,0,,0,0,1,"5225",,,100,0,,"Z001",,,,,,0,,500
"5225",,"12/10/25 00:00:00","6584",1,100,0,0,0,,,0,0,0,0,0,490,341,0,1,,,-1,,,2,"ABDUL",1,,,0,0,1,"01",0,0,,0,0,1,"5225",,,15,0,,"Z001",,,,,,0,,100
"5225",,"12/10/25 00:00:00","5969",1,30,0,0,0,,,0,0,0,0,0,491,341,0,1,,,-1,,,3,"ABDUL",1,,,0,0,1,"01",0,0,,0,0,1,"5225",,,13.89,0,,"Z001",,,,,,0,,30
"5225",,"12/10/25 00:00:00","6511",1,3600,0,0,0,,,0,0,0,0,0,492,341,0,1,,,-1,,,4,"ABDUL",1,,,0,0,1,"01",0,0,,0,0,1,"5225",,,400,0,,"Z001",,,,,,0,,3600
"5225",,"12/10/25 00:00:00","6332",1,250,0,0,0,,,0,0,0,0,0,494,341,0,1,,,-1,,,6,"ABDUL",1,,,0,0,1,"01",0,0,,0,0,1,"5225",,,60,0,,"Z001",,,,,,0,,250
"5325",,"12/12/25 00:00:00","6365",75,2,0,0,0,,,0,0,0,0,0,496,341,0,1,,,-1,,,1,"ABDUL",1,,,0,0,1,"01",0,0,,0,0,1,"5325",,,1.39,0,,"Z001",,,,,,0,,2
"5325",,"12/12/25 00:00:00","6334",1,350,0,0,0,,,0,0,0,0,0,497,341,0,1,,,-1,,,2,"ABDUL",1,,,0,0,1,"01",0,0,,0,0,1,"5325",,,95,0,,"Z001",,,,,,0,,350
"5325",,"12/12/25 00:00:00","6338",1,150,0,0,0,,,0,0,0,0,0,498,341,0,1,,,-1,,,3,"ABDUL",1,,,0,0,1,"01",0,0,,0,0,1,"5325",,,50,0,,"Z001",,,,,,0,,150
"5325",,"12/12/25 00:00:00","6098",1,50,0,0,0,,,0,0,0,0,0,499,341,0,1,,,-1,,,4,"ABDUL",1,,,0,0,1,"01",0,0,,0,0,1,"5325",,,22.45,0,,"Z001",,,,,,0,,50
"5325",,"12/12/25 00:00:00","252042",1,150,0,0,0,,,0,0,0,0,0,500,341,0,1,,,-1,,,5,"ABDUL",1,,,0,0,1,"01",0,0,,0,0,1,"5325",,,72,0,,"Z001",,,,,,0,,150
"5425",,"12/13/25 00:00:00","6098",1,50,0,0,0,,,0,0,0,0,0,502,341,0,1,"5425",,-1,,,1,"ABDUL",1,,,0,0,1,"01",0,0,,0,43310,1,"5425",,,22.45,0,,"Z001",,,,,,0,,50
"5425",,"12/13/25 00:00:00","252013",2,550,0,0,0,,,0,0,0,0,0,504,341,0,1,"5425",,-1,,,2,"ABDUL",1,,,0,0,1,"01",0,0,,0,43310,1,"5425",,,19.87,0,,"Z001",,,,,,0,,550
"5425",,"12/13/25 00:00:00","252045",2,250,0,0,0,,,0,0,0,0,0,505,341,0,1,"5425",,-1,,,3,"ABDUL",1,,,0,0,1,"01",0,0,,0,43310,1,"5425",,,212.5,0,,"Z001",,,,,,0,,250
"5425",,"12/13/25 00:00:00","251942",7,300,0,0,0,,,0,0,0,0,0,506,341,0,1,"5425",,-1,,,4,"ABDUL",1,,,0,0,1,"01",0,0,,0,43310,1,"5425",,,73.79000000000001,0,,"Z001",,,,,,0,,300
"5425",,"12/13/25 00:00:00","221883",1,37400,0,0,0,,,0,0,0,0,0,508,341,0,1,"5425",,-1,,,5,"ABDUL",1,,,0,0,1,"01",0,0,,0,43310,1,"5425",,,3837.49,0,,"Z001",,,,,,0,,37400
"5425",,"12/13/25 00:00:00","6474",0,4600,36,60,0,,,0,0,0,0,0,509,341,0,1,"5425",,-1,,,6,"ABDUL",1,,,0,0,1,"01",0,0,,0,43310,1,"5425",,,0,12.71,,"Z001",,,,,,0,,4600
"5525",,"12/15/25 00:00:00","252045",2,150,0,0,0,,,0,0,0,0,0,511,341,0,1,"5525",,-1,,,1,"ABDUL",1,,,0,0,1,"01",0,0,,0,3850.01,1,"5525",,,112.5,0,,"Z001",,,,,,0,,150
"5525",,"12/15/25 00:00:00","6505",3,116.67,0,0,0,,,0,0,0,0,0,512,341,0,1,"5525",,-1,,,2,"ABDUL",1,,,0,0,1,"01",0,0,,0,3850.01,1,"5525",,,46.5,0,,"Z001",,,,,,0,,116.67
"1125",,"09/27/25 00:00:00","5762",15,20,0,0,0,,,0,0,0,0,0,61,341,0,1,"1125",,-1,,,24,"SAID",1,,,0,0,1,"01",0,0,,0,52450,1,"1125",,,11,0,,"Z001",,,,,,0,,20
"1125",,"09/27/25 00:00:00","6100",30,40,0,0,0,,,0,0,0,0,0,64,341,0,1,"1125",,-1,,,17,"SAID",1,,,0,0,1,"01",0,0,,0,52450,1,"1125",,,40,0,,"Z001",,,,,,0,,40
"1425",,"10/13/25 00:00:00","6346",1,900,0,0,0,,,0,0,0,0,0,90,341,0,1,"1425",,-1,,,1,"ADMIN",1,,,0,0,1,"01",0,0,,0,32000,1,"1425",,"1222/24",471.84,0,,"Z001",,,,,,0,,900
"1425",,"10/13/25 00:00:00","5832",1,300,0,0,0,,,0,0,0,0,0,91,341,0,1,"1425",,-1,,,2,"ADMIN",1,,,0,0,1,"01",0,0,,0,32000,1,"1425",,"1222/24",164.29,0,,"Z001",,,,,,0,,300
"1425",,"10/13/25 00:00:00","6476",0,12000,3,150,0,,,0,0,0,0,0,92,341,0,1,"1425",,-1,,,3,"ADMIN",1,,,0,0,1,"01",0,0,,0,32000,1,"1425",,"1222/24",0,37.88,,"Z001",,,,,,0,,12000
"1425",,"10/13/25 00:00:00","757",1,2000,0,0,0,,,0,0,0,0,0,93,341,0,1,"1425",,-1,,,4,"ADMIN",1,,,0,0,1,"01",0,0,,0,32000,1,"1425",,"1222/24",650,0,,"Z001",,,,,,0,,2000
"1425",,"10/13/25 00:00:00","836",4,300,0,0,0,,,0,0,0,0,0,94,341,0,1,"1425",,-1,,,5,"ADMIN",1,,,0,0,1,"01",0,0,,0,32000,1,"1425",,"1222/24",70,0,,"Z001",,,,,,0,,300
"1425",,"10/13/25 00:00:00","6483",0,33000,2,400,0,,,0,0,0,0,0,95,341,0,1,"1425",,-1,,,6,"ADMIN",1,,,0,0,1,"01",0,0,,0,32000,1,"1425",,"1222/24",0,86.5,,"Z001",,,,,,0,,33000
"1425",,"10/13/25 00:00:00","5762",13,20,0,0,0,,,0,0,0,0,0,96,341,0,1,"1425",,-1,,,7,"ADMIN",1,,,0,0,1,"01",0,0,,0,32000,1,"1425",,"1222/24",11,0,,"Z001",,,,,,0,,20
"1425",,"10/13/25 00:00:00","6127",6,250,0,0,0,,,0,0,0,0,0,97,341,0,1,"1425",,-1,,,8,"ADMIN",1,,,0,0,1,"01",0,0,,0,32000,1,"1425",,"1222/24",250,0,,"Z001",,,,,,0,,250
"1425",,"10/13/25 00:00:00","5968",13,15,0,0,0,,,0,0,0,0,0,98,341,0,1,"1425",,-1,,,9,"ADMIN",1,,,0,0,1,"01",0,0,,0,32000,1,"1425",,"1222/24",5,0,,"Z001",,,,,,0,,15
"1425",,"10/13/25 00:00:00","231903",1,400,0,0,0,,,0,0,0,0,0,99,341,0,1,"1425",,-1,,,10,"ADMIN",1,,,0,0,1,"01",0,0,,0,32000,1,"1425",,"1222/24",398.91,0,,"Z001",,,,,,0,,400
"1425",,"10/13/25 00:00:00","6471",1,2850,45,33.330002,0,,,0,0,0,0,0,100,341,0,1,"1425",,-1,,,11,"ADMIN",1,,,0,0,1,"01",0,0,,0,32000,1,"1425",,"1222/24",320.42,5.22,,"Z001",,,,,,0,,2850
"1425",,"10/13/25 00:00:00","6474",3,4650,0,51.110001,0,,,0,0,0,0,0,101,341,0,1,"1425",,-1,,,12,"ADMIN",1,,,0,0,1,"01",0,0,,0,32000,1,"1425",,"1222/24",394.09,0,,"Z001",,,,,,0,,4650
"1425",,"10/13/25 00:00:00","6505",9,100,0,0,0,,,0,0,0,0,0,102,341,0,1,"1425",,-1,,,13,"ADMIN",1,,,0,0,1,"01",0,0,,0,32000,1,"1425",,"1222/24",26.59,0,,"Z001",,,,,,0,,100
"1425",,"10/13/25 00:00:00","6030",2,100,0,0,0,,,0,0,0,0,0,103,341,0,1,"1425",,-1,,,14,"ADMIN",1,,,0,0,1,"01",0,0,,0,32000,1,"1425",,"1222/24",20,0,,"Z001",,,,,,0,,100
"1425",,"10/13/25 00:00:00","6190",15,20,0,0,0,,,0,0,0,0,0,104,341,0,1,"1425",,-1,,,15,"ADMIN",1,,,0,0,1,"01",0,0,,0,32000,1,"1425",,"1222/24",20,0,,"Z001",,,,,,0,,20
"1425",,"10/13/25 00:00:00","6602",3,100,0,0,0,,,0,0,0,0,0,105,341,0,1,"1425",,-1,,,16,"ADMIN",1,,,0,0,1,"01",0,0,,0,32000,1,"1425",,"1222/24",35.94,0,,"Z001",,,,,,0,,100
"2225",,"10/28/25 00:00:00","6476",1,11250,0,150,0,,,0,0,0,0,0,161,355,0,1,,,-1,,,1,"RAYYAN",1,,,0,0,1,"01",0,0,,0,0,1,"2225",,,1196.21,0,,"Z001",,,,,,0,,11250
"1125",,"09/27/25 00:00:00","6616",2,200,0,0,0,,,0,0,0,0,0,164,341,0,1,"1125",,-1,,,3,"SAID",1,,,0,0,1,"01",0,0,,0,52450,1,"1125",,,80,0,,"Z001",,,,,,0,,200
"1125",,"09/27/25 00:00:00","862",1,200,0,0,0,,,0,0,0,0,0,165,341,0,1,"1125",,-1,,,4,"SAID",1,,,0,0,1,"01",0,0,,0,52450,1,"1125",,,80,0,,"Z001",,,,,,0,,200
"1125",,"09/27/25 00:00:00","1549",2,400,0,0,0,,,0,0,0,0,0,166,341,0,1,"1125",,-1,,,26,"SAID",1,,,0,0,1,"01",0,0,,0,52450,1,"1125",,,267,0,,"Z001",,,,,,0,,400
"1125",,"09/27/25 00:00:00","1550",1,300,0,0,0,,,0,0,0,0,0,167,341,0,1,"1125",,-1,,,27,"SAID",1,,,0,0,1,"01",0,0,,0,52450,1,"1125",,,188,0,,"Z001",,,,,,0,,300
"925",,"09/28/25 00:00:00","6625",1,16000,0,0,0,,,0,0,0,0,0,176,365,0,1,"925",,-1,,,3,"ABDUL",1,,,0,0,1,"01",0,0,,0,84500,1,"925",,,0,0,,"Z001",,,,,,0,,16000
"2425",,"11/03/25 00:00:00","6466",4,350,0,0,0,,,0,0,0,0,0,178,341,0,1,"2425",,-1,,,1,"SAID",1,,,0,0,1,"01",0,0,,0,7900,1,"2425",,,100,0,,"Z001",,,,,,0,,350
"2425",,"11/03/25 00:00:00","6591",1,4800,0,0,0,,,0,0,0,0,0,179,341,0,1,"2425",,-1,,,2,"SAID",1,,,0,0,1,"01",0,0,,0,7900,1,"2425",,,977.79,0,,"Z001",,,,,,0,,4800
"2425",,"11/03/25 00:00:00","6505",4,100,0,0,0,,,0,0,0,0,0,180,341,0,1,"2425",,-1,,,3,"SAID",1,,,0,0,1,"01",0,0,,0,7900,1,"2425",,,26.59,0,,"Z001",,,,,,0,,100
"2425",,"11/03/25 00:00:00","6602",4,100,0,0,0,,,0,0,0,0,0,181,341,0,1,"2425",,-1,,,4,"SAID",1,,,0,0,1,"01",0,0,,0,7900,1,"2425",,,29.78,0,,"Z001",,,,,,0,,100
"2425",,"11/03/25 00:00:00","6584",4,100,0,0,0,,,0,0,0,0,0,182,341,0,1,"2425",,-1,,,5,"SAID",1,,,0,0,1,"01",0,0,,0,7900,1,"2425",,,15,0,,"Z001",,,,,,0,,100
"2425",,"11/03/25 00:00:00","6587",2,200,0,0,0,,,0,0,0,0,0,184,341,0,1,"2425",,-1,,,6,"SAID",1,,,0,0,1,"01",0,0,,0,7900,1,"2425",,,65,0,,"Z001",,,,,,0,,200
"2425",,"11/03/25 00:00:00","6063",2,50,0,0,0,,,0,0,0,0,0,185,341,0,1,"2425",,-1,,,7,"SAID",1,,,0,0,1,"01",0,0,,0,7900,1,"2425",,,9,0,,"Z001",,,,,,0,,50
"2125",,"10/27/25 00:00:00","241923",2,350,0,0,0,,,0,0,0,0,0,187,341,0,1,"2125",,-1,,,5,"SAID",1,,,0,0,1,"01",0,0,,0,2400,1,"2125",,,70,0,,"Z001",,,,,,0,,350
"2525",,"10/13/25 00:00:00","5797",1,2200,0,0,0,,,0,0,0,0,0,189,341,0,1,"2525",,-1,,,1,"SAID",1,,,0,0,1,"01",0,0,,0,2650,1,"2525",,"1223/",1144.25,0,,"Z001",,,,,,0,,2200
"2525",,"10/13/25 00:00:00","252015",1,450,0,0,0,,,0,0,0,0,0,190,341,0,1,"2525",,-1,,,2,"SAID",1,,,0,0,1,"01",0,0,,0,2650,1,"2525",,"1223/",104.99,0,,"Z001",,,,,,0,,450
"2625",,"10/14/25 00:00:00","6505",2,100,0,0,0,,,0,0,0,0,0,192,341,0,1,"2625",,-1,,,1,"SAID",1,,,0,0,1,"01",0,0,,0,1500,1,"2625",,"1225/6/7/8",26.59,0,,"Z001",,,,,,0,,100
"2625",,"10/14/25 00:00:00","6365",100,1,0,0,0,,,0,0,0,0,0,193,341,0,1,"2625",,-1,,,2,"SAID",1,,,0,0,1,"01",0,0,,0,1500,1,"2625",,"1225/6/7/8",0.39,0,,"Z001",,,,,,0,,1
"2625",,"10/14/25 00:00:00","1084",0,5500,5,80,0,,,0,0,0,0,0,194,341,0,1,"2625",,-1,,,3,"SAID",1,,,0,0,1,"01",0,0,,0,1500,1,"2625",,"1225/6/7/8",0,80,,"Z001",,,,,,0,,5500
"3825",,"11/21/25 00:00:00","6030",10,100,0,0,0,,,0,0,0,0,0,289,341,0,1,,,-1,,,11,"ABDUL",1,,,0,0,1,"01",0,0,,0,0,1,"3825",,"1251 - 1272",20,0,,"Z001",,,,,,0,,100
"3825",,"11/21/25 00:00:00","251942",3,400,0,0,0,,,0,0,0,0,0,290,341,0,1,,,-1,,,12,"ABDUL",1,,,0,0,1,"01",0,0,,0,0,1,"3825",,"1251 - 1272",173.79,0,,"Z001",,,,,,0,,400
"3825",,"11/21/25 00:00:00","6364",1,200,0,0,0,,,0,0,0,0,0,291,341,0,1,,,-1,,,13,"ABDUL",1,,,0,0,1,"01",0,0,,0,0,1,"3825",,"1251 - 1272",43.67,0,,"Z001",,,,,,0,,200
"5525",,"12/15/25 00:00:00","6602",2,100,0,0,0,,,0,0,0,0,0,513,341,0,1,"5525",,-1,,,3,"ABDUL",1,,,0,0,1,"01",0,0,,0,3850.01,1,"5525",,,29.78,0,,"Z001",,,,,,0,,100
"5525",,"12/15/25 00:00:00","6616",1,200,0,0,0,,,0,0,0,0,0,514,341,0,1,"5525",,-1,,,4,"ABDUL",1,,,0,0,1,"01",0,0,,0,3850.01,1,"5525",,,67.90000000000001,0,,"Z001",,,,,,0,,200
"5525",,"12/15/25 00:00:00","862",1,200,0,0,0,,,0,0,0,0,0,515,341,0,1,"5525",,-1,,,5,"ABDUL",1,,,0,0,1,"01",0,0,,0,3850.01,1,"5525",,,80,0,,"Z001",,,,,,0,,200
"5625",,"12/16/25 00:00:00","1471",1,12000,0,0,0,,,0,0,0,0,0,519,341,0,1,"5625",,-1,,,1,"ABDUL",1,,,0,0,1,"01",0,0,,0,17250,1,"5625",,,1200,0,,"Z001",,,,,,0,,12000
"5625",,"12/16/25 00:00:00","6563",1,4500,0,0,0,,,0,0,0,0,0,520,341,0,1,"5625",,-1,,,2,"ABDUL",1,,,0,0,1,"01",0,0,,0,17250,1,"5625",,,2000,0,,"Z001",,,,,,0,,4500
"5625",,"12/16/25 00:00:00","6333",1,350,0,0,0,,,0,0,0,0,0,521,341,0,1,"5625",,-1,,,3,"ABDUL",1,,,0,0,1,"01",0,0,,0,17250,1,"5625",,,120,0,,"Z001",,,,,,0,,350
"5625",,"12/16/25 00:00:00","6466",1,400,0,0,0,,,0,0,0,0,0,522,341,0,1,"5625",,-1,,,4,"ABDUL",1,,,0,0,1,"01",0,0,,0,17250,1,"5625",,,150,0,,"Z001",,,,,,0,,400
"5525",,"12/15/25 00:00:00","973",1,1500,0,0,0,,,0,0,0,0,0,525,341,0,1,"5525",,-1,,,6,"ABDUL",1,,,0,0,1,"01",0,0,,0,3850.01,1,"5525",,,750,0,,"Z001",,,,,,0,,1500
"5525",,"12/15/25 00:00:00","251942",3,366.66666,0,0,0,,,0,0,0,0,0,526,341,0,1,"5525",,-1,,,7,"ABDUL",1,,,0,0,1,"01",0,0,,0,3850.01,1,"5525",,,140.46,0,,"Z001",,,,,,0,,366.66666
"5725",,"12/05/25 00:00:00","5969",2,30,0,0,0,,,0,0,0,0,0,529,10002,0,1,,,-1,,,1,"ABDUL",1,,,0,0,1,"01",0,0,,0,0,1,"5725",,,13.89,0,,"Z001",,,,,,0,,30
"5725",,"12/05/25 00:00:00","6332",2,300,0,0,0,,,0,0,0,0,0,530,10002,0,1,,,-1,,,2,"ABDUL",1,,,0,0,1,"01",0,0,,0,0,1,"5725",,,110,0,,"Z001",,,,,,0,,300
"5725",,"12/05/25 00:00:00","5795",1,4300,0,0,0,,,0,0,0,0,0,531,10002,0,1,,,-1,,,3,"ABDUL",1,,,0,0,1,"01",0,0,,0,0,1,"5725",,,1818.13,0,,"Z001",,,,,,0,,4300
"5725",,"12/05/25 00:00:00","6620",0,20000,6,250,0,,,0,0,0,0,0,532,10002,0,1,,,-1,,,4,"ABDUL",1,,,0,0,1,"01",0,0,,0,0,1,"5725",,,0,72.22,,"Z001",,,,,,0,,20000
"5725",,"12/05/25 00:00:00","6063",1,50,0,0,0,,,0,0,0,0,0,533,10002,0,1,,,-1,,,5,"ABDUL",1,,,0,0,1,"01",0,0,,0,0,1,"5725",,,9,0,,"Z001",,,,,,0,,50
"5825",,"12/17/25 00:00:00","6505",1,100,0,0,0,,,0,0,0,0,0,535,341,0,1,"5825",,-1,,,1,"ABDUL",1,,,0,0,1,"01",0,0,,0,5450,1,"5825",,,29.83,0,,"Z001",,,,,,0,,100
"5825",,"12/17/25 00:00:00","6602",1,100,0,0,0,,,0,0,0,0,0,536,341,0,1,"5825",,-1,,,2,"ABDUL",1,,,0,0,1,"01",0,0,,0,5450,1,"5825",,,29.78,0,,"Z001",,,,,,0,,100
"3825",,"11/21/25 00:00:00","6481",0,15500,1,200,0,,,0,0,0,0,0,278,341,0,1,,,-1,,,1,"ABDUL",1,,,0,0,1,"01",0,0,,0,0,1,"3825",,"1251 - 1272",0,52.04,,"Z001",,,,,,0,,15500
"5825",,"12/17/25 00:00:00","6616",1,200,0,0,0,,,0,0,0,0,0,537,341,0,1,"5825",,-1,,,3,"ABDUL",1,,,0,0,1,"01",0,0,,0,5450,1,"5825",,,67.90000000000001,0,,"Z001",,,,,,0,,200
"5825",,"12/17/25 00:00:00","962",1,750,0,0,0,,,0,0,0,0,0,538,341,0,1,"5825",,-1,,,4,"ABDUL",1,,,0,0,1,"01",0,0,,0,5450,1,"5825",,,295.64,0,,"Z001",,,,,,0,,750
"5825",,"12/17/25 00:00:00","6591",1,4300,0,22.219999,0,,,0,0,0,0,0,539,341,0,1,"5825",,-1,,,5,"ABDUL",1,,,0,0,1,"01",0,0,,0,5450,1,"5825",,,477.79,0,,"Z001",,,,,,0,,4300
"5725",,"12/05/25 00:00:00","1084",0,5500,16,80,0,,,0,0,0,0,0,542,10002,0,1,,,-1,,,6,"ABDUL",1,,,0,0,1,"01",0,0,,0,0,1,"5725",,,0,30.69,,"Z001",,,,,,0,,5500
"5925",,"12/18/25 00:00:00","251946",1,1200,0,0,0,,,0,0,0,0,0,544,341,0,1,"5925",,-1,,,1,"ABDUL",1,,,0,0,1,"01",0,0,,0,1300,1,"5925",,,375.42,0,,"Z001",,,,,,0,,1200
"5925",,"12/18/25 00:00:00","6505",1,100,0,0,0,,,0,0,0,0,0,545,341,0,1,"5925",,-1,,,2,"ABDUL",1,,,0,0,1,"01",0,0,,0,1300,1,"5925",,,29.83,0,,"Z001",,,,,,0,,100
"6025",,"12/11/25 00:00:00","1071",2,8000,0,0,0,,,0,0,0,0,0,547,355,0,1,,,-1,,,1,"ABDUL",1,,,0,0,1,"01",0,0,,0,0,1,"6025",,,1400,0,,"Z001",,,,,,0,,8000
"6025",,"12/11/25 00:00:00","6511",1,3600,0,0,0,,,0,0,0,0,0,548,355,0,1,,,-1,,,2,"ABDUL",1,,,0,0,1,"01",0,0,,0,0,1,"6025",,,438.13,0,,"Z001",,,,,,0,,3600
"6125",,"12/19/25 00:00:00","231903",20,5,0,0,0,,,0,0,0,0,0,552,341,0,1,"6125",,-1,,,1,"ABDUL",1,,,0,0,1,"01",0,0,,0,9930,1,"6125",,,3.91,0,,"Z001",,,,,,0,,5
"6125",,"12/19/25 00:00:00","5761",1,30,0,0,0,,,0,0,0,0,0,553,341,0,1,"6125",,-1,,,2,"ABDUL",1,,,0,0,1,"01",0,0,,0,9930,1,"6125",,,21,0,,"Z001",,,,,,0,,30
"6125",,"12/19/25 00:00:00","6591",2,4800,0,0,0,,,0,0,0,0,0,554,341,0,1,"6125",,-1,,,3,"ABDUL",1,,,0,0,1,"01",0,0,,0,9930,1,"6125",,,977.79,0,,"Z001",,,,,,0,,4800
"6125",,"12/19/25 00:00:00","6505",2,100,0,0,0,,,0,0,0,0,0,555,341,0,1,"6125",,-1,,,4,"ABDUL",1,,,0,0,1,"01",0,0,,0,9930,1,"6125",,,29.83,0,,"Z001",,,,,,0,,100
"6225",,"12/20/25 00:00:00","251942",2,350,0,0,0,,,0,0,0,0,0,557,341,0,1,,,-1,,,1,"ABDUL",1,,,0,0,1,"01",0,0,,0,0,1,"6225",,,123.79,0,,"Z001",,,,,,0,,350
"6225",,"12/20/25 00:00:00","251964",1,17500,0,0,0,,,0,0,0,0,0,558,341,0,1,,,-1,,,2,"ABDUL",1,,,0,0,1,"01",0,0,,0,0,1,"6225",,,4000,0,,"Z001",,,,,,0,,17500
"6225",,"12/20/25 00:00:00","241926",1,100000,0,0,0,,,0,0,0,0,0,559,341,0,1,,,-1,,,3,"ABDUL",1,,,0,0,1,"01",0,0,,0,0,1,"6225",,,20.97,0,,"Z001",,,,,,0,,100000
"6225",,"12/20/25 00:00:00","771",1,50000,0,0,0,,,0,0,0,0,0,560,341,0,1,,,-1,,,4,"ABDUL",1,,,0,0,1,"01",0,0,,0,0,1,"6225",,,13857.14,0,,"Z001",,,,,,0,,50000
"6225",,"12/20/25 00:00:00","5817",4,10000,0,0,0,,,0,0,0,0,0,561,341,0,1,,,-1,,,5,"ABDUL",1,,,0,0,1,"01",0,0,,0,0,1,"6225",,,2706.1,0,,"Z001",,,,,,0,,10000
"6225",,"12/20/25 00:00:00","241912",6,250,0,0,0,,,0,0,0,0,0,562,341,0,1,,,-1,,,6,"ABDUL",1,,,0,0,1,"01",0,0,,0,0,1,"6225",,,183.43,0,,"Z001",,,,,,0,,250
"3825",,"11/21/25 00:00:00","6608",1,850,0,0,0,,,0,0,0,0,0,280,341,0,1,,,-1,,,3,"ABDUL",1,,,0,0,1,"01",0,0,,0,0,1,"3825",,"1251 - 1272",112.81,0,,"Z001",,,,,,0,,850
"6225",,"12/20/25 00:00:00","1032",1,500,0,0,0,,,0,0,0,0,0,563,341,0,1,,,-1,,,7,"ABDUL",1,,,0,0,1,"01",0,0,,0,0,1,"6225",,,100,0,,"Z001",,,,,,0,,500
"6225",,"12/20/25 00:00:00","6365",100,1.5,0,0,0,,,0,0,0,0,0,564,341,0,1,,,-1,,,8,"ABDUL",1,,,0,0,1,"01",0,0,,0,0,1,"6225",,,0.89,0,,"Z001",,,,,,0,,1.5
"6225",,"12/20/25 00:00:00","973",1,1500,0,0,0,,,0,0,0,0,23.3333,566,341,0,1,,,-1,,,10,"ABDUL",1,,,0,0,1,"01",0,0,,0,0,1,"6225",,,750,0,,"Z001",,,,,,0,,1500
"6225",,"12/20/25 00:00:00","252020",100,250,0,0,0,,,0,0,0,0,0,567,341,0,1,,,-1,,,11,"ABDUL",1,,,0,0,1,"01",0,0,,0,0,1,"6225",,,50.17,0,,"Z001",,,,,,0,,250
"6225",,"12/20/25 00:00:00","6591",2,4800,0,0,0,,,0,0,0,0,0,568,341,0,1,,,-1,,,12,"ABDUL",1,,,0,0,1,"01",0,0,,0,0,1,"6225",,,977.79,0,,"Z001",,,,,,0,,4800
"6225",,"12/20/25 00:00:00","241910",0,25000,30,250,0,,,0,0,0,0,0,569,341,0,1,,,-1,,,13,"ABDUL",1,,,0,0,1,"01",0,0,,0,0,1,"6225",,,0,147.8,,"Z001",,,,,,0,,25000
"6225",,"12/20/25 00:00:00","252003",1,27000,0,0,0,,,0,0,0,0,0,571,341,0,1,,,-1,,,9,"ABDUL",1,,,0,0,1,"01",0,0,,0,0,1,"6225",,,12550,0,,"Z001",,,,,,0,,27000
"6225",,"12/20/25 00:00:00","6471",2,2800,0,40,0,,,0,0,0,0,0,572,341,0,1,,,-1,,,14,"ABDUL",1,,,0,0,1,"01",0,0,,0,0,1,"6225",,,270.42,0,,"Z001",,,,,,0,,2800
"6225",,"12/20/25 00:00:00","6030",1,100,0,0,0,,,0,0,0,0,0,573,341,0,1,,,-1,,,15,"ABDUL",1,,,0,0,1,"01",0,0,,0,0,1,"6225",,,20,0,,"Z001",,,,,,0,,100
"5725",,"12/05/25 00:00:00","791",1,1500,0,0,0,,,0,0,0,0,0,577,10002,0,1,,,-1,,,7,"ABDUL",1,,,0,0,1,"01",0,0,,0,0,1,"5725",,,875,0,,"Z001",,,,,,0,,1500
"6325",,"12/22/25 00:00:00","6587",3,200,0,0,0,,,0,0,0,0,0,579,341,0,1,,,-1,,,1,"ABDUL",1,,,0,0,1,"01",0,0,,0,0,1,"6325",,,65,0,,"Z001",,,,,,0,,200
"6325",,"12/22/25 00:00:00","6505",1,100,0,0,0,,,0,0,0,0,0,580,341,0,1,,,-1,,,2,"ABDUL",1,,,0,0,1,"01",0,0,,0,0,1,"6325",,,29.83,0,,"Z001",,,,,,0,,100
"6325",,"12/22/25 00:00:00","862",1,200,0,0,0,,,0,0,0,0,0,581,341,0,1,,,-1,,,3,"ABDUL",1,,,0,0,1,"01",0,0,,0,0,1,"6325",,,80,0,,"Z001",,,,,,0,,200
"6325",,"12/22/25 00:00:00","252009",1,300,0,0,0,,,0,0,0,0,0,582,341,0,1,,,-1,,,4,"ABDUL",1,,,0,0,1,"01",0,0,,0,0,1,"6325",,,107.05,0,,"Z001",,,,,,0,,300
"6425",,"12/23/25 00:00:00","251970",1,150,0,0,0,,,0,0,0,0,0,584,341,0,1,"6425",,-1,,,1,"ABDUL",1,,,0,0,1,"01",0,0,,0,147950,1,"6425",,,-134,0,,"Z001",,,,,,0,,150
"6425",,"12/23/25 00:00:00","6365",100,1,0,0,0,,,0,0,0,0,0,585,341,0,1,"6425",,-1,,,2,"ABDUL",1,,,0,0,1,"01",0,0,,0,147950,1,"6425",,,0.39,0,,"Z001",,,,,,0,,1
"6425",,"12/23/25 00:00:00","862",1,200,0,0,0,,,0,0,0,0,0,586,341,0,1,"6425",,-1,,,3,"ABDUL",1,,,0,0,1,"01",0,0,,0,147950,1,"6425",,,80,0,,"Z001",,,,,,0,,200
"6425",,"12/23/25 00:00:00","1032",1,500,0,0,0,,,0,0,0,0,0,587,341,0,1,"6425",,-1,,,4,"ABDUL",1,,,0,0,1,"01",0,0,,0,147950,1,"6425",,,100,0,,"Z001",,,,,,0,,500
"6425",,"12/23/25 00:00:00","6471",6,2800,0,250,0,,,0,0,0,0,0,588,341,0,1,"6425",,-1,,,5,"ABDUL",1,,,0,0,1,"01",0,0,,0,147950,1,"6425",,,270.42,0,,"Z001",,,,,,0,,2800
"3825",,"11/21/25 00:00:00","6098",1,50,0,0,0,,,0,0,0,0,0,282,341,0,1,,,-1,,,5,"ABDUL",1,,,0,0,1,"01",0,0,,0,0,1,"3825",,"1251 - 1272",22.45,0,,"Z001",,,,,,0,,50
"6425",,"12/23/25 00:00:00","6474",3,4600,0,60,0,,,0,0,0,0,0,589,341,0,1,"6425",,-1,,,6,"ABDUL",1,,,0,0,1,"01",0,0,,0,147950,1,"6425",,,344.09,0,,"Z001",,,,,,0,,4600
"6425",,"12/23/25 00:00:00","6475",3,7450,0,120,0,,,0,0,0,0,0,590,341,0,1,"6425",,-1,,,7,"ABDUL",1,,,0,0,1,"01",0,0,,0,147950,1,"6425",,,694.08,0,,"Z001",,,,,,0,,7450
"6425",,"12/23/25 00:00:00","6476",3,11250,0,150,0,,,0,0,0,0,0,591,341,0,1,"6425",,-1,,,8,"ABDUL",1,,,0,0,1,"01",0,0,,0,147950,1,"6425",,,1196.21,0,,"Z001",,,,,,0,,11250
"6425",,"12/23/25 00:00:00","6334",17,300,0,0,0,,,0,0,0,0,5.88,592,341,0,1,"6425",,-1,,,9,"ABDUL",1,,,0,0,1,"01",0,0,,0,147950,1,"6425",,,45,0,,"Z001",,,,,,0,,300
"6425",,"12/23/25 00:00:00","6584",9,100,0,0,0,,,0,0,0,0,0,593,341,0,1,"6425",,-1,,,10,"ABDUL",1,,,0,0,1,"01",0,0,,0,147950,1,"6425",,,15,0,,"Z001",,,,,,0,,100
"6425",,"12/23/25 00:00:00","6585",4,160,0,0,0,,,0,0,0,0,0,594,341,0,1,"6425",,-1,,,11,"ABDUL",1,,,0,0,1,"01",0,0,,0,147950,1,"6425",,,35,0,,"Z001",,,,,,0,,160
"6425",,"12/23/25 00:00:00","6602",14,100,0,0,0,,,0,0,0,0,0,595,341,0,1,"6425",,-1,,,12,"ABDUL",1,,,0,0,1,"01",0,0,,0,147950,1,"6425",,,29.78,0,,"Z001",,,,,,0,,100
"6425",,"12/23/25 00:00:00","836",15,330,0,0,0,,,0,0,0,0,4.04,596,341,0,1,"6425",,-1,,,13,"ABDUL",1,,,0,0,1,"01",0,0,,0,147950,1,"6425",,,100,0,,"Z001",,,,,,0,,330
"6425",,"12/23/25 00:00:00","757",1,1900,0,0,0,,,0,0,0,0,3.68,597,341,0,1,"6425",,-1,,,14,"ABDUL",1,,,0,0,1,"01",0,0,,0,147950,1,"6425",,,550,0,,"Z001",,,,,,0,,1900
"6425",,"12/23/25 00:00:00","6333",4,320,0,0,0,,,0,0,0,0,0,598,341,0,1,"6425",,-1,,,15,"ABDUL",1,,,0,0,1,"01",0,0,,0,147950,1,"6425",,,90,0,,"Z001",,,,,,0,,320
"6425",,"12/23/25 00:00:00","252047",1,350,0,0,0,,,0,0,0,0,0,599,341,0,1,"6425",,-1,,,16,"ABDUL",1,,,0,0,1,"01",0,0,,0,147950,1,"6425",,,190,0,,"Z001",,,,,,0,,350
"6425",,"12/23/25 00:00:00","252048",1,350,0,0,0,,,0,0,0,0,0,600,341,0,1,"6425",,-1,,,17,"ABDUL",1,,,0,0,1,"01",0,0,,0,147950,1,"6425",,,170,0,,"Z001",,,,,,0,,350
"6425",,"12/23/25 00:00:00","1004",1,1500,0,0,0,,,0,0,0,0,0,601,341,0,1,"6425",,-1,,,18,"ABDUL",1,,,0,0,1,"01",0,0,,0,147950,1,"6425",,,1107.92,0,,"Z001",,,,,,0,,1500
"6425",,"12/23/25 00:00:00","5817",2,10000,0,0,0,,,0,0,0,0,0,603,341,0,1,"6425",,-1,,,20,"ABDUL",1,,,0,0,1,"01",0,0,,0,147950,1,"6425",,,2706.1,0,,"Z001",,,,,,0,,10000
"6425",,"12/23/25 00:00:00","973",1,1500,0,0,0,,,0,0,0,0,0,604,341,0,1,"6425",,-1,,,21,"ABDUL",1,,,0,0,1,"01",0,0,,0,147950,1,"6425",,,750,0,,"Z001",,,,,,0,,1500
"7025",,"10/29/25 00:00:00","252004",1,34566.211,0,0,0,,,0,1,0,0,0,638,369,0,1,,,63,,,1,"ABDUL",1,,,0,0,1,"01",0,0,,0,0,1,"7025",,,12566.21,0,,"Z001",,,,,,0,,30000
"7025",,"10/29/25 00:00:00","5817",3,12674.28,0,0,0,,,0,1,0,0,0,639,369,0,1,,,63,,,2,"ABDUL",1,,,0,0,1,"01",0,0,,0,0,1,"7025",,,5380.38,0,,"Z001",,,,,,0,,11000
"7025",,"10/29/25 00:00:00","973",1,2304.4099,0,0,0,,,0,1,0,0,0,640,369,0,1,,,63,,,3,"ABDUL",1,,,0,0,1,"01",0,0,,0,0,1,"7025",,,1554.41,0,,"Z001",,,,,,0,,2000
"3825",,"11/21/25 00:00:00","5970",2,100,0,0,0,,,0,0,0,0,0,284,341,0,1,,,-1,,,7,"ABDUL",1,,,0,0,1,"01",0,0,,0,0,1,"3825",,"1251 - 1272",25,0,,"Z001",,,,,,0,,100
"7025",,"10/29/25 00:00:00","6620",0,20000,30,300,0,,,0,1,0,0,0,641,369,0,1,,,63,,,4,"ABDUL",1,,,0,0,1,"01",0,0,,0,0,1,"7025",,,0,300,,"Z001",,,,,,0,,20000
"7025",,"10/29/25 00:00:00","241910",0,25000,6,300,0,,,0,1,0,0,0,642,369,0,1,,,63,,,5,"ABDUL",1,,,0,0,1,"01",0,0,,0,0,1,"7025",,,0,300,,"Z001",,,,,,0,,25000
"7025",,"10/29/25 00:00:00","241912",2,403.26999,0,0,0,,,0,1,0,0,0,643,369,0,1,,,63,,,6,"ABDUL",1,,,0,0,1,"01",0,0,,0,0,1,"7025",,,336.7,0,,"Z001",,,,,,0,,350
"7125",,"12/30/25 00:00:00","5817",13,9657.1426,0,0,0,,,0,0,0,0,0,646,341,0,1,"7125",,-1,,,1,"ABDUL",1,,,0,0,1,"01",0,0,,0,125542.86,1,"7125",,"1329/1332",2363.24,0,,"Z001",,,,,,0,,9657.1426
"6825",,"12/27/25 00:00:00","251948",2,28000,0,0,0,,,0,0,0,0,7.142857,648,341,0,1,"6825",,-1,,,3,"ABDUL",1,,,0,0,1,"01",0,0,,0,52200,1,"6825",,,6100,0,,"Z001",,,,,,0,,28000
"7225",,"12/29/25 00:00:00","251941",1,450,0,0,0,,,0,0,0,0,0,651,341,0,1,"7225",,-1,,,2,"SAID",1,,,0,0,1,"01",0,0,,0,14300,1,"7225",,,125,0,,"Z001",,,,,,0,,450
"7225",,"12/29/25 00:00:00","6334",1,350,0,0,0,,,0,0,0,0,0,652,341,0,1,"7225",,-1,,,3,"SAID",1,,,0,0,1,"01",0,0,,0,14300,1,"7225",,,95,0,,"Z001",,,,,,0,,350
"7225",,"12/29/25 00:00:00","6098",1,50,0,0,0,,,0,0,0,0,0,653,341,0,1,"7225",,-1,,,4,"SAID",1,,,0,0,1,"01",0,0,,0,14300,1,"7225",,,22.45,0,,"Z001",,,,,,0,,50
"7225",,"12/29/25 00:00:00","241910",0,25000,40,250,0,,,0,0,0,0,0,654,341,0,1,"7225",,-1,,,5,"SAID",1,,,0,0,1,"01",0,0,,0,14300,1,"7225",,,0,147.8,,"Z001",,,,,,0,,25000
"7225",,"12/29/25 00:00:00","252050",5,300,0,0,0,,,0,0,0,0,0,655,341,0,1,"7225",,-1,,,6,"SAID",1,,,0,0,1,"01",0,0,,0,14300,1,"7225",,,-100.68,0,,"Z001",,,,,,0,,300
"7225",,"12/29/25 00:00:00","6586",2,200,0,0,0,,,0,0,0,0,0,656,341,0,1,"7225",,-1,,,7,"SAID",1,,,0,0,1,"01",0,0,,0,14300,1,"7225",,,40,0,,"Z001",,,,,,0,,200
"7225",,"12/29/25 00:00:00","6030",1,50,0,0,0,,,0,0,0,0,0,657,341,0,1,"7225",,-1,,,8,"SAID",1,,,0,0,1,"01",0,0,,0,14300,1,"7225",,,-30,0,,"Z001",,,,,,0,,50
"7325",,"12/30/25 00:00:00","252032",1,250,0,0,0,,,0,0,0,0,0,659,341,0,1,"7325",,-1,,,1,"SAID",1,,,0,0,1,"01",0,0,,0,7450,1,"7325",,,90.01000000000001,0,,"Z001",,,,,,0,,250
"7325",,"12/30/25 00:00:00","251981",1,150,0,0,0,,,0,0,0,0,0,660,341,0,1,"7325",,-1,,,2,"SAID",1,,,0,0,1,"01",0,0,,0,7450,1,"7325",,,0,0,,"Z001",,,,,,0,,150
"7325",,"12/30/25 00:00:00","6030",1,100,0,0,0,,,0,0,0,0,0,661,341,0,1,"7325",,-1,,,3,"SAID",1,,,0,0,1,"01",0,0,,0,7450,1,"7325",,,20,0,,"Z001",,,,,,0,,100
"7325",,"12/30/25 00:00:00","6099",1,150,0,0,0,,,0,0,0,0,0,662,341,0,1,"7325",,-1,,,4,"SAID",1,,,0,0,1,"01",0,0,,0,7450,1,"7325",,,65,0,,"Z001",,,,,,0,,150
"7325",,"12/30/25 00:00:00","252063",1,300,0,0,0,,,0,0,0,0,0,663,341,0,1,"7325",,-1,,,5,"SAID",1,,,0,0,1,"01",0,0,,0,7450,1,"7325",,,120,0,,"Z001",,,,,,0,,300
"7325",,"12/30/25 00:00:00","252012",4,700,0,0,0,,,0,0,0,0,0,664,341,0,1,"7325",,-1,,,6,"SAID",1,,,0,0,1,"01",0,0,,0,7450,1,"7325",,,275,0,,"Z001",,,,,,0,,700
"3825",,"11/21/25 00:00:00","251997",1,600,0,0,0,,,0,0,0,0,0,286,341,0,1,,,-1,,,9,"ABDUL",1,,,0,0,1,"01",0,0,,0,0,1,"3825",,"1251 - 1272",215.25,0,,"Z001",,,,,,0,,600
"7325",,"12/30/25 00:00:00","962",2,800,0,0,0,,,0,0,0,0,0,665,341,0,1,"7325",,-1,,,7,"SAID",1,,,0,0,1,"01",0,0,,0,7450,1,"7325",,,345.64,0,,"Z001",,,,,,0,,800
"7325",,"12/30/25 00:00:00","6466",2,400,0,0,0,,,0,0,0,0,0,666,341,0,1,"7325",,-1,,,8,"SAID",1,,,0,0,1,"01",0,0,,0,7450,1,"7325",,,150,0,,"Z001",,,,,,0,,400
"7325",,"12/30/25 00:00:00","6602",1,100,0,0,0,,,0,0,0,0,0,667,341,0,1,"7325",,-1,,,9,"SAID",1,,,0,0,1,"01",0,0,,0,7450,1,"7325",,,29.78,0,,"Z001",,,,,,0,,100
"7325",,"12/30/25 00:00:00","251946",1,1200,0,0,0,,,0,0,0,0,0,668,341,0,1,"7325",,-1,,,10,"SAID",1,,,0,0,1,"01",0,0,,0,7450,1,"7325",,,375.42,0,,"Z001",,,,,,0,,1200
"7425",,"12/31/25 00:00:00","251942",4,300,0,0,0,,,0,0,0,0,0,670,341,0,1,"7425",,-1,,,1,"SAID",1,,,0,0,1,"01",0,0,,0,1710,1,"7425",,,73.79000000000001,0,,"Z001",,,,,,0,,300
"7425",,"12/31/25 00:00:00","5969",2,30,0,0,0,,,0,0,0,0,0,671,341,0,1,"7425",,-1,,,2,"SAID",1,,,0,0,1,"01",0,0,,0,1710,1,"7425",,,13.89,0,,"Z001",,,,,,0,,30
"7425",,"12/31/25 00:00:00","6587",2,200,0,0,0,,,0,0,0,0,0,672,341,0,1,"7425",,-1,,,3,"SAID",1,,,0,0,1,"01",0,0,,0,1710,1,"7425",,,65,0,,"Z001",,,,,,0,,200
"7425",,"12/31/25 00:00:00","6025",1,50,0,0,0,,,0,0,0,0,0,673,341,0,1,"7425",,-1,,,4,"SAID",1,,,0,0,1,"01",0,0,,0,1710,1,"7425",,,-11.75,0,,"Z001",,,,,,0,,50
"7525",,"12/03/25 00:00:00","252003",1,22000,0,0,0,,,0,0,0,0,0,675,341,0,1,"7525",,-1,,,1,"SAID",1,,,0,0,1,"01",0,0,,0,58800,1,"7525",,,2000,0,,"Z001",,,,,,0,,22000
"7525",,"12/03/25 00:00:00","5817",2,10000,0,0,0,,,0,0,0,0,0,676,341,0,1,"7525",,-1,,,2,"SAID",1,,,0,0,1,"01",0,0,,0,58800,1,"7525",,,2706.1,0,,"Z001",,,,,,0,,10000
"7525",,"12/03/25 00:00:00","252020",50,250,0,0,0,,,0,0,0,0,0,677,341,0,1,"7525",,-1,,,3,"SAID",1,,,0,0,1,"01",0,0,,0,58800,1,"7525",,,50.17,0,,"Z001",,,,,,0,,250
"7525",,"12/03/25 00:00:00","241910",0,25000,14,200,0,,,0,0,0,0,0,678,341,0,1,"7525",,-1,,,4,"SAID",1,,,0,0,1,"01",0,0,,0,58800,1,"7525",,,0,97.8,,"Z001",,,,,,0,,25000
"7525",,"12/03/25 00:00:00","973",1,1500,0,0,0,,,0,0,0,0,0,679,341,0,1,"7525",,-1,,,5,"SAID",1,,,0,0,1,"01",0,0,,0,58800,1,"7525",,,750,0,,"Z001",,,,,,0,,1500
