TransRefNo,Item,TDate,QntyIn,QntyOut,GRN,RevGRN,MINTrans,RevMIN,Disposal,Lse,Price,GRNBal,AvgPrice,StCn,Transfer,ActPrice,Company,SortOrder,Official,Profit,BinLoc,Production
"4425","5832","10/15/25 00:00:00",6,0,1,0,0,0,0,0,100,6,132.0823244552058,0,0,0,"01",663,0,0,"Z001",0
"4425","5762","10/15/25 00:00:00",50,0,1,0,0,0,0,0,9,50,9,0,0,0,"01",664,0,0,"Z001",0
"4425","6192","10/15/25 00:00:00",50,0,1,0,0,0,0,0,1,50,1.214285714285714,0,0,0,"01",665,0,0,"Z001",0
"4425","5969","10/15/25 00:00:00",30,0,1,0,0,0,0,0,13,30,16.11111111111111,0,0,0,"01",666,0,0,"Z001",0
"4425","5761","10/15/25 00:00:00",50,0,1,0,0,0,0,0,9,50,9,0,0,0,"01",667,0,0,"Z001",0
"4425","6098","10/15/25 00:00:00",20,0,1,0,0,0,0,0,21,20,27.55176470588235,0,0,0,"01",668,0,0,"Z001",0
"4425","251967","10/15/25 00:00:00",12,0,1,0,0,0,0,0,150,12,163.8888888888889,0,0,0,"01",669,0,0,"Z001",0
"4425","5956","10/15/25 00:00:00",50,0,1,0,0,0,0,0,10,50,10,0,0,0,"01",670,0,0,"Z001",0
"4425","251979","10/15/25 00:00:00",2,0,1,0,0,0,0,0,230,2,230,0,0,0,"01",671,0,0,"Z001",0
"4425","251980","10/15/25 00:00:00",2,0,1,0,0,0,0,0,220,2,220,0,0,0,"01",672,0,0,"Z001",0
"4425","251981","10/15/25 00:00:00",3,0,1,0,0,0,0,0,150,3,150,0,0,0,"01",673,0,0,"Z001",0
"4425","251982","10/15/25 00:00:00",7,0,1,0,0,0,0,0,90,7,90,0,0,0,"01",674,0,0,"Z001",0
"4425","251983","10/15/25 00:00:00",7,0,1,0,0,0,0,0,60,7,60,0,0,0,"01",675,0,0,"Z001",0
"4525","6218","10/20/25 00:00:00",2,0,1,0,0,0,0,0,3600,2,3840,0,0,0,"01",677,0,0,"Z001",0
"4525","6394","10/20/25 00:00:00",2,0,1,0,0,0,0,0,4200,2,4200,0,0,0,"01",678,0,0,"Z001",0
"4525","6129","10/20/25 00:00:00",2,0,1,0,0,0,0,0,4500,2,4500,0,0,0,"01",679,0,0,"Z001",0
"4525","6150","10/20/25 00:00:00",6,0,1,0,0,0,0,0,3400,6,3400,0,0,0,"01",680,0,0,"Z001",0
"4525","5704","10/20/25 00:00:00",3,0,1,0,0,0,0,0,3150,3,3150,0,0,0,"01",681,0,0,"Z001",0
"4525","251984","10/20/25 00:00:00",3,0,1,0,0,0,0,0,3150,3,3150,0,0,0,"01",682,0,0,"Z001",0
"4625","241923","10/15/25 00:00:00",30,0,1,0,0,0,0,0,280,30,280,0,0,0,"01",684,0,0,"Z001",0
"4725","5602","10/16/25 00:00:00",2,0,1,0,0,0,0,0,9000,2,9000,0,0,0,"01",685,0,0,"Z001",0
"4725","1711","10/16/25 00:00:00",2,0,1,0,0,0,0,0,2700,2,2700,0,0,0,"01",686,0,0,"Z001",0
"4725","211827","10/16/25 00:00:00",2,0,1,0,0,0,0,0,4000,2,4000,0,0,0,"01",687,0,0,"Z001",0
"4725","5612","10/16/25 00:00:00",4,0,1,0,0,0,0,0,6000,4,6000,0,0,0,"01",688,0,0,"Z001",0
"4825","6475","10/01/25 00:00:00",4,0,1,0,0,0,0,0,6453.3,4,6525.352000000001,0,0,0,"01",690,0,0,"Z001",0
"4825","6476","10/01/25 00:00:00",4,0,1,0,0,0,0,0,9775.5,4,9838.578,0,0,0,"01",691,0,0,"Z001",0
"4925","6363","10/01/25 00:00:00",10,0,1,0,0,0,0,0,112,10,112,0,0,0,"01",692,0,0,"Z001",0
"4925","6364","10/01/25 00:00:00",6,0,1,0,0,0,0,0,188,6,188,0,0,0,"01",693,0,0,"Z001",0
"4925","1691","10/01/25 00:00:00",6,0,1,0,0,0,0,0,225.01,6,225.01,0,0,0,"01",694,0,0,"Z001",0
"4925","201761","10/01/25 00:00:00",5,0,1,0,0,0,0,0,370.01,5,370.01,0,0,0,"01",695,0,0,"Z001",0
"4925","6616","10/01/25 00:00:00",100,0,1,0,0,0,0,0,150,100,132.0967741935484,0,0,0,"01",696,0,0,"Z001",0
"5025","791","10/01/25 00:00:00",10,0,1,0,0,0,0,0,625,10,625,0,0,0,"01",697,0,0,"Z001",0
"8025","1007","09/15/25 00:00:00",2,0,1,0,0,0,0,0,15000,2,15000,0,0,0,"01",891,0,0,"Z001",0
"8025","858","09/15/25 00:00:00",2,0,1,0,0,0,0,0,1400,2,1400,0,0,0,"01",892,0,0,"Z001",0
"8025","6563","09/15/25 00:00:00",2,0,1,0,0,0,0,0,2500,2,2500,0,0,0,"01",893,0,0,"Z001",0
"8025","251948","09/15/25 00:00:00",2,0,1,0,0,0,0,0,21000,2,21000,0,0,0,"01",894,0,0,"Z001",0
"8025","251949","09/15/25 00:00:00",2,0,1,0,0,0,0,0,24000,2,24000,0,0,0,"01",895,0,0,"Z001",0
"8025","251950","09/15/25 00:00:00",2,0,1,0,0,0,0,0,28000,2,28000,0,0,0,"01",896,0,0,"Z001",0
"8025","251946","09/15/25 00:00:00",2,0,1,0,0,0,0,0,800,2,800,0,0,0,"01",897,0,0,"Z001",0
"8025","1669","09/15/25 00:00:00",5,0,1,0,0,0,0,0,3500,5,3500,0,0,0,"01",898,0,0,"Z001",0
"8025","1717","09/15/25 00:00:00",5,0,1,0,0,0,0,0,4800,5,4800,0,0,0,"01",899,0,0,"Z001",0
"8025","6624","09/15/25 00:00:00",2,0,1,0,0,0,0,0,17000,2,17000,0,0,0,"01",900,0,0,"Z001",0
"6225","6229","09/30/25 00:00:00",5,0,1,0,0,0,0,0,360,5,360,0,0,0,"01",786,0,0,"Z001",0
"6225","1082","09/30/25 00:00:00",3,0,1,0,0,0,0,0,600,3,693.75,0,0,0,"01",787,0,0,"Z001",0
"6225","5969","09/30/25 00:00:00",40,0,1,0,0,0,0,0,20,40,17.66666666666667,0,0,0,"01",788,0,0,"Z001",0
"6225","6098","09/30/25 00:00:00",40,0,1,0,0,0,0,0,30,40,30.28166666666667,0,0,0,"01",789,0,0,"Z001",0
"6225","201762","09/30/25 00:00:00",5,0,1,0,0,0,0,0,600,5,600,0,0,0,"01",790,0,0,"Z001",0
"6225","251988","09/30/25 00:00:00",6,0,1,0,0,0,0,0,500,6,500,0,0,0,"01",791,0,0,"Z001",0
"6325","6130","09/20/25 00:00:00",2,0,1,0,0,0,0,0,4900,2,4900,0,0,0,"01",792,0,0,"Z001",0
"6325","6218","09/20/25 00:00:00",3,0,1,0,0,0,0,0,4000,3,4000,0,0,0,"01",793,0,0,"Z001",0
"6325","5692","09/20/25 00:00:00",12,0,1,0,0,0,0,0,2900,12,2900,0,0,0,"01",794,0,0,"Z001",0
"6525","6511","09/22/25 00:00:00",6,0,1,0,0,0,0,0,3200,6,3200,0,0,0,"01",796,0,0,"Z001",0
"6525","6107","09/22/25 00:00:00",2,0,1,0,0,0,0,0,5500,2,5500,0,0,0,"01",797,0,0,"Z001",0
"6525","6116","09/22/25 00:00:00",10,0,1,0,0,0,0,0,550,10,550,0,0,0,"01",798,0,0,"Z001",0
"6525","891","09/22/25 00:00:00",12,0,1,0,0,0,0,0,150,12,150,0,0,0,"01",799,0,0,"Z001",0
"6625","6099","09/25/25 00:00:00",70,0,1,0,0,0,0,0,85,70,85,0,0,0,"01",802,0,0,"Z001",0
"6625","6030","09/25/25 00:00:00",80,0,1,0,0,0,0,0,80,80,80,0,0,0,"01",803,0,0,"Z001",0
"8125","251957","09/18/25 00:00:00",5,0,1,0,0,0,0,0,1900,5,1185.368,0,0,0,"01",901,1,0,"Z001",0
"8125","241931","09/18/25 00:00:00",5,0,1,0,0,0,0,0,2600,5,1802,0,0,0,"01",902,1,0,"Z001",0
"8125","251953","09/18/25 00:00:00",4,0,1,0,0,0,0,0,2300,4,718.3709677419355,0,0,0,"01",903,1,0,"Z001",0
"8125","251938","09/18/25 00:00:00",4,0,1,0,0,0,0,0,2300,4,1505.667741935484,0,0,0,"01",904,1,0,"Z001",0
"8125","241910","09/18/25 00:00:00",2,0,1,0,0,0,0,0,13500,2,10219.95454545455,0,0,0,"01",905,1,0,"Z001",0
"8125","201789","09/18/25 00:00:00",100,0,1,0,0,0,0,0,45,100,45,0,0,0,"01",908,1,0,"Z001",0
"7825","201725","09/01/25 00:00:00",10,0,1,0,0,0,0,0,6650,10,6650,0,0,0,"01",873,0,0,"Z001",0
"7525","231902","10/08/25 00:00:00",2,0,1,0,0,0,0,0,5150.16,2,5521.497142857143,0,0,0,"01",858,0,0,"Z001",0
"7525","1004","10/08/25 00:00:00",6,0,1,0,0,0,0,0,392.08,6,392.08,0,0,0,"01",859,0,0,"Z001",0
"7525","6612","10/08/25 00:00:00",6,0,1,0,0,0,0,0,540.84,6,540.84,0,0,0,"01",860,0,0,"Z001",0
"7525","6608","10/08/25 00:00:00",6,0,1,0,0,0,0,0,737.1900000000001,6,737.1900000000001,0,0,0,"01",861,0,0,"Z001",0
"7525","6613","10/08/25 00:00:00",6,0,1,0,0,0,0,0,1432.89,6,1432.89,0,0,0,"01",862,0,0,"Z001",0
"7525","251946","10/08/25 00:00:00",2,0,1,0,0,0,0,0,894.36,2,824.5813333333333,0,0,0,"01",863,0,0,"Z001",0
"7525","251965","10/08/25 00:00:00",2,0,1,0,0,0,0,0,967.4400000000001,2,1013.72,0,0,0,"01",864,0,0,"Z001",0
"7525","6275","10/08/25 00:00:00",2,0,1,0,0,0,0,0,1026.6,2,1026.6,0,0,0,"01",865,0,0,"Z001",0
"7525","962","10/08/25 00:00:00",24,0,1,0,0,0,0,0,454.36,24,454.36,0,0,0,"01",866,0,0,"Z001",0
"7625","5984","09/01/25 00:00:00",120,0,1,0,0,0,0,0,30,120,30,0,0,0,"01",867,0,0,"Z001",0
"7725","5817","09/22/25 00:00:00",10,0,1,0,0,0,0,0,7700,10,7700,0,0,0,"01",868,0,0,"Z001",0
"7925","771","09/24/25 00:00:00",3,0,1,0,0,0,0,0,34000,3,34000,0,0,0,"01",882,0,0,"Z001",0
"7925","6131","09/24/25 00:00:00",3,0,1,0,0,0,0,0,43000,3,43000,0,0,0,"01",883,0,0,"Z001",0
"7925","6555","09/24/25 00:00:00",2,0,1,0,0,0,0,0,70000,2,70000,0,0,0,"01",884,0,0,"Z001",0
"6125","6332","09/16/25 00:00:00",10,0,1,0,0,0,0,0,190,10,190,0,0,0,"01",768,0,0,"Z001",0
"6125","5833","09/16/25 00:00:00",3,0,1,0,0,0,0,0,550.24,3,550.24,0,0,0,"01",769,0,0,"Z001",0
"6125","757","09/16/25 00:00:00",5,0,1,0,0,0,0,0,1350,5,1350,0,0,0,"01",770,0,0,"Z001",0
"6125","836","09/16/25 00:00:00",36,0,1,0,0,0,0,0,230,36,230,0,0,0,"01",771,0,0,"Z001",0
"6125","875","09/16/25 00:00:00",2,0,1,0,0,0,0,0,850,2,850,0,0,0,"01",772,0,0,"Z001",0
"6125","251990","09/16/25 00:00:00",30,0,1,0,0,0,0,0,60,30,60,0,0,0,"01",773,0,0,"Z001",0
"6125","251946","09/16/25 00:00:00",5,0,1,0,0,0,0,0,950,5,907.1428571428571,0,0,0,"01",774,0,0,"Z001",0
"6125","6338","09/16/25 00:00:00",20,0,1,0,0,0,0,0,100,20,100,0,0,0,"01",775,0,0,"Z001",0
"6125","6399","09/16/25 00:00:00",12,0,1,0,0,0,0,0,110,12,110,0,0,0,"01",776,0,0,"Z001",0
"6225","6358","09/30/25 00:00:00",50,0,1,0,0,0,0,0,120,50,120,0,0,0,"01",777,0,0,"Z001",0
"6225","6589","09/30/25 00:00:00",10,0,1,0,0,0,0,0,570,10,570,0,0,0,"01",778,0,0,"Z001",0
"6225","251969","09/30/25 00:00:00",18,0,1,0,0,0,0,0,500,18,312.5,0,0,0,"01",779,0,0,"Z001",0
"6225","251970","09/30/25 00:00:00",12,0,1,0,0,0,0,0,480,12,284,0,0,0,"01",780,0,0,"Z001",0
"6225","251966","09/30/25 00:00:00",4,0,1,0,0,0,0,0,180,4,180,0,0,0,"01",781,0,0,"Z001",0
"6225","251967","09/30/25 00:00:00",4,0,1,0,0,0,0,0,250,4,175,0,0,0,"01",782,0,0,"Z001",0
"6225","251968","09/30/25 00:00:00",4,0,1,0,0,0,0,0,400,4,400,0,0,0,"01",783,0,0,"Z001",0
"6225","5797","09/30/25 00:00:00",5,0,1,0,0,0,0,0,800,5,1055.75,0,0,0,"01",784,0,0,"Z001",0
"6225","231903","09/30/25 00:00:00",5000,0,1,0,0,0,0,0,1.09,5000,1.09,0,0,0,"01",785,0,0,"Z001",0
"5125","944","10/21/25 00:00:00",20,0,1,0,0,0,0,0,220,20,220,0,0,0,"01",698,0,0,"Z001",0
"5125","6173","10/21/25 00:00:00",20,0,1,0,0,0,0,0,135,20,90,0,0,0,"01",699,0,0,"Z001",0
"5125","1342","10/21/25 00:00:00",20,0,1,0,0,0,0,0,15,20,15,0,0,0,"01",700,0,0,"Z001",0
"5125","1341","10/21/25 00:00:00",50,0,1,0,0,0,0,0,25,50,25,0,0,0,"01",701,0,0,"Z001",0
"5125","241929","10/21/25 00:00:00",30,0,1,0,0,0,0,0,15,30,7.406779661016949,0,0,0,"01",702,0,0,"Z001",0
"5225","6127","10/20/25 00:00:00",100,0,1,0,0,0,0,0,130,100,130,0,0,0,"01",703,0,0,"Z001",0
"5225","251985","10/20/25 00:00:00",240,0,1,0,0,0,0,0,52.5,240,52.5,0,0,0,"01",704,0,0,"Z001",0
"5225","6602","10/20/25 00:00:00",240,0,1,0,0,0,0,0,72.5,240,70.21683890577508,0,0,0,"01",705,0,0,"Z001",0
"5225","757","10/20/25 00:00:00",5,0,1,0,0,0,0,0,1350,5,1350,0,0,0,"01",706,0,0,"Z001",0
"5225","251986","10/20/25 00:00:00",4,0,1,0,0,0,0,0,750,4,750,0,0,0,"01",707,0,0,"Z001",0
"5225","251988","10/20/25 00:00:00",4,0,1,0,0,0,0,0,900,4,660,0,0,0,"01",708,0,0,"Z001",0
"5325","6192","10/23/25 00:00:00",1000,0,1,0,0,0,0,0,3,1000,2.883177570093458,0,0,0,"01",709,0,0,"Z001",0
"5325","5956","10/23/25 00:00:00",250,0,1,0,0,0,0,0,16,250,14.29799426934097,0,0,0,"01",710,0,0,"Z001",0
"5425","1032","10/16/25 00:00:00",25,0,1,0,0,0,0,0,400,25,400,0,0,0,"01",711,0,0,"Z001",0
"5225","6334","10/20/25 00:00:00",30,0,1,0,0,0,0,0,255,30,255,0,0,0,"01",712,0,0,"Z001",0
"5225","6338","10/20/25 00:00:00",20,0,1,0,0,0,0,0,100,20,100,0,0,0,"01",713,0,0,"Z001",0
"5225","251990","10/20/25 00:00:00",30,0,1,0,0,0,0,0,60,30,60,0,0,0,"01",714,0,0,"Z001",0
"5225","1400","10/20/25 00:00:00",1369,0,1,0,0,0,0,0,0.53,1369,0.53,0,0,0,"01",715,0,0,"Z001",0
"5225","251989","10/20/25 00:00:00",192,0,1,0,0,0,0,0,2.6,192,2.6,0,0,0,"01",716,0,0,"Z001",0
"5225","251991","10/20/25 00:00:00",20,0,1,0,0,0,0,0,165,20,165,0,0,0,"01",717,0,0,"Z001",0
"5525","6025","10/16/25 00:00:00",19,0,1,0,0,0,0,0,61.75,19,61.75,0,0,0,"01",718,0,0,"Z001",0
"5525","6296","10/16/25 00:00:00",15,0,1,0,0,0,0,0,76,15,76,0,0,0,"01",719,0,0,"Z001",0
"5525","251992","10/16/25 00:00:00",4,0,1,0,0,0,0,0,821.75,4,821.75,0,0,0,"01",720,0,0,"Z001",0
"5525","251993","10/16/25 00:00:00",2,0,1,0,0,0,0,0,1596,2,1596,0,0,0,"01",721,0,0,"Z001",0
"5525","251994","10/16/25 00:00:00",3,0,1,0,0,0,0,0,370.5,3,370.5,0,0,0,"01",722,0,0,"Z001",0
"5525","251995","10/16/25 00:00:00",2,0,1,0,0,0,0,0,1757.5,2,1757.5,0,0,0,"01",723,0,0,"Z001",0
"5525","251996","10/16/25 00:00:00",6,0,1,0,0,0,0,0,2080.5,6,2080.5,0,0,0,"01",724,0,0,"Z001",0
"5525","251997","10/16/25 00:00:00",6,0,1,0,0,0,0,0,384.75,6,384.75,0,0,0,"01",725,0,0,"Z001",0
"5525","251998","10/16/25 00:00:00",2,0,1,0,0,0,0,0,5695.25,2,5695.25,0,0,0,"01",726,0,0,"Z001",0
"5525","251999","10/16/25 00:00:00",6,0,1,0,0,0,0,0,285,6,285,0,0,0,"01",727,0,0,"Z001",0
"5525","252000","10/16/25 00:00:00",5,0,1,0,0,0,0,0,76,5,76,0,0,0,"01",728,0,0,"Z001",0
"5525","252001","10/16/25 00:00:00",5,0,1,0,0,0,0,0,99.75,5,99.75,0,0,0,"01",729,0,0,"Z001",0
"5525","252002","10/16/25 00:00:00",5,0,1,0,0,0,0,0,128.25,5,128.25,0,0,0,"01",730,0,0,"Z001",0
"5625","252003","10/16/25 00:00:00",1,0,1,0,0,0,0,0,20000,1,20000,0,0,0,"01",731,0,0,"Z001",0
"5625","252004","10/16/25 00:00:00",1,0,1,0,0,0,0,0,22000,1,22000,0,0,0,"01",732,0,0,"Z001",0
"5625","252005","10/16/25 00:00:00",1,0,1,0,0,0,0,0,24500,1,24500,0,0,0,"01",733,0,0,"Z001",0
"5625","252006","10/16/25 00:00:00",1,0,1,0,0,0,0,0,22500,1,22500,0,0,0,"01",734,0,0,"Z001",0
"5625","252007","10/16/25 00:00:00",1,0,1,0,0,0,0,0,25500,1,25500,0,0,0,"01",735,0,0,"Z001",0
"5625","252008","10/16/25 00:00:00",1,0,1,0,0,0,0,0,34000,1,34000,0,0,0,"01",736,0,0,"Z001",0
"5725","6100","10/16/25 00:00:00",600,0,1,0,0,0,0,0,5,600,5,0,0,0,"01",737,0,0,"Z001",0
"5725","6272","10/16/25 00:00:00",274,0,1,0,0,0,0,0,6,274,6,0,0,0,"01",738,0,0,"Z001",0
"5725","241929","10/16/25 00:00:00",560,0,1,0,0,0,0,0,7,560,7,0,0,0,"01",739,0,0,"Z001",0
"5725","5757","10/16/25 00:00:00",1500,0,1,0,0,0,0,0,6,1500,6,0,0,0,"01",740,0,0,"Z001",0
"2025","914","09/27/25 00:00:00",1,0,1,0,0,0,0,0,19366.2,1,19642.6,0,0,0,"01",519,0,0,"Z001",0
"8225","241926","08/01/25 00:00:00",2,0,1,0,0,0,0,0,99979.03,2,99979.03,0,0,0,"01",909,0,0,"Z001",0
"8225","241916","08/01/25 00:00:00",3,0,1,0,0,0,0,0,175175.83,3,175175.83,0,0,0,"01",910,0,0,"Z001",0
"8225","251947","08/01/25 00:00:00",4,0,1,0,0,0,0,0,237862.61,4,237862.61,0,0,0,"01",911,0,0,"Z001",0
"8325","6583","09/01/25 00:00:00",1,0,1,0,0,0,0,0,1000,1,1000,0,0,0,"01",912,0,0,"Z001",0
"8325","5968","09/01/25 00:00:00",23,0,1,0,0,0,0,0,10,23,10,0,0,0,"01",913,0,0,"Z001",0
"8325","5792","09/01/25 00:00:00",4,0,1,0,0,0,0,0,49.99,4,49.99,0,0,0,"01",914,0,0,"Z001",0
"8325","241912","09/01/25 00:00:00",5,0,1,0,0,0,0,0,200,5,200,0,0,0,"01",915,0,0,"Z001",0
"6025","6515","09/25/25 00:00:00",5,0,1,0,0,0,0,0,500,5,500,0,0,0,"01",916,0,0,"Z001",0
"6625","6515","09/25/25 00:00:00",5,0,1,0,0,0,0,0,560,5,530,0,0,0,"01",917,0,0,"Z001",0
"8425","6396","09/24/25 00:00:00",3,0,1,0,0,0,0,0,3770,3,3770,0,0,0,"01",918,0,0,"Z001",0
"8425","5797","09/24/25 00:00:00",3,0,1,0,0,0,0,0,1482,3,1482,0,0,0,"01",919,0,0,"Z001",0
"8425","5798","09/24/25 00:00:00",3,0,1,0,0,0,0,0,1417,3,1417,0,0,0,"01",920,0,0,"Z001",0
"8425","5799","09/24/25 00:00:00",2,0,1,0,0,0,0,0,1417.23,2,1417.23,0,0,0,"01",921,0,0,"Z001",0
"8425","5796","09/24/25 00:00:00",2,0,1,0,0,0,0,0,2285,2,2285,0,0,0,"01",922,0,0,"Z001",0
"8425","5795","09/24/25 00:00:00",2,0,1,0,0,0,0,0,2346.5,2,2346.5,0,0,0,"01",923,0,0,"Z001",0
"8525","5832","01/01/25 00:00:00",6,0,1,0,0,0,0,0,100,6,100,0,0,0,"01",928,0,0,"Z001",0
"7925","251935","09/24/25 00:00:00",2,0,1,0,0,0,0,0,20000,2,20000,0,0,0,"01",885,0,0,"Z001",0
"8025","251963","09/15/25 00:00:00",24,0,1,0,0,0,0,0,5500,24,5500,0,0,0,"01",886,0,0,"Z001",0
"8025","251964","09/15/25 00:00:00",4,0,1,0,0,0,0,0,13500,4,13500,0,0,0,"01",887,0,0,"Z001",0
"8025","6625","09/15/25 00:00:00",4,0,1,0,0,0,0,0,16000,4,16000,0,0,0,"01",888,0,0,"Z001",0
"4225","1563","10/10/25 00:00:00",2,0,1,0,0,0,0,0,16000,2,16000,0,0,0,"01",658,0,0,"Z001",0
"4225","999","10/10/25 00:00:00",5,0,1,0,0,0,0,0,5700,5,5700,0,0,0,"01",659,0,0,"Z001",0
"4325","251950","10/06/25 00:00:00",4,0,1,0,0,0,0,0,27750,4,27833.33333333333,0,0,0,"01",660,0,0,"Z001",0
"4325","6565","10/06/25 00:00:00",3,0,1,0,0,0,0,0,18000,3,18000,0,0,0,"01",661,0,0,"Z001",0
"4325","6554","10/06/25 00:00:00",2,0,1,0,0,0,0,0,16000,2,16250,0,0,0,"01",662,0,0,"Z001",0
"625","6616","09/27/25 00:00:00",150,0,1,0,0,0,0,0,120,150,120,0,0,0,"01",447,0,0,"Z001",0
"625","862","09/27/25 00:00:00",90,0,1,0,0,0,0,0,120,90,120,0,0,0,"01",448,0,0,"Z001",0
"625","251941","09/27/25 00:00:00",20,0,1,0,0,0,0,0,325,20,325,0,0,0,"01",449,0,0,"Z001",0
"625","251942","09/27/25 00:00:00",40,0,1,0,0,0,0,0,240,40,240,0,0,0,"01",450,0,0,"Z001",0
"2325","6307","10/01/25 00:00:00",10,0,1,0,0,0,0,0,800,10,800,0,0,0,"01",527,0,0,"Z001",0
"2425","6346","10/01/25 00:00:00",72,0,1,0,0,0,0,0,434,72,428.1578947368421,0,0,0,"01",528,0,0,"Z001",0
"3525","6471","10/06/25 00:00:00",140,0,1,0,0,0,0,0,2536.5,140,2529.576504713561,0,0,0,"01",590,0,0,"Z001",0
"3525","6474","10/06/25 00:00:00",120,0,1,0,0,0,0,0,4265.36,120,4255.912813559322,0,0,0,"01",591,0,0,"Z001",0
"3525","6475","10/06/25 00:00:00",20,0,1,0,0,0,0,0,6813.56,20,6755.9184,0,0,0,"01",592,0,0,"Z001",0
"3525","6476","10/06/25 00:00:00",29,0,1,0,0,0,0,0,10090.89,29,10053.78529411765,0,0,0,"01",593,0,0,"Z001",0
"3525","6477","10/06/25 00:00:00",4,0,1,0,0,0,0,0,17284.46,4,17284.46,0,0,0,"01",594,0,0,"Z001",0
"3525","1084","10/06/25 00:00:00",1,0,1,0,0,0,0,0,4438.25,1,4438.25,0,0,0,"01",595,0,0,"Z001",0
"3525","6479","10/06/25 00:00:00",2,0,1,0,0,0,0,0,9715.049999999999,2,9715.049999999999,0,0,0,"01",596,0,0,"Z001",0
"3525","6478","10/06/25 00:00:00",1,0,1,0,0,0,0,0,8084.74,1,8084.74,0,0,0,"01",597,0,0,"Z001",0
"3525","6481","10/06/25 00:00:00",2,0,1,0,0,0,0,0,13316.43,2,13316.43,0,0,0,"01",598,0,0,"Z001",0
"3525","6483","10/06/25 00:00:00",1,0,1,0,0,0,0,0,28214.73,1,28214.73,0,0,0,"01",599,0,0,"Z001",0
"4125","251977","10/14/25 00:00:00",1,0,1,0,0,0,0,0,12000,1,12000,0,0,0,"01",655,0,0,"Z001",0
"4125","251978","10/14/25 00:00:00",1,0,1,0,0,0,0,0,4700,1,4700,0,0,0,"01",656,0,0,"Z001",0
"4125","6229","10/14/25 00:00:00",10,0,1,0,0,0,0,0,900,10,720,0,0,0,"01",657,0,0,"Z001",0
"5825","6471","09/16/25 00:00:00",60,0,1,0,0,0,0,0,2536.5,60,2536.5,0,0,0,"01",741,0,0,"Z001",0
"5825","6474","09/16/25 00:00:00",60,0,1,0,0,0,0,0,4265.37,60,4265.37,0,0,0,"01",742,0,0,"Z001",0
"5825","6475","09/16/25 00:00:00",2,0,1,0,0,0,0,0,6813.56,2,6813.56,0,0,0,"01",743,0,0,"Z001",0
"5825","6476","09/16/25 00:00:00",2,0,1,0,0,0,0,0,10090.89,2,10090.89,0,0,0,"01",744,0,0,"Z001",0
"5825","6477","09/16/25 00:00:00",2,0,1,0,0,0,0,0,17284.46,2,17284.46,0,0,0,"01",745,0,0,"Z001",0
"5925","6474","09/09/25 00:00:00",4,0,1,0,0,0,0,0,4265.37,4,4265.37,0,0,0,"01",746,0,0,"Z001",0
"6025","5832","09/25/25 00:00:00",50,0,1,0,0,0,0,0,140,50,135.7142857142857,0,0,0,"01",747,0,0,"Z001",0
"6025","6189","09/25/25 00:00:00",20,0,1,0,0,0,0,0,350,20,350,0,0,0,"01",748,0,0,"Z001",0
"6025","1674","09/25/25 00:00:00",10,0,1,0,0,0,0,0,2000,10,2000,0,0,0,"01",749,0,0,"Z001",0
"9425","5817","10/29/25 00:00:00",37,0,1,0,0,0,0,0,7250,37,7293.90243902439,0,0,0,"01",975,0,0,"Z001",0
"9525","973","11/18/25 00:00:00",8,0,1,0,0,0,0,0,750,8,750,0,0,0,"01",976,0,0,"Z001",0
"9625","898","11/06/25 00:00:00",5,0,1,0,0,0,0,0,25000,5,25000,0,0,0,"01",977,0,0,"Z001",0
"9625","771","11/06/25 00:00:00",5,0,1,0,0,0,0,0,37000,5,36142.85714285714,0,0,0,"01",978,0,0,"Z001",0
"9725","252030","11/03/25 00:00:00",10,0,1,0,0,0,0,0,90,10,90,0,0,0,"01",979,0,0,"Z001",0
"9725","252031","11/03/25 00:00:00",10,0,1,0,0,0,0,0,125,10,125,0,0,0,"01",980,0,0,"Z001",0
"9725","252032","11/03/25 00:00:00",10,0,1,0,0,0,0,0,159.99,10,159.99,0,0,0,"01",981,0,0,"Z001",0
"9725","252033","11/03/25 00:00:00",5,0,1,0,0,0,0,0,400,5,400,0,0,0,"01",982,0,0,"Z001",0
"9725","252034","11/03/25 00:00:00",10,0,1,0,0,0,0,0,200,10,200,0,0,0,"01",983,0,0,"Z001",0
"9725","252035","11/03/25 00:00:00",5,0,1,0,0,0,0,0,265,5,265,0,0,0,"01",984,0,0,"Z001",0
"9725","252036","11/03/25 00:00:00",5,0,1,0,0,0,0,0,235,5,235,0,0,0,"01",985,0,0,"Z001",0
"9725","252037","11/03/25 00:00:00",10,0,1,0,0,0,0,0,305,10,305,0,0,0,"01",986,0,0,"Z001",0
"9725","252038","11/03/25 00:00:00",5,0,1,0,0,0,0,0,565,5,565,0,0,0,"01",987,0,0,"Z001",0
"9825","928","11/27/25 00:00:00",2,0,1,0,0,0,0,0,2900,2,2900,0,0,0,"01",988,0,0,"Z001",0
"9825","924","11/27/25 00:00:00",1,0,1,0,0,0,0,0,6800,1,6800,0,0,0,"01",989,0,0,"Z001",0
"9925","251952","11/10/25 00:00:00",2,0,1,0,0,0,0,0,971.29,2,971.29,0,0,0,"01",990,0,0,"Z001",0
"9925","251951","11/10/25 00:00:00",3,0,1,0,0,0,0,0,1410.17,3,1410.17,0,0,0,"01",991,0,0,"Z001",0
"10025","944","12/02/25 00:00:00",20,0,1,0,0,0,0,0,220,20,220,0,0,0,"01",993,0,0,"Z001",0
"10125","5795","12/02/25 00:00:00",6,0,1,0,0,0,0,0,2527,6,2481.875,0,0,0,"01",994,0,0,"Z001",0
"10125","5796","12/02/25 00:00:00",4,0,1,0,0,0,0,0,2460.5,4,2402,0,0,0,"01",995,0,0,"Z001",0
"10125","252039","12/02/25 00:00:00",4,0,1,0,0,0,0,0,2593.5,4,2593.5,0,0,0,"01",996,0,0,"Z001",0
"10225","1084","12/02/25 00:00:00",1,0,1,0,0,0,0,0,4350,1,4350,0,0,0,"01",997,0,0,"Z001",0
"10225","6492","12/02/25 00:00:00",1,0,1,0,0,0,0,0,6310,1,6310,0,0,0,"01",998,0,0,"Z001",0
"10225","6479","12/02/25 00:00:00",1,0,1,0,0,0,0,0,9920,1,9817.525,0,0,0,"01",999,0,0,"Z001",0
"10225","6030","12/02/25 00:00:00",120,0,1,0,0,0,0,0,80,120,80,0,0,0,"01",1000,0,0,"Z001",0
"10225","6063","12/02/25 00:00:00",130,0,1,0,0,0,0,0,41,130,41,0,0,0,"01",1001,0,0,"Z001",0
"10225","6505","12/02/25 00:00:00",120,0,1,0,0,0,0,0,64.58,120,70.16778669724771,0,0,0,"01",1002,0,0,"Z001",0
"10225","252042","12/02/25 00:00:00",50,0,1,0,0,0,0,0,78,50,78,0,0,0,"01",1003,0,0,"Z001",0
"10225","252043","12/02/25 00:00:00",30,0,1,0,0,0,0,0,107,30,107,0,0,0,"01",1004,0,0,"Z001",0
"10225","252044","12/02/25 00:00:00",40,0,1,0,0,0,0,0,130,40,130,0,0,0,"01",1005,0,0,"Z001",0
"10325","252045","12/06/25 00:00:00",200,0,1,0,0,0,0,0,37.5,200,37.5,0,0,0,"01",1006,0,0,"Z001",0
"10425","252047","12/09/25 00:00:00",5,0,1,0,0,0,0,0,160,5,160,0,0,0,"01",1007,0,0,"Z001",0
"10425","252048","12/09/25 00:00:00",5,0,1,0,0,0,0,0,180,5,180,0,0,0,"01",1008,0,0,"Z001",0
"10525","5970","12/10/25 00:00:00",150,0,1,0,0,0,0,0,75,150,75,0,0,0,"01",1009,0,0,"Z001",0
"10525","252024","12/10/25 00:00:00",50,0,1,0,0,0,0,0,170,50,170,0,0,0,"01",1010,0,0,"Z001",0
"10525","251991","12/10/25 00:00:00",10,0,1,0,0,0,0,0,170,10,166.6666666666667,0,0,0,"01",1011,0,0,"Z001",0
"10525","836","12/10/25 00:00:00",36,0,1,0,0,0,0,0,230,36,230,0,0,0,"01",1012,0,0,"Z001",0
"10625","252007","10/30/25 00:00:00",3,0,1,0,0,0,0,0,20000,3,21375,0,0,0,"01",1013,0,0,"Z001",0
"10625","252004","10/30/25 00:00:00",2,0,1,0,0,0,0,0,22000,2,22000,0,0,0,"01",1014,0,0,"Z001",0
"10625","252008","10/30/25 00:00:00",1,0,1,0,0,0,0,0,24500,1,29250,0,0,0,"01",1015,0,0,"Z001",0
"10725","1288","12/15/25 00:00:00",2,0,1,0,0,0,0,0,9700,2,9700,0,0,0,"01",1016,0,0,"Z001",0
"10725","1471","12/15/25 00:00:00",2,0,1,0,0,0,0,0,10800,2,10800,0,0,0,"01",1017,0,0,"Z001",0
"10725","1287","12/15/25 00:00:00",2,0,1,0,0,0,0,0,12400,2,12400,0,0,0,"01",1018,0,0,"Z001",0
"10725","252049","12/15/25 00:00:00",2,0,1,0,0,0,0,0,13350,2,13350,0,0,0,"01",1020,0,0,"Z001",0
"10725","252003","12/15/25 00:00:00",2,0,1,0,0,0,0,0,14450,2,14450,0,0,0,"01",1021,0,0,"Z001",0
"10825","221883","12/13/25 00:00:00",1,0,1,0,0,0,0,0,33562.51,1,33562.51,0,0,0,"01",1022,0,0,"Z001",0
"8525","5969","01/01/25 00:00:00",30,0,1,0,0,0,0,0,13,30,13,0,0,0,"01",931,0,0,"Z001",0
"8525","5761","01/01/25 00:00:00",50,0,1,0,0,0,0,0,9,50,9,0,0,0,"01",932,0,0,"Z001",0
"8525","6098","01/01/25 00:00:00",20,0,1,0,0,0,0,0,31.69,20,31.69,0,0,0,"01",933,0,0,"Z001",0
"8525","6414","01/01/25 00:00:00",2,0,1,0,0,0,0,0,230,2,230,0,0,0,"01",934,0,0,"Z001",0
"8525","252016","01/01/25 00:00:00",2,0,1,0,0,0,0,0,220,2,220,0,0,0,"01",935,0,0,"Z001",0
"8525","252017","01/01/25 00:00:00",3,0,1,0,0,0,0,0,150,3,150,0,0,0,"01",936,0,0,"Z001",0
"8525","252018","01/01/25 00:00:00",7,0,1,0,0,0,0,0,90,7,90,0,0,0,"01",937,0,0,"Z001",0
"8525","251967","01/01/25 00:00:00",12,0,1,0,0,0,0,0,150,12,150,0,0,0,"01",938,0,0,"Z001",0
"8525","5956","01/01/25 00:00:00",50,0,1,0,0,0,0,0,10,50,10,0,0,0,"01",939,0,0,"Z001",0
"8625","914","01/02/25 00:00:00",1,0,1,0,0,0,0,0,19919,1,19919,0,0,0,"01",940,0,0,"Z001",0
"8625","787","01/02/25 00:00:00",1,0,1,0,0,0,0,0,4096,1,4096,0,0,0,"01",941,0,0,"Z001",0
"8725","252020","10/29/25 00:00:00",100,0,1,0,0,0,0,0,199.83,100,199.83,0,0,0,"01",944,0,0,"Z001",0
"8725","252021","10/29/25 00:00:00",37,0,1,0,0,0,0,0,314.7,37,314.7,0,0,0,"01",945,0,0,"Z001",0
"8825","924","10/15/25 00:00:00",2,0,1,0,0,0,0,0,6800,2,6800,0,0,0,"01",946,0,0,"Z001",0
"8825","928","10/15/25 00:00:00",2,0,1,0,0,0,0,0,2900,2,2900,0,0,0,"01",947,0,0,"Z001",0
"8925","1010","01/04/25 00:00:00",1,0,1,0,0,0,0,0,800,1,800,0,0,0,"01",948,0,0,"Z001",0
"8925","221881","01/04/25 00:00:00",1,0,1,0,0,0,0,0,800,1,800,0,0,0,"01",949,0,0,"Z001",0
"10925","241910","09/15/25 00:00:00",20,0,1,0,0,0,0,0,9891.950000000001,20,9891.950000000001,0,0,0,"01",1025,0,0,"Z001",0
"10925","241912","09/15/25 00:00:00",2000,0,1,0,0,0,0,0,66.23999999999999,2000,66.57356608478803,0,0,0,"01",1026,0,0,"Z001",0
"10925","252050","09/15/25 00:00:00",1000,0,1,0,0,0,0,0,400.68,1000,400.68,0,0,0,"01",1027,0,0,"Z001",0
"10925","241911","09/15/25 00:00:00",50,0,1,0,0,0,0,0,657.4,50,657.4,0,0,0,"01",1028,0,0,"Z001",0
"10925","252051","09/15/25 00:00:00",10,0,1,0,0,0,0,0,326.79,10,326.79,0,0,0,"01",1029,0,0,"Z001",0
"10925","252052","09/15/25 00:00:00",120,0,1,0,0,0,0,0,653.5700000000001,120,653.5700000000001,0,0,0,"01",1030,0,0,"Z001",0
"10925","241918","09/15/25 00:00:00",120,0,1,0,0,0,0,0,653.5700000000001,120,653.5700000000001,0,0,0,"01",1031,0,0,"Z001",0
"10925","252053","09/15/25 00:00:00",10,0,1,0,0,0,0,0,5238.9,10,5238.9,0,0,0,"01",1032,0,0,"Z001",0
"10925","252054","09/15/25 00:00:00",10,0,1,0,0,0,0,0,5238.9,10,5238.9,0,0,0,"01",1033,0,0,"Z001",0
"10925","252055","09/15/25 00:00:00",120,0,1,0,0,0,0,0,83.90000000000001,120,83.90000000000001,0,0,0,"01",1034,0,0,"Z001",0
"10925","252056","09/15/25 00:00:00",120,0,1,0,0,0,0,0,83.90000000000001,120,83.90000000000001,0,0,0,"01",1035,0,0,"Z001",0
"10925","252057","09/15/25 00:00:00",240,0,1,0,0,0,0,0,160.25,240,160.25,0,0,0,"01",1036,0,0,"Z001",0
"10925","251938","09/15/25 00:00:00",120,0,1,0,0,0,0,0,1479.19,120,1479.19,0,0,0,"01",1037,0,0,"Z001",0
"10925","251953","09/15/25 00:00:00",120,0,1,0,0,0,0,0,665.65,120,665.65,0,0,0,"01",1038,0,0,"Z001",0
"10925","252058","09/15/25 00:00:00",20,0,1,0,0,0,0,0,3451.51,20,3451.510000000001,0,0,0,"01",1039,0,0,"Z001",0
"10925","252059","09/15/25 00:00:00",20,0,1,0,0,0,0,0,2979,20,2979,0,0,0,"01",1040,0,0,"Z001",0
"10925","241933","09/15/25 00:00:00",20,0,1,0,0,0,0,0,739.61,20,739.61,0,0,0,"01",1041,0,0,"Z001",0
"10925","251957","09/15/25 00:00:00",20,0,1,0,0,0,0,0,1006.71,20,1006.71,0,0,0,"01",1042,0,0,"Z001",0
"10925","241931","09/15/25 00:00:00",20,0,1,0,0,0,0,0,1602.5,20,1602.5,0,0,0,"01",1043,0,0,"Z001",0
"11025","1071","12/11/25 00:00:00",2,0,1,0,0,0,0,0,6600,2,6600,0,0,0,"01",1046,0,0,"Z001",0
"11125","6511","12/11/25 00:00:00",15,0,1,0,0,0,0,0,3159.33,15,3161.871875,0,0,0,"01",1047,0,0,"Z001",0
"11225","252020","10/31/25 00:00:00",300,0,1,0,0,0,0,0,199.83,300,199.83,0,0,0,"01",1056,0,0,"Z001",0
"11425","251948","12/24/25 00:00:00",8,0,1,0,0,0,0,0,21900,8,21900,0,0,0,"01",1072,0,0,"Z001",0
"9125","6618","10/27/25 00:00:00",1,0,1,0,0,0,0,0,7700,1,7700,0,0,0,"01",968,0,0,"Z001",0
"9125","6619","10/27/25 00:00:00",1,0,1,0,0,0,0,0,10200,1,10200,0,0,0,"01",969,0,0,"Z001",0
"9125","6620","10/27/25 00:00:00",1,0,1,0,0,0,0,0,16000,1,16000,0,0,0,"01",970,0,0,"Z001",0
"9225","6173","01/02/25 00:00:00",40,0,1,0,0,0,0,0,67.5,40,67.5,0,0,0,"01",971,0,0,"Z001",0
"9325","6364","11/19/25 00:00:00",30,0,1,0,0,0,0,0,150,30,156.3333333333333,0,0,0,"01",972,0,0,"Z001",0
"9025","252027","11/01/25 00:00:00",8,0,1,0,0,0,0,0,300,8,300,0,0,0,"01",973,0,0,"Z001",0
"9025","252028","11/01/25 00:00:00",10,0,1,0,0,0,0,0,450,10,450,0,0,0,"01",974,0,0,"Z001",0
"6025","6336","09/25/25 00:00:00",10,0,1,0,0,0,0,0,300,10,300,0,0,0,"01",750,0,0,"Z001",0
"6025","252010","09/25/25 00:00:00",5,0,1,0,0,0,0,0,1800,5,1800,0,0,0,"01",752,0,0,"Z001",0
"6025","1364","09/25/25 00:00:00",2,0,1,0,0,0,0,0,2200,2,2200,0,0,0,"01",753,0,0,"Z001",0
"6025","6386","09/25/25 00:00:00",5,0,1,0,0,0,0,0,480,5,480,0,0,0,"01",754,0,0,"Z001",0
"6025","6385","09/25/25 00:00:00",5,0,1,0,0,0,0,0,450,5,450,0,0,0,"01",755,0,0,"Z001",0
"6025","6451","09/25/25 00:00:00",5,0,1,0,0,0,0,0,400,5,400,0,0,0,"01",756,0,0,"Z001",0
"6025","6365","09/25/25 00:00:00",3400,0,1,0,0,0,0,0,0.61,3400,0.61,0,0,0,"01",757,0,0,"Z001",0
"6025","6228","09/25/25 00:00:00",12,0,1,0,0,0,0,0,150,12,150,0,0,0,"01",758,0,0,"Z001",0
"11325","241932","12/28/25 00:00:00",2,0,1,0,0,0,0,0,1500,2,1500,0,0,0,"01",1057,1,0,"Z001",0
"11325","252060","12/28/25 00:00:00",2,0,1,0,0,0,0,0,1200,2,1200,0,0,0,"01",1058,1,0,"Z001",0
"11325","252061","12/28/25 00:00:00",55,0,1,0,0,0,0,0,70,55,70,0,0,0,"01",1059,1,0,"Z001",0
"11325","6229","12/28/25 00:00:00",4,0,1,0,0,0,0,0,625,4,697.6470588235294,0,0,0,"01",1060,1,0,"Z001",0
"11325","849","12/28/25 00:00:00",1,0,1,0,0,0,0,0,3600,1,3600,0,0,0,"01",1061,1,0,"Z001",0
"11325","787","12/28/25 00:00:00",1,0,1,0,0,0,0,0,4626,1,4626,0,0,0,"01",1062,1,0,"Z001",0
"11325","6527","12/28/25 00:00:00",1,0,1,0,0,0,0,0,6269,1,6269,0,0,0,"01",1063,1,0,"Z001",0
"11325","252063","12/28/25 00:00:00",10,0,1,0,0,0,0,0,180,10,180,0,0,0,"01",1064,1,0,"Z001",0
"11325","252065","12/28/25 00:00:00",100,0,1,0,0,0,0,0,7,100,7,0,0,0,"01",1066,1,0,"Z001",0
"11325","252064","12/28/25 00:00:00",100,0,1,0,0,0,0,0,10,100,10,0,0,0,"01",1067,1,0,"Z001",0
"11325","252066","12/28/25 00:00:00",100,0,1,0,0,0,0,0,13,100,13,0,0,0,"01",1068,1,0,"Z001",0
"11325","6002","12/28/25 00:00:00",30,0,1,0,0,0,0,0,25,30,25,0,0,0,"01",1069,1,0,"Z001",0
"11325","6333","12/28/25 00:00:00",10,0,1,0,0,0,0,0,230,10,230,0,0,0,"01",1070,1,0,"Z001",0
"11325","6588","12/28/25 00:00:00",5,0,1,0,0,0,0,0,300,5,300,0,0,0,"01",1071,1,0,"Z001",0
"6025","857","09/25/25 00:00:00",5,0,1,0,0,0,0,0,150,5,150,0,0,0,"01",759,0,0,"Z001",0
"6125","6584","09/16/25 00:00:00",20,0,1,0,0,0,0,0,85,20,85,0,0,0,"01",760,0,0,"Z001",0
"6125","6585","09/16/25 00:00:00",20,0,1,0,0,0,0,0,125,20,125,0,0,0,"01",761,0,0,"Z001",0
"6125","6586","09/16/25 00:00:00",20,0,1,0,0,0,0,0,160,20,160,0,0,0,"01",762,0,0,"Z001",0
"6125","6335","09/16/25 00:00:00",10,0,1,0,0,0,0,0,230,10,230,0,0,0,"01",763,0,0,"Z001",0
"6125","6587","09/16/25 00:00:00",100,0,1,0,0,0,0,0,135,100,135,0,0,0,"01",764,0,0,"Z001",0
"6125","6334","09/16/25 00:00:00",50,0,1,0,0,0,0,0,255,50,255,0,0,0,"01",765,0,0,"Z001",0
"6125","6602","09/16/25 00:00:00",96,0,1,0,0,0,0,0,64.06,96,64.06,0,0,0,"01",766,0,0,"Z001",0
"6125","6333","09/16/25 00:00:00",10,0,1,0,0,0,0,0,230,10,230,0,0,0,"01",767,0,0,"Z001",0
"8525","5762","01/01/25 00:00:00",50,0,1,0,0,0,0,0,9,50,9,0,0,0,"01",929,0,0,"Z001",0
"6625","6063","09/25/25 00:00:00",20,0,1,0,0,0,0,0,41,20,41,0,0,0,"01",804,0,0,"Z001",0
"6625","251944","09/25/25 00:00:00",2,0,1,0,0,0,0,0,1835,2,1835,0,0,0,"01",805,0,0,"Z001",0
"6625","201757","09/25/25 00:00:00",24,0,1,0,0,0,0,0,140,24,140,0,0,0,"01",806,0,0,"Z001",0
"6625","6471","09/25/25 00:00:00",10,0,1,0,0,0,0,0,2369,10,2512.571428571428,0,0,0,"01",807,0,0,"Z001",0
"6625","6474","09/25/25 00:00:00",6,0,1,0,0,0,0,0,3923,6,4236.024,0,0,0,"01",808,0,0,"Z001",0
"6625","251946","09/25/25 00:00:00",6,0,1,0,0,0,0,0,705,6,813.8461538461538,0,0,0,"01",810,0,0,"Z001",0
"6625","251965","09/25/25 00:00:00",2,0,1,0,0,0,0,0,1060,2,1060,0,0,0,"01",811,0,0,"Z001",0
"6625","6317","09/25/25 00:00:00",3,0,1,0,0,0,0,0,2920,3,2920,0,0,0,"01",812,0,0,"Z001",0
"6625","1364","09/25/25 00:00:00",2,0,1,0,0,0,0,0,4520,2,3360,0,0,0,"01",813,0,0,"Z001",0
"6625","1549","09/25/25 00:00:00",25,0,1,0,0,0,0,0,133,25,133,0,0,0,"01",814,0,0,"Z001",0
"6625","1550","09/25/25 00:00:00",25,0,1,0,0,0,0,0,112,25,112,0,0,0,"01",815,0,0,"Z001",0
"6625","5799","09/25/25 00:00:00",2,0,1,0,0,0,0,0,845,2,1131.115,0,0,0,"01",816,0,0,"Z001",0
"6625","6505","09/25/25 00:00:00",50,0,1,0,0,0,0,0,60,50,73.40708333333333,0,0,0,"01",817,0,0,"Z001",0
"6625","6346","09/25/25 00:00:00",4,0,1,0,0,0,0,0,323,4,323,0,0,0,"01",818,0,0,"Z001",0
"6725","251943","09/25/25 00:00:00",14,0,1,0,0,0,0,0,1300,14,1300,0,0,0,"01",821,0,0,"Z001",0
"8025","6565","09/15/25 00:00:00",2,0,1,0,0,0,0,0,18000,2,18000,0,0,0,"01",889,0,0,"Z001",0
"8025","6554","09/15/25 00:00:00",2,0,1,0,0,0,0,0,16500,2,16500,0,0,0,"01",890,0,0,"Z001",0
"8525","6192","01/01/25 00:00:00",50,0,1,0,0,0,0,0,1.75,50,1.75,0,0,0,"01",930,0,0,"Z001",0
"7325","252009","09/20/25 00:00:00",120,0,1,0,0,0,0,0,192.95,120,192.95,0,0,0,"01",840,0,0,"Z001",0
"7325","252013","09/20/25 00:00:00",15,0,1,0,0,0,0,0,530.13,15,530.13,0,0,0,"01",841,0,0,"Z001",0
"7325","252014","09/20/25 00:00:00",22,0,1,0,0,0,0,0,655.4,22,655.4,0,0,0,"01",842,0,0,"Z001",0
"7325","252015","09/20/25 00:00:00",40,0,1,0,0,0,0,0,345.01,40,345.01,0,0,0,"01",843,0,0,"Z001",0
"7325","6505","09/20/25 00:00:00",100,0,1,0,0,0,0,0,84.68000000000001,100,76.93526315789474,0,0,0,"01",844,0,0,"Z001",0
"7425","251952","09/30/25 00:00:00",1,0,1,0,0,0,0,0,971.29,1,971.29,0,0,0,"01",845,0,0,"Z001",0
"7425","251951","09/30/25 00:00:00",1,0,1,0,0,0,0,0,1410.17,1,1410.17,0,0,0,"01",846,0,0,"Z001",0
"7425","1716","09/30/25 00:00:00",1,0,1,0,0,0,0,0,1864,1,1864,0,0,0,"01",847,0,0,"Z001",0
"7425","859","09/30/25 00:00:00",1,0,1,0,0,0,0,0,2833,1,2833,0,0,0,"01",848,0,0,"Z001",0
"7425","6591","09/30/25 00:00:00",1,0,1,0,0,0,0,0,3874.04,1,3809.255,0,0,0,"01",849,0,0,"Z001",0
"7425","231902","09/30/25 00:00:00",1,0,1,0,0,0,0,0,5150.16,1,5670.032,0,0,0,"01",850,0,0,"Z001",0
"7425","221885","09/30/25 00:00:00",1,0,1,0,0,0,0,0,5613,1,6722.6,0,0,0,"01",851,0,0,"Z001",0
"7525","211863","10/08/25 00:00:00",2,0,1,0,0,0,0,0,4055.36,2,4055.36,0,0,0,"01",852,0,0,"Z001",0
"7525","211864","10/08/25 00:00:00",2,0,1,0,0,0,0,0,5226.03,2,5226.03,0,0,0,"01",853,0,0,"Z001",0
"7525","251972","10/08/25 00:00:00",3,0,1,0,0,0,0,0,6189.37,3,6189.37,0,0,0,"01",854,0,0,"Z001",0
"7525","251951","10/08/25 00:00:00",2,0,1,0,0,0,0,0,1410.17,2,1410.17,0,0,0,"01",855,0,0,"Z001",0
"7525","1716","10/08/25 00:00:00",2,0,1,0,0,0,0,0,1864,2,1864,0,0,0,"01",856,0,0,"Z001",0
"7525","6591","10/08/25 00:00:00",2,0,1,0,0,0,0,0,3874.04,2,3822.212,0,0,0,"01",857,0,0,"Z001",0
"8925","1045","01/04/25 00:00:00",1,0,1,0,0,0,0,0,900,1,900,0,0,0,"01",950,0,0,"Z001",0
"8925","221882","01/04/25 00:00:00",1,0,1,0,0,0,0,0,900,1,900,0,0,0,"01",951,0,0,"Z001",0
"9025","6584","11/01/25 00:00:00",50,0,1,0,0,0,0,0,85,50,85,0,0,0,"01",952,0,0,"Z001",0
"9025","6585","11/01/25 00:00:00",50,0,1,0,0,0,0,0,125,50,125,0,0,0,"01",953,0,0,"Z001",0
"9025","6586","11/01/25 00:00:00",30,0,1,0,0,0,0,0,160,30,160,0,0,0,"01",954,0,0,"Z001",0
"9025","6335","11/01/25 00:00:00",30,0,1,0,0,0,0,0,230,30,230,0,0,0,"01",955,0,0,"Z001",0
"9025","6390","11/01/25 00:00:00",5,0,1,0,0,0,0,0,500,5,500,0,0,0,"01",956,0,0,"Z001",0
"9025","6291","11/01/25 00:00:00",2,0,1,0,0,0,0,0,850,2,850,0,0,0,"01",957,0,0,"Z001",0
"9025","758","11/01/25 00:00:00",2,0,1,0,0,0,0,0,1550,2,1550,0,0,0,"01",958,0,0,"Z001",0
"9025","252022","11/01/25 00:00:00",2,0,1,0,0,0,0,0,2800,2,2800,0,0,0,"01",959,0,0,"Z001",0
"9025","875","11/01/25 00:00:00",2,0,1,0,0,0,0,0,850,2,850,0,0,0,"01",960,0,0,"Z001",0
"9025","6338","11/01/25 00:00:00",20,0,1,0,0,0,0,0,100,20,100,0,0,0,"01",961,0,0,"Z001",0
"9025","5970","11/01/25 00:00:00",25,0,1,0,0,0,0,0,75,25,75,0,0,0,"01",962,0,0,"Z001",0
"9025","252024","11/01/25 00:00:00",10,0,1,0,0,0,0,0,170,10,170,0,0,0,"01",963,0,0,"Z001",0
"9025","252025","11/01/25 00:00:00",3,0,1,0,0,0,0,0,800,3,800,0,0,0,"01",966,0,0,"Z001",0
"9025","252026","11/01/25 00:00:00",3,0,1,0,0,0,0,0,900,3,900,0,0,0,"01",967,0,0,"Z001",0
"6725","1521","09/25/25 00:00:00",10,0,1,0,0,0,0,0,1250,10,1250,0,0,0,"01",822,0,0,"Z001",0
"6725","6118","09/25/25 00:00:00",12,0,1,0,0,0,0,0,275,12,275,0,0,0,"01",823,0,0,"Z001",0
"6725","252011","09/25/25 00:00:00",10,0,1,0,0,0,0,0,365,10,365,0,0,0,"01",824,0,0,"Z001",0
"6725","252012","09/25/25 00:00:00",10,0,1,0,0,0,0,0,425,10,425,0,0,0,"01",825,0,0,"Z001",0
"6725","892","09/25/25 00:00:00",3,0,1,0,0,0,0,0,908.33,3,908.33,0,0,0,"01",826,0,0,"Z001",0
"6725","1082","09/25/25 00:00:00",5,0,1,0,0,0,0,0,750,5,750,0,0,0,"01",827,0,0,"Z001",0
"6725","854","09/25/25 00:00:00",4,0,1,0,0,0,0,0,650,4,650,0,0,0,"01",828,0,0,"Z001",0
"6825","6505","09/17/25 00:00:00",90,0,1,0,0,0,0,0,68.33,90,68.33,0,0,0,"01",829,0,0,"Z001",0
"6825","251970","09/17/25 00:00:00",30,0,1,0,0,0,0,0,200,30,200,0,0,0,"01",830,0,0,"Z001",0
"6825","251969","09/17/25 00:00:00",30,0,1,0,0,0,0,0,200,30,200,0,0,0,"01",831,0,0,"Z001",0
"6925","6591","09/18/25 00:00:00",8,0,1,0,0,0,0,0,3800,8,3800,0,0,0,"01",832,0,0,"Z001",0
"6925","231902","09/18/25 00:00:00",4,0,1,0,0,0,0,0,5800,4,5800,0,0,0,"01",833,0,0,"Z001",0
"6925","221885","09/18/25 00:00:00",4,0,1,0,0,0,0,0,7000,4,7000,0,0,0,"01",834,0,0,"Z001",0
"6925","231907","09/18/25 00:00:00",4,0,1,0,0,0,0,0,8600,4,8600,0,0,0,"01",835,0,0,"Z001",0
"7025","999","10/10/25 00:00:00",5,0,1,0,0,0,0,0,5700,5,5700,0,0,0,"01",836,0,0,"Z001",0
"7125","6466","10/29/25 00:00:00",30,0,1,0,0,0,0,0,250,30,250,0,0,0,"01",837,0,0,"Z001",0
"7225","973","10/29/25 00:00:00",10,0,1,0,0,0,0,0,750,10,750,0,0,0,"01",838,0,0,"Z001",0
"7225","251942","10/29/25 00:00:00",20,0,1,0,0,0,0,0,200,20,226.2068965517241,0,0,0,"01",839,0,0,"Z001",0
"1325","6471","10/13/25 00:00:00",90,0,0,0,0,0,0,1,28.11,90,28.11,1,0,0,"01",874,0,0,"Z001",0
"1025","6476","09/28/25 00:00:00",90,0,0,0,0,0,0,1,112.12,90,112.12,1,0,0,"01",1044,0,0,"Z001",0
"125","6477","09/01/25 00:00:00",90,0,0,0,0,0,0,1,0,90,0,1,0,0,"01",879,0,0,"Z001",0
"625","914","09/28/25 00:00:00",90,0,0,0,0,0,0,1,218.25,90,218.25,1,0,0,"01",880,0,0,"Z001",0
"625","6475","09/28/25 00:00:00",90,0,0,0,0,0,0,1,75.70999999999999,90,75.70999999999999,1,0,0,"01",881,0,0,"Z001",0
"1525","1084","11/01/25 00:00:00",90,0,0,0,0,0,0,1,49.31000000000001,90,49.31000000000001,1,0,0,"01",926,0,0,"Z001",0
"1525","6481","11/01/25 00:00:00",90,0,0,0,0,0,0,1,147.96,90,147.96,1,0,0,"01",927,0,0,"Z001",0
"1725","6474","11/21/25 00:00:00",90,0,0,0,0,0,0,1,47.29000000000001,90,47.29000000000001,1,0,0,"01",1023,0,0,"Z001",0
"1825","6474","12/12/25 00:00:00",90,0,0,0,0,0,0,1,47.29000000000001,90,47.29000000000001,1,0,0,"01",1024,0,0,"Z001",0
"1625","241910","11/01/25 00:00:00",100,0,0,0,0,0,0,1,102.2,100,102.2,1,0,0,"01",943,0,0,"Z001",0
"1925","6483","10/12/25 00:00:00",90,0,0,0,0,0,0,1,313.5,90,313.5,1,0,0,"01",1045,0,0,"Z001",0
"2025","1084","11/02/25 00:00:00",90,0,0,0,0,0,0,1,49.31000000000001,90,49.31000000000001,1,0,0,"01",1053,0,0,"Z001",0
"2025","787","11/02/25 00:00:00",90,0,0,0,0,0,0,1,45.51,90,45.51,1,0,0,"01",1054,0,0,"Z001",0
"2025","6620","11/02/25 00:00:00",90,0,0,0,0,0,0,1,177.78,90,177.78,1,0,0,"01",1055,0,0,"Z001",0
"2825","6334","10/29/25 00:00:00",0,1,0,0,1,0,0,0,350,0,255,0,0,350,"01",,0,95,"Z001",0
"2825","6063","10/29/25 00:00:00",0,2,0,0,1,0,0,0,50,0,41,0,0,50,"01",,0,18,"Z001",0
"2925","252003","11/03/25 00:00:00",0,1,0,0,1,0,0,0,28000,0,20000,0,0,28000,"01",,0,8000,"Z001",0
"2925","5817","11/03/25 00:00:00",0,2,0,0,1,0,0,0,10000,0,7293.90243902439,0,0,10000,"01",,0,5412.195121951219,"Z001",0
"2925","914","11/03/25 00:00:00",0,1,0,0,1,0,0,0,30000,0,19642.6,0,0,30000,"01",,0,10357.4,"Z001",0
"2925","973","11/03/25 00:00:00",0,1,0,0,1,0,0,0,1500,0,750,0,0,1500,"01",,0,750,"Z001",0
"2925","791","11/03/25 00:00:00",0,1,0,0,1,0,0,0,1300,0,625,0,0,1300,"01",,0,675,"Z001",0
"3025","201725","11/02/25 00:00:00",0,1,0,0,1,0,0,0,9000,0,6650,0,0,9000,"01",,0,2350,"Z001",0
"3025","251948","11/02/25 00:00:00",0,1,0,0,1,0,0,0,26000,0,21000,0,0,26000,"01",,0,5000,"Z001",0
"8125","251954","09/18/25 00:00:00",30,0,1,0,0,0,0,1,550,30,550,0,0,0,"01",906,1,0,"Z001",0
"8125","251955","09/18/25 00:00:00",60,0,1,0,0,0,0,1,650,60,650,0,0,0,"01",907,1,0,"Z001",0
"5125","6335","12/09/25 00:00:00",0,2,0,0,1,0,0,0,300,0,230,0,0,300,"01",,0,140,"Z001",0
"5125","6334","12/09/25 00:00:00",0,9,0,0,1,0,0,0,350,0,255,0,0,350,"01",,0,855,"Z001",0
"5125","6587","12/09/25 00:00:00",0,4,0,0,1,0,0,0,200,0,135,0,0,200,"01",,0,260,"Z001",0
"5125","6030","12/09/25 00:00:00",0,2,0,0,1,0,0,0,100,0,80,0,0,100,"01",,0,40,"Z001",0
"5125","6127","12/09/25 00:00:00",0,14,0,0,1,0,0,0,200,0,130,0,0,200,"01",,0,980,"Z001",0
"5125","251990","12/09/25 00:00:00",0,4,0,0,1,0,0,0,100,0,60,0,0,100,"01",,0,160,"Z001",0
"5125","231903","12/09/25 00:00:00",0,30,0,0,1,0,0,0,5,0,1.09,0,0,5,"01",,0,117.3,"Z001",0
"5125","6471","12/09/25 00:00:00",0,1,0,0,1,0,0,0,2750,0,2529.576504713561,0,0,2750,"01",,0,220.4234952864394,"Z001",0
"5125","6616","12/09/25 00:00:00",0,4,0,0,1,0,0,0,200,0,132.0967741935484,0,0,200,"01",,0,271.6129032258065,"Z001",0
"5125","5969","12/09/25 00:00:00",0,8,0,0,1,0,0,0,30,0,16.11111111111111,0,0,30,"01",,0,111.1111111111111,"Z001",0
"5225","1032","12/10/25 00:00:00",0,2,0,0,1,0,0,0,500,0,400,0,0,500,"01",,0,200,"Z001",0
"5225","6584","12/10/25 00:00:00",0,1,0,0,1,0,0,0,100,0,85,0,0,100,"01",,0,15,"Z001",0
"5225","5969","12/10/25 00:00:00",0,1,0,0,1,0,0,0,30,0,16.11111111111111,0,0,30,"01",,0,13.88888888888889,"Z001",0
"5225","6511","12/10/25 00:00:00",0,1,0,0,1,0,0,0,3600,0,3200,0,0,3600,"01",,0,400,"Z001",0
"5225","6332","12/10/25 00:00:00",0,1,0,0,1,0,0,0,250,0,190,0,0,250,"01",,0,60,"Z001",0
"5325","6365","12/12/25 00:00:00",0,75,0,0,1,0,0,0,2,0,0.61,0,0,2,"01",,0,104.25,"Z001",0
"5325","6334","12/12/25 00:00:00",0,1,0,0,1,0,0,0,350,0,255,0,0,350,"01",,0,95,"Z001",0
"5325","6338","12/12/25 00:00:00",0,1,0,0,1,0,0,0,150,0,100,0,0,150,"01",,0,50,"Z001",0
"5325","6098","12/12/25 00:00:00",0,1,0,0,1,0,0,0,50,0,27.55176470588235,0,0,50,"01",,0,22.44823529411765,"Z001",0
"5325","252042","12/12/25 00:00:00",0,1,0,0,1,0,0,0,150,0,78,0,0,150,"01",,0,72,"Z001",0
"5425","6098","12/13/25 00:00:00",0,1,0,0,1,0,0,0,50,0,27.55176470588235,0,0,50,"01",,0,22.44823529411765,"Z001",0
"5425","252013","12/13/25 00:00:00",0,2,0,0,1,0,0,0,550,0,530.13,0,0,550,"01",,0,39.74000000000001,"Z001",0
"5425","252045","12/13/25 00:00:00",0,2,0,0,1,0,0,0,250,0,37.5,0,0,250,"01",,0,425,"Z001",0
"5425","251942","12/13/25 00:00:00",0,7,0,0,1,0,0,0,300,0,226.2068965517241,0,0,300,"01",,0,516.5517241379312,"Z001",0
"5425","221883","12/13/25 00:00:00",0,1,0,0,1,0,0,0,37400,0,33562.51,0,0,37400,"01",,0,3837.489999999998,"Z001",0
"5525","252045","12/15/25 00:00:00",0,2,0,0,1,0,0,0,150,0,37.5,0,0,150,"01",,0,225,"Z001",0
"5525","6505","12/15/25 00:00:00",0,3,0,0,1,0,0,0,116.6699981689453,0,70.16778669724771,0,0,116.6699981689453,"01",,0,139.5066344150928,"Z001",0
"1125","5762","09/27/25 00:00:00",0,15,0,0,1,0,0,0,20,0,9,0,0,20,"01",,0,165,"Z001",0
"1125","6100","09/27/25 00:00:00",0,30,0,0,1,0,0,0,40,0,0,0,0,40,"01",,0,1200,"Z001",0
"1125","6192","09/27/25 00:00:00",0,30,0,0,1,0,0,0,20,0,1.75,0,0,20,"01",,0,547.5,"Z001",0
"1425","6346","10/13/25 00:00:00",0,1,0,0,1,0,0,0,900,0,428.1578947368421,0,0,900,"01",,0,471.8421052631579,"Z001",0
"1425","5832","10/13/25 00:00:00",0,1,0,0,1,0,0,0,300,0,135.7142857142857,0,0,300,"01",,0,164.2857142857143,"Z001",0
"1425","757","10/13/25 00:00:00",0,1,0,0,1,0,0,0,2000,0,1350,0,0,2000,"01",,0,650,"Z001",0
"1425","836","10/13/25 00:00:00",0,4,0,0,1,0,0,0,300,0,230,0,0,300,"01",,0,280,"Z001",0
"1425","5762","10/13/25 00:00:00",0,13,0,0,1,0,0,0,20,0,9,0,0,20,"01",,0,143,"Z001",0
"1425","6127","10/13/25 00:00:00",0,6,0,0,1,0,0,0,250,0,0,0,0,250,"01",,0,1500,"Z001",0
"1425","5968","10/13/25 00:00:00",0,13,0,0,1,0,0,0,15,0,10,0,0,15,"01",,0,65,"Z001",0
"1425","231903","10/13/25 00:00:00",0,1,0,0,1,0,0,0,400,0,1.09,0,0,400,"01",,0,398.91,"Z001",0
"1425","6471","10/13/25 00:00:00",0,1,0,0,1,0,0,0,2850,0,2529.576504713561,0,0,2850,"01",,0,320.4234952864394,"Z001",0
"1425","6474","10/13/25 00:00:00",0,3,0,0,1,0,0,0,4650,0,4255.912813559322,0,0,4650,"01",,0,1182.261559322034,"Z001",0
"1425","6505","10/13/25 00:00:00",0,9,0,0,1,0,0,0,100,0,73.40708333333333,0,0,100,"01",,0,239.33625,"Z001",0
"1425","6030","10/13/25 00:00:00",0,2,0,0,1,0,0,0,100,0,80,0,0,100,"01",,0,40,"Z001",0
"1425","6190","10/13/25 00:00:00",0,15,0,0,1,0,0,0,20,0,0,0,0,20,"01",,0,300,"Z001",0
"1425","6602","10/13/25 00:00:00",0,3,0,0,1,0,0,0,100,0,64.06,0,0,100,"01",,0,107.82,"Z001",0
"1125","6616","09/27/25 00:00:00",0,2,0,0,1,0,0,0,200,0,120,0,0,200,"01",,0,160,"Z001",0
"1125","862","09/27/25 00:00:00",0,1,0,0,1,0,0,0,200,0,120,0,0,200,"01",,0,80,"Z001",0
"1125","1549","09/27/25 00:00:00",0,2,0,0,1,0,0,0,400,0,133,0,0,400,"01",,0,534,"Z001",0
"1125","1550","09/27/25 00:00:00",0,1,0,0,1,0,0,0,300,0,112,0,0,300,"01",,0,188,"Z001",0
"925","6625","09/28/25 00:00:00",0,1,0,0,1,0,0,0,16000,0,16000,0,0,16000,"01",,0,0,"Z001",0
"2425","6466","11/03/25 00:00:00",0,4,0,0,1,0,0,0,350,0,250,0,0,350,"01",,0,400,"Z001",0
"2425","6591","11/03/25 00:00:00",0,1,0,0,1,0,0,0,4800,0,3822.212,0,0,4800,"01",,0,977.7879999999996,"Z001",0
"2425","6505","11/03/25 00:00:00",0,4,0,0,1,0,0,0,100,0,73.40708333333333,0,0,100,"01",,0,106.3716666666667,"Z001",0
"2425","6602","11/03/25 00:00:00",0,4,0,0,1,0,0,0,100,0,70.21683890577508,0,0,100,"01",,0,119.1326443768997,"Z001",0
"2425","6584","11/03/25 00:00:00",0,4,0,0,1,0,0,0,100,0,85,0,0,100,"01",,0,60,"Z001",0
"2425","6587","11/03/25 00:00:00",0,2,0,0,1,0,0,0,200,0,135,0,0,200,"01",,0,130,"Z001",0
"2425","6063","11/03/25 00:00:00",0,2,0,0,1,0,0,0,50,0,41,0,0,50,"01",,0,18,"Z001",0
"2125","241923","10/27/25 00:00:00",0,2,0,0,1,0,0,0,350,0,280,0,0,350,"01",,0,140,"Z001",0
"2525","5797","10/13/25 00:00:00",0,1,0,0,1,0,0,0,2200,0,1055.75,0,0,2200,"01",,0,1144.25,"Z001",0
"2525","252015","10/13/25 00:00:00",0,1,0,0,1,0,0,0,450,0,345.01,0,0,450,"01",,0,104.99,"Z001",0
"2625","6505","10/14/25 00:00:00",0,2,0,0,1,0,0,0,100,0,73.40708333333333,0,0,100,"01",,0,53.18583333333333,"Z001",0
"2625","6365","10/14/25 00:00:00",0,100,0,0,1,0,0,0,1,0,0.61,0,0,1,"01",,0,39,"Z001",0
"3825","6030","11/21/25 00:00:00",0,10,0,0,1,0,0,0,100,0,80,0,0,100,"01",,0,200,"Z001",0
"3825","251942","11/21/25 00:00:00",0,3,0,0,1,0,0,0,400,0,226.2068965517241,0,0,400,"01",,0,521.3793103448277,"Z001",0
"3825","6364","11/21/25 00:00:00",0,1,0,0,1,0,0,0,200,0,156.3333333333333,0,0,200,"01",,0,43.66666666666666,"Z001",0
"5525","6602","12/15/25 00:00:00",0,2,0,0,1,0,0,0,100,0,70.21683890577508,0,0,100,"01",,0,59.56632218844985,"Z001",0
"5525","6616","12/15/25 00:00:00",0,1,0,0,1,0,0,0,200,0,132.0967741935484,0,0,200,"01",,0,67.90322580645162,"Z001",0
"5525","862","12/15/25 00:00:00",0,1,0,0,1,0,0,0,200,0,120,0,0,200,"01",,0,80,"Z001",0
"5625","1471","12/16/25 00:00:00",0,1,0,0,1,0,0,0,12000,0,10800,0,0,12000,"01",,0,1200,"Z001",0
"5625","6563","12/16/25 00:00:00",0,1,0,0,1,0,0,0,4500,0,2500,0,0,4500,"01",,0,2000,"Z001",0
"5625","6333","12/16/25 00:00:00",0,1,0,0,1,0,0,0,350,0,230,0,0,350,"01",,0,120,"Z001",0
"2225","6476","10/28/25 00:00:00",0,1,0,0,1,0,0,0,11250,0,0,0,0,11250,"01",,1,,"Z001",0
"5625","6466","12/16/25 00:00:00",0,1,0,0,1,0,0,0,400,0,250,0,0,400,"01",,0,150,"Z001",0
"5525","973","12/15/25 00:00:00",0,1,0,0,1,0,0,0,1500,0,750,0,0,1500,"01",,0,750,"Z001",0
"5525","251942","12/15/25 00:00:00",0,3,0,0,1,0,0,0,366.6666564941406,0,226.2068965517241,0,0,366.6666564941406,"01",,0,421.3792798272495,"Z001",0
"5825","6505","12/17/25 00:00:00",0,1,0,0,1,0,0,0,100,0,70.16778669724771,0,0,100,"01",,0,29.83221330275229,"Z001",0
"5825","6602","12/17/25 00:00:00",0,1,0,0,1,0,0,0,100,0,70.21683890577508,0,0,100,"01",,0,29.78316109422492,"Z001",0
"5825","6616","12/17/25 00:00:00",0,1,0,0,1,0,0,0,200,0,132.0967741935484,0,0,200,"01",,0,67.90322580645162,"Z001",0
"5825","962","12/17/25 00:00:00",0,1,0,0,1,0,0,0,750,0,454.36,0,0,750,"01",,0,295.64,"Z001",0
"5825","6591","12/17/25 00:00:00",0,1,0,0,1,0,0,0,4300,0,3822.212,0,0,4300,"01",,0,477.7879999999996,"Z001",0
"5925","251946","12/18/25 00:00:00",0,1,0,0,1,0,0,0,1200,0,824.5813333333333,0,0,1200,"01",,0,375.4186666666667,"Z001",0
"5925","6505","12/18/25 00:00:00",0,1,0,0,1,0,0,0,100,0,70.16778669724771,0,0,100,"01",,0,29.83221330275229,"Z001",0
"6025","1071","12/11/25 00:00:00",0,2,0,0,1,0,0,0,8000,0,6600,0,0,8000,"01",,0,2800,"Z001",0
"6025","6511","12/11/25 00:00:00",0,1,0,0,1,0,0,0,3600,0,3161.871875,0,0,3600,"01",,0,438.1281250000002,"Z001",0
"6125","231903","12/19/25 00:00:00",0,20,0,0,1,0,0,0,5,0,1.09,0,0,5,"01",,0,78.2,"Z001",0
"6125","5761","12/19/25 00:00:00",0,1,0,0,1,0,0,0,30,0,9,0,0,30,"01",,0,21,"Z001",0
"6125","6591","12/19/25 00:00:00",0,2,0,0,1,0,0,0,4800,0,3822.212,0,0,4800,"01",,0,1955.575999999999,"Z001",0
"6125","6505","12/19/25 00:00:00",0,2,0,0,1,0,0,0,100,0,70.16778669724771,0,0,100,"01",,0,59.66442660550459,"Z001",0
"6225","251942","12/20/25 00:00:00",0,2,0,0,1,0,0,0,350,0,226.2068965517241,0,0,350,"01",,0,247.5862068965517,"Z001",0
"6225","251964","12/20/25 00:00:00",0,1,0,0,1,0,0,0,17500,0,13500,0,0,17500,"01",,0,4000,"Z001",0
"6225","241926","12/20/25 00:00:00",0,1,0,0,1,0,0,0,100000,0,99979.03,0,0,100000,"01",,0,20.97000000000116,"Z001",0
"6225","771","12/20/25 00:00:00",0,1,0,0,1,0,0,0,50000,0,36142.85714285714,0,0,50000,"01",,0,13857.14285714286,"Z001",0
"6225","5817","12/20/25 00:00:00",0,4,0,0,1,0,0,0,10000,0,7293.90243902439,0,0,10000,"01",,0,10824.39024390244,"Z001",0
"6225","241912","12/20/25 00:00:00",0,6,0,0,1,0,0,0,250,0,66.57356608478803,0,0,250,"01",,0,1100.558603491272,"Z001",0
"6225","1032","12/20/25 00:00:00",0,1,0,0,1,0,0,0,500,0,400,0,0,500,"01",,0,100,"Z001",0
"6225","6365","12/20/25 00:00:00",0,100,0,0,1,0,0,0,1.5,0,0.61,0,0,1.5,"01",,0,89,"Z001",0
"6225","973","12/20/25 00:00:00",0,1,0,0,1,0,0,0,1500,0,750,0,0,1500,"01",,0,750,"Z001",0
"6225","252020","12/20/25 00:00:00",0,100,0,0,1,0,0,0,250,0,199.83,0,0,250,"01",,0,5016.999999999999,"Z001",0
"6225","6591","12/20/25 00:00:00",0,2,0,0,1,0,0,0,4800,0,3822.212,0,0,4800,"01",,0,1955.575999999999,"Z001",0
"6225","252003","12/20/25 00:00:00",0,1,0,0,1,0,0,0,27000,0,14450,0,0,27000,"01",,0,12550,"Z001",0
"6225","6471","12/20/25 00:00:00",0,2,0,0,1,0,0,0,2800,0,2529.576504713561,0,0,2800,"01",,0,540.8469905728789,"Z001",0
"6225","6030","12/20/25 00:00:00",0,1,0,0,1,0,0,0,100,0,80,0,0,100,"01",,0,20,"Z001",0
"5725","6475","12/05/25 00:00:00",0,1,0,0,1,0,0,0,8500,0,0,0,0,8500,"01",,1,,"Z001",0
"5725","6474","12/05/25 00:00:00",0,2,0,0,1,0,0,0,4750,0,0,0,0,4750,"01",,1,,"Z001",0
"5725","6030","12/05/25 00:00:00",0,1,0,0,1,0,0,0,100,0,0,0,0,100,"01",,1,,"Z001",0
"5725","251946","12/05/25 00:00:00",0,1,0,0,1,0,0,0,1100,0,0,0,0,1100,"01",,1,,"Z001",0
"5725","5969","12/05/25 00:00:00",0,2,0,0,1,0,0,0,30,0,0,0,0,30,"01",,1,,"Z001",0
"6325","6587","12/22/25 00:00:00",0,3,0,0,1,0,0,0,200,0,135,0,0,200,"01",,0,195,"Z001",0
"6325","6505","12/22/25 00:00:00",0,1,0,0,1,0,0,0,100,0,70.16778669724771,0,0,100,"01",,0,29.83221330275229,"Z001",0
"6325","862","12/22/25 00:00:00",0,1,0,0,1,0,0,0,200,0,120,0,0,200,"01",,0,80,"Z001",0
"6325","252009","12/22/25 00:00:00",0,1,0,0,1,0,0,0,300,0,192.95,0,0,300,"01",,0,107.05,"Z001",0
"6425","251970","12/23/25 00:00:00",0,1,0,0,1,0,0,0,150,0,284,0,0,150,"01",,0,-134,"Z001",0
"6425","6365","12/23/25 00:00:00",0,100,0,0,1,0,0,0,1,0,0.61,0,0,1,"01",,0,39,"Z001",0
"6425","862","12/23/25 00:00:00",0,1,0,0,1,0,0,0,200,0,120,0,0,200,"01",,0,80,"Z001",0
"6425","1032","12/23/25 00:00:00",0,1,0,0,1,0,0,0,500,0,400,0,0,500,"01",,0,100,"Z001",0
"6425","6471","12/23/25 00:00:00",0,6,0,0,1,0,0,0,2800,0,2529.576504713561,0,0,2800,"01",,0,1622.540971718637,"Z001",0
"6425","6474","12/23/25 00:00:00",0,3,0,0,1,0,0,0,4600,0,4255.912813559322,0,0,4600,"01",,0,1032.261559322034,"Z001",0
"6425","6475","12/23/25 00:00:00",0,3,0,0,1,0,0,0,7450,0,6755.9184,0,0,7450,"01",,0,2082.244799999999,"Z001",0
"6425","6476","12/23/25 00:00:00",0,3,0,0,1,0,0,0,11250,0,10053.78529411765,0,0,11250,"01",,0,3588.644117647056,"Z001",0
"6425","6334","12/23/25 00:00:00",0,17,0,0,1,0,0,0,300,0,255,0,0,300,"01",,0,765,"Z001",0
"6425","6584","12/23/25 00:00:00",0,9,0,0,1,0,0,0,100,0,85,0,0,100,"01",,0,135,"Z001",0
"6425","6585","12/23/25 00:00:00",0,4,0,0,1,0,0,0,160,0,125,0,0,160,"01",,0,140,"Z001",0
"6425","6602","12/23/25 00:00:00",0,14,0,0,1,0,0,0,100,0,70.21683890577508,0,0,100,"01",,0,416.9642553191489,"Z001",0
"6425","836","12/23/25 00:00:00",0,15,0,0,1,0,0,0,330,0,230,0,0,330,"01",,0,1500,"Z001",0
"6425","757","12/23/25 00:00:00",0,1,0,0,1,0,0,0,1900,0,1350,0,0,1900,"01",,0,550,"Z001",0
"6425","6333","12/23/25 00:00:00",0,4,0,0,1,0,0,0,320,0,230,0,0,320,"01",,0,360,"Z001",0
"6425","252047","12/23/25 00:00:00",0,1,0,0,1,0,0,0,350,0,160,0,0,350,"01",,0,190,"Z001",0
"6425","252048","12/23/25 00:00:00",0,1,0,0,1,0,0,0,350,0,180,0,0,350,"01",,0,170,"Z001",0
"6425","1004","12/23/25 00:00:00",0,1,0,0,1,0,0,0,1500,0,392.08,0,0,1500,"01",,0,1107.92,"Z001",0
"6425","5817","12/23/25 00:00:00",0,2,0,0,1,0,0,0,10000,0,7293.90243902439,0,0,10000,"01",,0,5412.195121951219,"Z001",0
"6425","973","12/23/25 00:00:00",0,1,0,0,1,0,0,0,1500,0,750,0,0,1500,"01",,0,750,"Z001",0
"7025","252004","10/29/25 00:00:00",0,1,0,0,1,0,0,0,34566.2109375,0,22000,0,0,34566.2109375,"01",,0,12566.2109375,"Z001",0
"7025","5817","10/29/25 00:00:00",0,3,0,0,1,0,0,0,12674.2802734375,0,7293.90243902439,0,0,12674.2802734375,"01",,0,16141.13350323933,"Z001",0
"7025","973","10/29/25 00:00:00",0,1,0,0,1,0,0,0,2304.409912109375,0,750,0,0,2304.409912109375,"01",,0,1554.409912109375,"Z001",0
"7025","241912","10/29/25 00:00:00",0,2,0,0,1,0,0,0,403.2699890136719,0,66.57356608478803,0,0,403.2699890136719,"01",,0,673.3928458577677,"Z001",0
"7125","5817","12/30/25 00:00:00",0,13,0,0,1,0,0,0,9657.142578125,0,7293.90243902439,0,0,9657.142578125,"01",,0,30722.12180830793,"Z001",0
"6825","251948","12/27/25 00:00:00",0,2,0,0,1,0,0,0,28000,0,21900,0,0,28000,"01",,0,12200,"Z001",0
"7225","251941","12/29/25 00:00:00",0,1,0,0,1,0,0,0,450,0,325,0,0,450,"01",,0,125,"Z001",0
"7225","6334","12/29/25 00:00:00",0,1,0,0,1,0,0,0,350,0,255,0,0,350,"01",,0,95,"Z001",0
"7225","6098","12/29/25 00:00:00",0,1,0,0,1,0,0,0,50,0,27.55176470588235,0,0,50,"01",,0,22.44823529411765,"Z001",0
"7225","252050","12/29/25 00:00:00",0,5,0,0,1,0,0,0,300,0,400.68,0,0,300,"01",,0,-503.4,"Z001",0
"7225","6586","12/29/25 00:00:00",0,2,0,0,1,0,0,0,200,0,160,0,0,200,"01",,0,80,"Z001",0
"3025","6385","11/02/25 00:00:00",0,1,0,0,1,0,0,0,650,0,450,0,0,650,"01",,0,200,"Z001",0
"3025","5817","11/02/25 00:00:00",0,1,0,0,1,0,0,0,9500,0,7293.90243902439,0,0,9500,"01",,0,2206.09756097561,"Z001",0
"3125","251967","11/03/25 00:00:00",0,1,0,0,1,0,0,0,350,0,163.8888888888889,0,0,350,"01",,0,186.1111111111111,"Z001",0
"3125","6063","11/03/25 00:00:00",0,2,0,0,1,0,0,0,50,0,41,0,0,50,"01",,0,18,"Z001",0
"3225","251964","11/03/25 00:00:00",0,1,0,0,1,0,0,0,17000,0,13500,0,0,17000,"01",,0,3500,"Z001",0
"3325","924","11/03/25 00:00:00",0,1,0,0,1,0,0,0,8500,0,6800,0,0,8500,"01",,0,1700,"Z001",0
"6425","252049","12/23/25 00:00:00",0,1,0,0,1,0,0,0,21000,0,13350,0,0,21000,"01",,0,7650,"Z001",0
"6525","854","12/24/25 00:00:00",0,3,0,0,1,0,0,0,3500,0,650,0,0,3500,"01",,0,8550,"Z001",0
"6525","251957","12/24/25 00:00:00",0,2,0,0,1,0,0,0,2000,0,1185.368,0,0,2000,"01",,0,1629.264,"Z001",0
"6525","251969","12/24/25 00:00:00",0,3,0,0,1,0,0,0,500,0,312.5,0,0,500,"01",,0,562.5,"Z001",0
"6525","6602","12/24/25 00:00:00",0,1,0,0,1,0,0,0,100,0,70.21683890577508,0,0,100,"01",,0,29.78316109422492,"Z001",0
"6525","6505","12/24/25 00:00:00",0,1,0,0,1,0,0,0,100,0,70.16778669724771,0,0,100,"01",,0,29.83221330275229,"Z001",0
"6525","1691","12/24/25 00:00:00",0,5,0,0,1,0,0,0,10,0,225.01,0,0,10,"01",,0,-1075.05,"Z001",0
"6625","1032","12/25/25 00:00:00",0,1,0,0,1,0,0,0,500,0,400,0,0,500,"01",,0,100,"Z001",0
"6625","6099","12/25/25 00:00:00",0,1,0,0,1,0,0,0,150,0,85,0,0,150,"01",,0,65,"Z001",0
"6725","891","12/26/25 00:00:00",0,1,0,0,1,0,0,0,250,0,150,0,0,250,"01",,0,100,"Z001",0
"6825","6505","12/27/25 00:00:00",0,1,0,0,1,0,0,0,100,0,70.16778669724771,0,0,100,"01",,0,29.83221330275229,"Z001",0
"6825","6025","12/27/25 00:00:00",0,1,0,0,1,0,0,0,100,0,61.75,0,0,100,"01",,0,38.25,"Z001",0
"6925","6471","12/31/25 00:00:00",0,4,0,0,1,0,0,0,2950,0,2529.576504713561,0,0,2950,"01",,0,1681.693981145758,"Z001",0
"7225","973","12/29/25 00:00:00",0,1,0,0,1,0,0,0,1500,0,750,0,0,1500,"01",,0,750,"Z001",0
"3725","6098","11/15/25 00:00:00",0,1,0,0,1,0,0,0,50,0,27.55176470588235,0,0,50,"01",,0,22.44823529411765,"Z001",0
"3725","6173","11/15/25 00:00:00",0,2,0,0,1,0,0,0,80,0,90,0,0,80,"01",,0,-20,"Z001",0
"3725","6338","11/15/25 00:00:00",0,1,0,0,1,0,0,0,150,0,100,0,0,150,"01",,0,50,"Z001",0
"3725","5797","11/15/25 00:00:00",0,1,0,0,1,0,0,0,2500,0,1055.75,0,0,2500,"01",,0,1444.25,"Z001",0
"3125","5970","11/03/25 00:00:00",0,2,0,0,1,0,0,0,100,0,75,0,0,100,"01",,0,50,"Z001",0
"3025","6334","11/02/25 00:00:00",0,2,0,0,1,0,0,0,350,0,255,0,0,350,"01",,0,190,"Z001",0
"3825","6063","11/21/25 00:00:00",0,2,0,0,1,0,0,0,50,0,41,0,0,50,"01",,0,18,"Z001",0
"3825","6608","11/21/25 00:00:00",0,1,0,0,1,0,0,0,850,0,737.1900000000001,0,0,850,"01",,0,112.8099999999999,"Z001",0
"3825","6334","11/21/25 00:00:00",0,1,0,0,1,0,0,0,350,0,255,0,0,350,"01",,0,95,"Z001",0
"3825","6098","11/21/25 00:00:00",0,1,0,0,1,0,0,0,50,0,27.55176470588235,0,0,50,"01",,0,22.44823529411765,"Z001",0
"3825","6479","11/21/25 00:00:00",0,1,0,0,1,0,0,0,7800,0,9715.049999999999,0,0,7800,"01",,0,-1915.049999999999,"Z001",0
"5725","6332","12/05/25 00:00:00",0,2,0,0,1,0,0,0,300,0,0,0,0,300,"01",,1,,"Z001",0
"5725","5795","12/05/25 00:00:00",0,1,0,0,1,0,0,0,4300,0,0,0,0,4300,"01",,1,,"Z001",0
"5725","6063","12/05/25 00:00:00",0,1,0,0,1,0,0,0,50,0,0,0,0,50,"01",,1,,"Z001",0
"5725","791","12/05/25 00:00:00",0,1,0,0,1,0,0,0,1500,0,0,0,0,1500,"01",,1,,"Z001",0
"3825","5970","11/21/25 00:00:00",0,2,0,0,1,0,0,0,100,0,75,0,0,100,"01",,0,50,"Z001",0
"3825","6365","11/21/25 00:00:00",0,1.25,0,0,1,0,0,0,100,0,0.61,0,0,100,"01",,0,124.2375,"Z001",0
"3825","251997","11/21/25 00:00:00",0,1,0,0,1,0,0,0,600,0,384.75,0,0,600,"01",,0,215.25,"Z001",0
"3925","6307","11/22/25 00:00:00",0,1,0,0,1,0,0,0,1200,0,800,0,0,1200,"01",,0,400,"Z001",0
"3925","6296","11/22/25 00:00:00",0,3,0,0,1,0,0,0,116.6666641235352,0,76,0,0,116.6666641235352,"01",,0,121.9999923706055,"Z001",0
"3925","5832","11/22/25 00:00:00",0,1,0,0,1,0,0,0,300,0,132.0823244552058,0,0,300,"01",,0,167.9176755447942,"Z001",0
"3925","252028","11/22/25 00:00:00",0,2,0,0,1,0,0,0,200,0,450,0,0,200,"01",,0,-500,"Z001",0
"3925","962","11/22/25 00:00:00",0,1,0,0,1,0,0,0,450,0,454.36,0,0,450,"01",,0,-4.359999999999957,"Z001",0
"3925","6025","11/22/25 00:00:00",0,2,0,0,1,0,0,0,75,0,61.75,0,0,75,"01",,0,26.5,"Z001",0
"3925","6332","11/22/25 00:00:00",0,1,0,0,1,0,0,0,300,0,190,0,0,300,"01",,0,110,"Z001",0
"3925","5969","11/22/25 00:00:00",0,1,0,0,1,0,0,0,30,0,16.11111111111111,0,0,30,"01",,0,13.88888888888889,"Z001",0
"4225","252027","11/28/25 00:00:00",0,1,0,0,1,0,0,0,500,0,300,0,0,500,"01",,0,200,"Z001",0
"4225","6505","11/28/25 00:00:00",0,3,0,0,1,0,0,0,100,0,73.40708333333333,0,0,100,"01",,0,79.77875,"Z001",0
"4225","251942","11/28/25 00:00:00",0,3,0,0,1,0,0,0,333.3299865722656,0,226.2068965517241,0,0,333.3299865722656,"01",,0,321.3692700616245,"Z001",0
"4225","6338","11/28/25 00:00:00",0,1,0,0,1,0,0,0,150,0,100,0,0,150,"01",,0,50,"Z001",0
"4325","6332","12/03/25 00:00:00",0,1,0,0,1,0,0,0,350,0,190,0,0,350,"01",,0,160,"Z001",0
"4325","5795","12/03/25 00:00:00",0,4,0,0,1,0,0,0,3500,0,2481.875,0,0,3500,"01",,0,4072.5,"Z001",0
"4325","6399","12/03/25 00:00:00",0,1,0,0,1,0,0,0,170,0,110,0,0,170,"01",,0,60,"Z001",0
"4325","251982","12/03/25 00:00:00",0,2,0,0,1,0,0,0,150,0,90,0,0,150,"01",,0,120,"Z001",0
"4325","6030","12/03/25 00:00:00",0,1,0,0,1,0,0,0,100,0,80,0,0,100,"01",,0,20,"Z001",0
"3425","924","11/03/25 00:00:00",0,1,0,0,1,0,0,0,8500,0,6800,0,0,8500,"01",,0,1700,"Z001",0
"3525","973","11/04/25 00:00:00",0,5,0,0,1,0,0,0,1500,0,750,0,0,1500,"01",,0,3750,"Z001",0
"3525","6173","11/04/25 00:00:00",0,15,0,0,1,0,0,0,90,0,90,0,0,90,"01",,0,0,"Z001",0
"3525","6030","11/04/25 00:00:00",0,3,0,0,1,0,0,0,100,0,80,0,0,100,"01",,0,60,"Z001",0
"3525","6471","11/04/25 00:00:00",0,1,0,0,1,0,0,0,2800,0,2529.576504713561,0,0,2800,"01",,0,270.4234952864394,"Z001",0
"3525","1045","11/04/25 00:00:00",0,1,0,0,1,0,0,0,1500,0,900,0,0,1500,"01",,0,600,"Z001",0
"3525","251966","11/04/25 00:00:00",0,1,0,0,1,0,0,0,300,0,180,0,0,300,"01",,0,120,"Z001",0
"3625","251938","11/11/25 00:00:00",0,1,0,0,1,0,0,0,2300,0,1505.667741935484,0,0,2300,"01",,0,794.3322580645161,"Z001",0
"3725","6474","11/15/25 00:00:00",0,3,0,0,1,0,0,0,4600,0,4255.912813559322,0,0,4600,"01",,0,1032.261559322034,"Z001",0
"3725","6471","11/15/25 00:00:00",0,3,0,0,1,0,0,0,2800,0,2529.576504713561,0,0,2800,"01",,0,811.2704858593183,"Z001",0
"3725","944","11/15/25 00:00:00",0,8,0,0,1,0,0,0,300,0,220,0,0,300,"01",,0,640,"Z001",0
"3725","241929","11/15/25 00:00:00",0,42,0,0,1,0,0,0,20,0,7.406779661016949,0,0,20,"01",,0,528.9152542372882,"Z001",0
"3725","1342","11/15/25 00:00:00",0,8,0,0,1,0,0,0,300,0,15,0,0,300,"01",,0,2280,"Z001",0
"3725","6272","11/15/25 00:00:00",0,20,0,0,1,0,0,0,15,0,6,0,0,15,"01",,0,180,"Z001",0
"3725","6334","11/15/25 00:00:00",0,2,0,0,1,0,0,0,350,0,255,0,0,350,"01",,0,190,"Z001",0
"3725","6100","11/15/25 00:00:00",0,12,0,0,1,0,0,0,10,0,5,0,0,10,"01",,0,60,"Z001",0
"3725","6063","11/15/25 00:00:00",0,1,0,0,1,0,0,0,50,0,41,0,0,50,"01",,0,9,"Z001",0
"2625","5956","10/14/25 00:00:00",0,1,0,0,1,0,0,0,50,0,10,0,0,50,"01",,0,40,"Z001",0
"2625","6333","10/14/25 00:00:00",0,1,0,0,1,0,0,0,300,0,230,0,0,300,"01",,0,70,"Z001",0
"2625","251967","10/14/25 00:00:00",0,1,0,0,1,0,0,0,250,0,175,0,0,250,"01",,0,75,"Z001",0
"2725","6365","10/29/25 00:00:00",0,100,0,0,1,0,0,0,1,0,0.61,0,0,1,"01",,0,39,"Z001",0
"2725","251942","10/29/25 00:00:00",0,1,0,0,1,0,0,0,350,0,226.2068965517241,0,0,350,"01",,0,123.7931034482759,"Z001",0
"2725","6471","10/29/25 00:00:00",0,2,0,0,1,0,0,0,2650,0,2529.576504713561,0,0,2650,"01",,0,240.8469905728789,"Z001",0
"2725","6616","10/29/25 00:00:00",0,1,0,0,1,0,0,0,200,0,132.0967741935484,0,0,200,"01",,0,67.90322580645162,"Z001",0
"2725","6334","10/29/25 00:00:00",0,1,0,0,1,0,0,0,350,0,255,0,0,350,"01",,0,95,"Z001",0
"2725","862","10/29/25 00:00:00",0,3,0,0,1,0,0,0,200,0,120,0,0,200,"01",,0,240,"Z001",0
"2725","251946","10/29/25 00:00:00",0,1,0,0,1,0,0,0,1150,0,824.5813333333333,0,0,1150,"01",,0,325.4186666666667,"Z001",0
"2725","1032","10/29/25 00:00:00",0,4,0,0,1,0,0,0,500,0,400,0,0,500,"01",,0,400,"Z001",0
"2725","6505","10/29/25 00:00:00",0,2,0,0,1,0,0,0,100,0,73.40708333333333,0,0,100,"01",,0,53.18583333333333,"Z001",0
"2825","251946","10/29/25 00:00:00",0,1,0,0,1,0,0,0,1200,0,824.5813333333333,0,0,1200,"01",,0,375.4186666666667,"Z001",0
"2825","6338","10/29/25 00:00:00",0,1,0,0,1,0,0,0,150,0,100,0,0,150,"01",,0,50,"Z001",0
"2825","5799","10/29/25 00:00:00",0,1,0,0,1,0,0,0,1200,0,1131.115,0,0,1200,"01",,0,68.88499999999999,"Z001",0
"2825","1032","10/29/25 00:00:00",0,1,0,0,1,0,0,0,500,0,400,0,0,500,"01",,0,100,"Z001",0
"2825","6587","10/29/25 00:00:00",0,2,0,0,1,0,0,0,200,0,135,0,0,200,"01",,0,130,"Z001",0
"1225","201725","09/25/25 00:00:00",0,2,0,0,1,0,0,0,8500,0,6650,0,0,8500,"01",,0,3700,"Z001",0
"1225","6616","09/25/25 00:00:00",0,1,0,0,1,0,0,0,200,0,0,0,0,200,"01",,0,200,"Z001",0
"1225","251970","09/25/25 00:00:00",0,2,0,0,1,0,0,0,150,0,200,0,0,150,"01",,0,-100,"Z001",0
"1225","6505","09/25/25 00:00:00",0,1,0,0,1,0,0,0,300,0,73.40708333333333,0,0,300,"01",,0,226.5929166666667,"Z001",0
"1225","251942","09/25/25 00:00:00",0,2,0,0,1,0,0,0,350,0,0,0,0,350,"01",,0,700,"Z001",0
"1225","6585","09/25/25 00:00:00",0,2,0,0,1,0,0,0,160,0,125,0,0,160,"01",,0,70,"Z001",0
"1225","6587","09/25/25 00:00:00",0,3,0,0,1,0,0,0,200,0,135,0,0,200,"01",,0,195,"Z001",0
"1225","6586","09/25/25 00:00:00",0,1,0,0,1,0,0,0,200,0,160,0,0,200,"01",,0,40,"Z001",0
"1225","6338","09/25/25 00:00:00",0,1,0,0,1,0,0,0,150,0,100,0,0,150,"01",,0,50,"Z001",0
"1325","5797","10/07/25 00:00:00",0,1,0,0,1,0,0,0,2000,0,1055.75,0,0,2000,"01",,0,944.25,"Z001",0
"1325","6338","10/07/25 00:00:00",0,2,0,0,1,0,0,0,150,0,100,0,0,150,"01",,0,100,"Z001",0
"1325","6505","10/07/25 00:00:00",0,1,0,0,1,0,0,0,100,0,73.40708333333333,0,0,100,"01",,0,26.59291666666667,"Z001",0
"1325","251942","10/07/25 00:00:00",0,2,0,0,1,0,0,0,300,0,240,0,0,300,"01",,0,120,"Z001",0
"1325","5832","10/07/25 00:00:00",0,1,0,0,1,0,0,0,250,0,135.7142857142857,0,0,250,"01",,0,114.2857142857143,"Z001",0
"1325","241912","10/07/25 00:00:00",0,3,0,0,1,0,0,0,300,0,66.57356608478803,0,0,300,"01",,0,700.279301745636,"Z001",0
"1325","6063","10/07/25 00:00:00",0,2,0,0,1,0,0,0,50,0,41,0,0,50,"01",,0,18,"Z001",0
"1325","6358","10/07/25 00:00:00",0,1,0,0,1,0,0,0,300,0,120,0,0,300,"01",,0,180,"Z001",0
"125","5817","09/23/25 00:00:00",0,2,0,0,1,0,0,0,11000,0,7700,0,0,11000,"01",,0,6600,"Z001",0
"225","771","09/28/25 00:00:00",0,1,0,0,1,0,0,0,50000,0,34000,0,0,50000,"01",,0,16000,"Z001",0
"225","251944","09/28/25 00:00:00",0,1,0,0,1,0,0,0,2000,0,1835,0,0,2000,"01",,0,165,"Z001",0
"325","6334","09/24/25 00:00:00",0,2,0,0,1,0,0,0,300,0,255,0,0,300,"01",,0,90,"Z001",0
"525","6474","09/30/25 00:00:00",0,4,0,0,1,0,0,0,4500,0,4236.024,0,0,4500,"01",,0,1055.903999999999,"Z001",0
"525","6130","09/30/25 00:00:00",0,1,0,0,1,0,0,0,6500,0,4900,0,0,6500,"01",,0,1600,"Z001",0
"625","6471","10/01/25 00:00:00",0,2,0,0,1,0,0,0,2750,0,2512.571428571428,0,0,2750,"01",,0,474.8571428571431,"Z001",0
"725","6587","10/02/25 00:00:00",0,1,0,0,1,0,0,0,200,0,135,0,0,200,"01",,0,65,"Z001",0
"825","6471","10/02/25 00:00:00",0,8,0,0,1,0,0,0,2750,0,2512.571428571428,0,0,2750,"01",,0,1899.428571428572,"Z001",0
"825","6474","10/02/25 00:00:00",0,6,0,0,1,0,0,0,4500,0,4236.024,0,0,4500,"01",,0,1583.855999999998,"Z001",0
"925","251963","09/28/25 00:00:00",0,10,0,0,1,0,0,0,5500,0,5500,0,0,5500,"01",,0,0,"Z001",0
"125","6625","09/23/25 00:00:00",0,1,0,0,1,0,0,0,23000,0,16000,0,0,23000,"01",,0,7000,"Z001",0
"1025","201725","09/24/25 00:00:00",0,2,0,0,1,0,0,0,8500,0,6650,0,0,8500,"01",,0,3700,"Z001",0
"1125","251951","09/27/25 00:00:00",0,1,0,0,1,0,0,0,2500,0,0,0,0,2500,"01",,0,2500,"Z001",0
"1125","1716","09/27/25 00:00:00",0,1,0,0,1,0,0,0,3000,0,0,0,0,3000,"01",,0,3000,"Z001",0
"1125","836","09/27/25 00:00:00",0,2,0,0,1,0,0,0,350,0,230,0,0,350,"01",,0,240,"Z001",0
"925","251964","09/28/25 00:00:00",0,1,0,0,1,0,0,0,13500,0,13500,0,0,13500,"01",,0,0,"Z001",0
"1925","5602","10/20/25 00:00:00",0,1,0,0,1,0,0,0,11000,0,9000,0,0,11000,"01",,0,2000,"Z001",0
"1925","1711","10/20/25 00:00:00",0,1,0,0,1,0,0,0,3700,0,2700,0,0,3700,"01",,0,1000,"Z001",0
"1925","5612","10/20/25 00:00:00",0,4,0,0,1,0,0,0,6500,0,6000,0,0,6500,"01",,0,2000,"Z001",0
"1925","211827","10/20/25 00:00:00",0,2,0,0,1,0,0,0,6000,0,4000,0,0,6000,"01",,0,4000,"Z001",0
"1925","201789","10/20/25 00:00:00",0,10,0,0,1,0,0,0,100,0,45,0,0,100,"01",,0,550,"Z001",0
"1925","6346","10/20/25 00:00:00",0,2,0,0,1,0,0,0,500,0,428.1578947368421,0,0,500,"01",,0,143.6842105263158,"Z001",0
"1925","6030","10/20/25 00:00:00",0,3,0,0,1,0,0,0,100,0,80,0,0,100,"01",,0,60,"Z001",0
"1925","241910","10/20/25 00:00:00",0,1,0,0,1,0,0,0,25000,0,10219.95454545455,0,0,25000,"01",,0,14780.04545454545,"Z001",0
"1925","6365","10/20/25 00:00:00",0,2,0,0,1,0,0,0,300,0,0.61,0,0,300,"01",,0,598.78,"Z001",0
"2025","6474","10/23/25 00:00:00",0,6,0,0,1,0,0,0,4600,0,4255.912813559322,0,0,4600,"01",,0,2064.523118644069,"Z001",0
"2025","6471","10/23/25 00:00:00",0,8,0,0,1,0,0,0,2800,0,2529.576504713561,0,0,2800,"01",,0,2163.387962291516,"Z001",0
"2025","6476","10/23/25 00:00:00",0,1,0,0,1,0,0,0,11250,0,10053.78529411765,0,0,11250,"01",,0,1196.214705882352,"Z001",0
"2025","6173","10/23/25 00:00:00",0,20,0,0,1,0,0,0,80,0,90,0,0,80,"01",,0,-200,"Z001",0
"2025","6030","10/23/25 00:00:00",0,2,0,0,1,0,0,0,100,0,80,0,0,100,"01",,0,40,"Z001",0
"2025","6192","10/23/25 00:00:00",0,40,0,0,1,0,0,0,10,0,2.883177570093458,0,0,10,"01",,0,284.6728971962617,"Z001",0
"2025","5956","10/23/25 00:00:00",0,30,0,0,1,0,0,0,25,0,14.29799426934097,0,0,25,"01",,0,321.0601719197708,"Z001",0
"2125","6099","10/27/25 00:00:00",0,2,0,0,1,0,0,0,200,0,85,0,0,200,"01",,0,230,"Z001",0
"2125","6616","10/27/25 00:00:00",0,5,0,0,1,0,0,0,200,0,132.0967741935484,0,0,200,"01",,0,339.516129032258,"Z001",0
"2125","6602","10/27/25 00:00:00",0,2,0,0,1,0,0,0,100,0,70.21683890577508,0,0,100,"01",,0,59.56632218844985,"Z001",0
"3925","5970","11/22/25 00:00:00",0,9,0,0,1,0,0,0,100,0,75,0,0,100,"01",,0,225,"Z001",0
"3925","6099","11/22/25 00:00:00",0,3,0,0,1,0,0,0,150,0,85,0,0,150,"01",,0,195,"Z001",0
"3925","251942","11/22/25 00:00:00",0,2,0,0,1,0,0,0,350,0,226.2068965517241,0,0,350,"01",,0,247.5862068965517,"Z001",0
"3925","6505","11/22/25 00:00:00",0,7,0,0,1,0,0,0,107.1428604125977,0,73.40708333333333,0,0,107.1428604125977,"01",,0,236.1504395548503,"Z001",0
"3925","251999","11/22/25 00:00:00",0,1,0,0,1,0,0,0,500,0,285,0,0,500,"01",,0,215,"Z001",0
"3925","6587","11/22/25 00:00:00",0,1,0,0,1,0,0,0,200,0,135,0,0,200,"01",,0,65,"Z001",0
"3925","6602","11/22/25 00:00:00",0,1,0,0,1,0,0,0,100,0,70.21683890577508,0,0,100,"01",,0,29.78316109422492,"Z001",0
"3925","6338","11/22/25 00:00:00",0,3,0,0,1,0,0,0,150,0,100,0,0,150,"01",,0,150,"Z001",0
"3925","6616","11/22/25 00:00:00",0,3,0,0,1,0,0,0,200,0,132.0967741935484,0,0,200,"01",,0,203.7096774193548,"Z001",0
"3925","6584","11/22/25 00:00:00",0,4,0,0,1,0,0,0,100,0,85,0,0,100,"01",,0,60,"Z001",0
"3925","6586","11/22/25 00:00:00",0,4,0,0,1,0,0,0,237.5,0,160,0,0,237.5,"01",,0,310,"Z001",0
"3925","6334","11/22/25 00:00:00",0,9,0,0,1,0,0,0,350,0,255,0,0,350,"01",,0,855,"Z001",0
"3925","6030","11/22/25 00:00:00",0,4,0,0,1,0,0,0,100,0,80,0,0,100,"01",,0,80,"Z001",0
"3925","6229","11/22/25 00:00:00",0,2,0,0,1,0,0,0,1100,0,720,0,0,1100,"01",,0,760,"Z001",0
"3925","5833","11/22/25 00:00:00",0,1,0,0,1,0,0,0,700,0,550.24,0,0,700,"01",,0,149.76,"Z001",0
"3925","5797","11/22/25 00:00:00",0,1,0,0,1,0,0,0,2500,0,1055.75,0,0,2500,"01",,0,1444.25,"Z001",0
"4125","6130","11/25/25 00:00:00",0,1,0,0,1,0,0,0,6500,0,4900,0,0,6500,"01",,0,1600,"Z001",0
"1125","6474","09/27/25 00:00:00",0,3,0,0,1,0,0,0,4400,0,4236.024,0,0,4400,"01",,0,491.927999999999,"Z001",0
"1125","6471","09/27/25 00:00:00",0,3,0,0,1,0,0,0,2500,0,2512.571428571428,0,0,2500,"01",,0,-37.71428571428532,"Z001",0
"1125","6334","09/27/25 00:00:00",0,12,0,0,1,0,0,0,350,0,255,0,0,350,"01",,0,1140,"Z001",0
"1125","6587","09/27/25 00:00:00",0,3,0,0,1,0,0,0,250,0,135,0,0,250,"01",,0,345,"Z001",0
"1125","6585","09/27/25 00:00:00",0,4,0,0,1,0,0,0,200,0,125,0,0,200,"01",,0,300,"Z001",0
"1125","6586","09/27/25 00:00:00",0,2,0,0,1,0,0,0,250,0,160,0,0,250,"01",,0,180,"Z001",0
"1125","6335","09/27/25 00:00:00",0,1,0,0,1,0,0,0,350,0,230,0,0,350,"01",,0,120,"Z001",0
"1125","757","09/27/25 00:00:00",0,1,0,0,1,0,0,0,2300,0,1350,0,0,2300,"01",,0,950,"Z001",0
"1125","6030","09/27/25 00:00:00",0,4,0,0,1,0,0,0,100,0,80,0,0,100,"01",,0,80,"Z001",0
"1125","5969","09/27/25 00:00:00",0,10,0,0,1,0,0,0,30,0,13,0,0,30,"01",,0,170,"Z001",0
"1125","6098","09/27/25 00:00:00",0,12,0,0,1,0,0,0,50,0,31.69,0,0,50,"01",,0,219.7199999999999,"Z001",0
"1125","5968","09/27/25 00:00:00",0,10,0,0,1,0,0,0,15,0,10,0,0,15,"01",,0,50,"Z001",0
"1125","6602","09/27/25 00:00:00",0,4,0,0,1,0,0,0,100,0,64.06,0,0,100,"01",,0,143.76,"Z001",0
"1125","5832","09/27/25 00:00:00",0,1,0,0,1,0,0,0,300,0,135.7142857142857,0,0,300,"01",,0,164.2857142857143,"Z001",0
"1125","6589","09/27/25 00:00:00",0,1,0,0,1,0,0,0,800,0,0,0,0,800,"01",,0,800,"Z001",0
"1125","5792","09/27/25 00:00:00",0,4,0,0,1,0,0,0,100,0,49.99,0,0,100,"01",,0,200.04,"Z001",0
"1125","6591","09/27/25 00:00:00",0,1,0,0,1,0,0,0,5500,0,3800,0,0,5500,"01",,0,1700,"Z001",0
"1225","6334","09/25/25 00:00:00",0,1,0,0,1,0,0,0,350,0,255,0,0,350,"01",,0,95,"Z001",0
"1225","6332","09/25/25 00:00:00",0,2,0,0,1,0,0,0,300,0,190,0,0,300,"01",,0,220,"Z001",0
"1425","6585","10/13/25 00:00:00",0,2,0,0,1,0,0,0,150,0,125,0,0,150,"01",,0,50,"Z001",0
"1425","6584","10/13/25 00:00:00",0,6,0,0,1,0,0,0,100,0,85,0,0,100,"01",,0,90,"Z001",0
"1425","6587","10/13/25 00:00:00",0,6,0,0,1,0,0,0,200,0,135,0,0,200,"01",,0,390,"Z001",0
"1425","6583","10/13/25 00:00:00",0,1,0,0,1,0,0,0,1295,0,1000,0,0,1295,"01",,0,295,"Z001",0
"1425","6100","10/13/25 00:00:00",0,30,0,0,1,0,0,0,20,0,0,0,0,20,"01",,0,600,"Z001",0
"1525","6554","10/14/25 00:00:00",0,1,0,0,1,0,0,0,19000,0,16250,0,0,19000,"01",,0,2750,"Z001",0
"1525","251948","10/14/25 00:00:00",0,1,0,0,1,0,0,0,26500,0,21000,0,0,26500,"01",,0,5500,"Z001",0
"1525","201789","10/14/25 00:00:00",0,2,0,0,1,0,0,0,100,0,45,0,0,100,"01",,0,110,"Z001",0
"1625","6471","10/16/25 00:00:00",0,5,0,0,1,0,0,0,2850,0,2529.576504713561,0,0,2850,"01",,0,1602.117476432197,"Z001",0
"1625","6474","10/16/25 00:00:00",0,3,0,0,1,0,0,0,4650,0,4255.912813559322,0,0,4650,"01",,0,1182.261559322034,"Z001",0
"1725","6591","10/17/25 00:00:00",0,1,0,0,1,0,0,0,5500,0,3822.212,0,0,5500,"01",,0,1677.788,"Z001",0
"1725","251951","10/17/25 00:00:00",0,1,0,0,1,0,0,0,2000,0,1410.17,0,0,2000,"01",,0,589.8299999999999,"Z001",0
"1725","6338","10/17/25 00:00:00",0,1,0,0,1,0,0,0,150,0,100,0,0,150,"01",,0,50,"Z001",0
"1825","241923","10/20/25 00:00:00",0,2,0,0,1,0,0,0,450,0,280,0,0,450,"01",,0,340,"Z001",0
"1925","6565","10/20/25 00:00:00",0,2,0,0,1,0,0,0,28000,0,18000,0,0,28000,"01",,0,20000,"Z001",0
"1925","251950","10/20/25 00:00:00",0,4,0,0,1,0,0,0,32000,0,27833.33333333333,0,0,32000,"01",,0,16666.66666666667,"Z001",0
"1925","5817","10/20/25 00:00:00",0,4,0,0,1,0,0,0,10000,0,7700,0,0,10000,"01",,0,9200,"Z001",0
"2125","6505","10/27/25 00:00:00",0,1,0,0,1,0,0,0,100,0,73.40708333333333,0,0,100,"01",,0,26.59291666666667,"Z001",0
"3825","252029","11/21/25 00:00:00",0,1,0,0,1,0,0,0,50,0,0,0,0,50,"01",,0,50,"Z001",0
"3825","6338","11/21/25 00:00:00",0,1,0,0,1,0,0,0,150,0,100,0,0,150,"01",,0,50,"Z001",0
"3825","6589","11/21/25 00:00:00",0,1,0,0,1,0,0,0,750,0,570,0,0,750,"01",,0,180,"Z001",0
"3825","962","11/21/25 00:00:00",0,2,0,0,1,0,0,0,600,0,454.36,0,0,600,"01",,0,291.2800000000001,"Z001",0
"3825","6099","11/21/25 00:00:00",0,3,0,0,1,0,0,0,150,0,85,0,0,150,"01",,0,195,"Z001",0
"3825","6587","11/21/25 00:00:00",0,4,0,0,1,0,0,0,200,0,135,0,0,200,"01",,0,260,"Z001",0
"3825","6505","11/21/25 00:00:00",0,1,0,0,1,0,0,0,150,0,73.40708333333333,0,0,150,"01",,0,76.59291666666667,"Z001",0
"3825","6296","11/21/25 00:00:00",0,1,0,0,1,0,0,0,100,0,76,0,0,100,"01",,0,24,"Z001",0
"3925","6511","11/22/25 00:00:00",0,2,0,0,1,0,0,0,3500,0,3200,0,0,3500,"01",,0,600,"Z001",0
"4025","898","11/22/25 00:00:00",0,2,0,0,1,0,0,0,25000,0,25000,0,0,25000,"01",,0,0,"Z001",0
"4025","771","11/22/25 00:00:00",0,3,0,0,1,0,0,0,37000,0,36142.85714285714,0,0,37000,"01",,0,2571.428571428565,"Z001",0
"4025","251947","11/22/25 00:00:00",0,1,0,0,1,0,0,0,299620.40625,0,237862.61,0,0,299620.40625,"01",,0,61757.79625000001,"Z001",0
"3825","5817","11/21/25 00:00:00",0,6,0,0,1,0,0,0,9200,0,7293.90243902439,0,0,9200,"01",,0,11436.58536585366,"Z001",0
"3825","252030","11/21/25 00:00:00",0,0.5,0,0,1,0,0,0,160,0,90,0,0,160,"01",,0,35,"Z001",0
"3925","252011","11/22/25 00:00:00",0,1,0,0,1,0,0,0,600,0,365,0,0,600,"01",,0,235,"Z001",0
"3925","6608","11/22/25 00:00:00",0,1,0,0,1,0,0,0,1200,0,737.1900000000001,0,0,1200,"01",,0,462.8099999999999,"Z001",0
"3925","1716","11/22/25 00:00:00",0,1,0,0,1,0,0,0,2500,0,1864,0,0,2500,"01",,0,636,"Z001",0
"3925","241923","11/22/25 00:00:00",0,8,0,0,1,0,0,0,368.75,0,280,0,0,368.75,"01",,0,710,"Z001",0
"3925","928","11/22/25 00:00:00",0,4,0,0,1,0,0,0,3875,0,2900,0,0,3875,"01",,0,3900,"Z001",0
"3925","836","11/22/25 00:00:00",0,3,0,0,1,0,0,0,350,0,230,0,0,350,"01",,0,360,"Z001",0
"3925","1549","11/22/25 00:00:00",0,2,0,0,1,0,0,0,300,0,133,0,0,300,"01",,0,334,"Z001",0
"3925","6466","11/22/25 00:00:00",0,1,0,0,1,0,0,0,400,0,250,0,0,400,"01",,0,150,"Z001",0
"3925","6098","11/22/25 00:00:00",0,1,0,0,1,0,0,0,50,0,27.55176470588235,0,0,50,"01",,0,22.44823529411765,"Z001",0
"3925","252027","11/22/25 00:00:00",0,1,0,0,1,0,0,0,350,0,300,0,0,350,"01",,0,50,"Z001",0
"3925","6451","11/22/25 00:00:00",0,1,0,0,1,0,0,0,700,0,400,0,0,700,"01",,0,300,"Z001",0
"3925","231903","11/22/25 00:00:00",0,2,0,0,1,0,0,0,350,0,1.09,0,0,350,"01",,0,697.8200000000001,"Z001",0
"3925","6585","11/22/25 00:00:00",0,1,0,0,1,0,0,0,150,0,125,0,0,150,"01",,0,25,"Z001",0
"3925","252000","11/22/25 00:00:00",0,1,0,0,1,0,0,0,150,0,76,0,0,150,"01",,0,74,"Z001",0
"3925","201789","11/22/25 00:00:00",0,2,0,0,1,0,0,0,100,0,45,0,0,100,"01",,0,110,"Z001",0
"3925","6100","11/22/25 00:00:00",0,10,0,0,1,0,0,0,10,0,5,0,0,10,"01",,0,50,"Z001",0
"3925","1400","11/22/25 00:00:00",0,94.33962249755859,0,0,1,0,0,0,0.5299999713897705,0,0.53,0,0,0.5299999713897705,"01",,0,-2.699078252375199e-06,"Z001",0
"3925","771","11/22/25 00:00:00",0,1,0,0,1,0,0,0,45000,0,36142.85714285714,0,0,45000,"01",,0,8857.142857142855,"Z001",0
"3825","251951","11/21/25 00:00:00",0,2,0,0,1,0,0,0,2000,0,1410.17,0,0,2000,"01",,0,1179.66,"Z001",0
"4325","6588","12/03/25 00:00:00",0,1,0,0,1,0,0,0,500,0,0,0,0,500,"01",,0,500,"Z001",0
"4325","5969","12/03/25 00:00:00",0,1,0,0,1,0,0,0,30,0,16.11111111111111,0,0,30,"01",,0,13.88888888888889,"Z001",0
"4425","1400","11/29/25 00:00:00",0,471.6980895996094,0,0,1,0,0,0,0.5299999713897705,0,0.53,0,0,0.5299999713897705,"01",,0,-1.349539060703981e-05,"Z001",0
"4425","1032","11/29/25 00:00:00",0,3,0,0,1,0,0,0,500,0,400,0,0,500,"01",,0,300,"Z001",0
"4425","6334","11/29/25 00:00:00",0,4,0,0,1,0,0,0,350,0,255,0,0,350,"01",,0,380,"Z001",0
"4425","6585","11/29/25 00:00:00",0,2,0,0,1,0,0,0,150,0,125,0,0,150,"01",,0,50,"Z001",0
"4425","6098","11/29/25 00:00:00",0,4,0,0,1,0,0,0,50,0,27.55176470588235,0,0,50,"01",,0,89.79294117647059,"Z001",0
"4425","5969","11/29/25 00:00:00",0,4,0,0,1,0,0,0,30,0,16.11111111111111,0,0,30,"01",,0,55.55555555555556,"Z001",0
"4425","5970","11/29/25 00:00:00",0,10,0,0,1,0,0,0,100,0,75,0,0,100,"01",,0,250,"Z001",0
"4425","5984","11/29/25 00:00:00",0,2,0,0,1,0,0,0,90,0,30,0,0,90,"01",,0,120,"Z001",0
"4425","6363","11/29/25 00:00:00",0,1,0,0,1,0,0,0,200,0,112,0,0,200,"01",,0,88,"Z001",0
"4425","6030","11/29/25 00:00:00",0,2,0,0,1,0,0,0,100,0,80,0,0,100,"01",,0,40,"Z001",0
"4425","6602","11/29/25 00:00:00",0,2,0,0,1,0,0,0,100,0,70.21683890577508,0,0,100,"01",,0,59.56632218844985,"Z001",0
"4425","6505","11/29/25 00:00:00",0,2,0,0,1,0,0,0,100,0,73.40708333333333,0,0,100,"01",,0,53.18583333333333,"Z001",0
"4725","6099","12/03/25 00:00:00",0,1,0,0,1,0,0,0,150,0,85,0,0,150,"01",,0,65,"Z001",0
"4525","5970","12/01/25 00:00:00",0,1,0,0,1,0,0,0,100,0,75,0,0,100,"01",,0,25,"Z001",0
"4525","252024","12/01/25 00:00:00",0,1,0,0,1,0,0,0,250,0,170,0,0,250,"01",,0,80,"Z001",0
"4625","6150","12/02/25 00:00:00",0,1,0,0,1,0,0,0,4200,0,3400,0,0,4200,"01",,0,800,"Z001",0
"4625","6505","12/02/25 00:00:00",0,3,0,0,1,0,0,0,100,0,70.16778669724771,0,0,100,"01",,0,89.49663990825688,"Z001",0
"4725","6399","12/03/25 00:00:00",0,1,0,0,1,0,0,0,170,0,110,0,0,170,"01",,0,60,"Z001",0
"4725","6511","12/03/25 00:00:00",0,1,0,0,1,0,0,0,3600,0,3200,0,0,3600,"01",,0,400,"Z001",0
"4825","6099","12/04/25 00:00:00",0,1,0,0,1,0,0,0,150,0,85,0,0,150,"01",,0,65,"Z001",0
"4825","6616","12/04/25 00:00:00",0,3,0,0,1,0,0,0,200,0,132.0967741935484,0,0,200,"01",,0,203.7096774193548,"Z001",0
"4825","6030","12/04/25 00:00:00",0,3,0,0,1,0,0,0,100,0,80,0,0,100,"01",,0,60,"Z001",0
"4825","201789","12/04/25 00:00:00",0,3,0,0,1,0,0,0,100,0,45,0,0,100,"01",,0,165,"Z001",0
"4825","251995","12/04/25 00:00:00",0,1,0,0,1,0,0,0,1800,0,1757.5,0,0,1800,"01",,0,42.5,"Z001",0
"4825","6511","12/04/25 00:00:00",0,1,0,0,1,0,0,0,4176,0,3200,0,0,4176,"01",,0,976,"Z001",0
"4925","211863","12/05/25 00:00:00",0,1,0,0,1,0,0,0,5000,0,4055.36,0,0,5000,"01",,0,944.6399999999999,"Z001",0
"4925","6296","12/05/25 00:00:00",0,2,0,0,1,0,0,0,150,0,76,0,0,150,"01",,0,148,"Z001",0
"4925","251942","12/05/25 00:00:00",0,1,0,0,1,0,0,0,340,0,226.2068965517241,0,0,340,"01",,0,113.7931034482759,"Z001",0
"4925","6587","12/05/25 00:00:00",0,3,0,0,1,0,0,0,200,0,135,0,0,200,"01",,0,195,"Z001",0
"4925","6030","12/05/25 00:00:00",0,1,0,0,1,0,0,0,100,0,80,0,0,100,"01",,0,20,"Z001",0
"4925","6399","12/05/25 00:00:00",0,2,0,0,1,0,0,0,170,0,110,0,0,170,"01",,0,120,"Z001",0
"4925","791","12/05/25 00:00:00",0,1,0,0,1,0,0,0,1500,0,625,0,0,1500,"01",,0,875,"Z001",0
"4925","5970","12/05/25 00:00:00",0,1,0,0,1,0,0,0,100,0,75,0,0,100,"01",,0,25,"Z001",0
"4925","1717","12/05/25 00:00:00",0,1,0,0,1,0,0,0,6500,0,4800,0,0,6500,"01",,0,1700,"Z001",0
"4925","6127","12/05/25 00:00:00",0,4,0,0,1,0,0,0,200,0,130,0,0,200,"01",,0,280,"Z001",0
"4925","6584","12/05/25 00:00:00",0,1,0,0,1,0,0,0,100,0,85,0,0,100,"01",,0,15,"Z001",0
"4925","252045","12/05/25 00:00:00",0,4,0,0,1,0,0,0,112.5,0,0,0,0,112.5,"01",,0,450,"Z001",0
"5025","6334","12/06/25 00:00:00",0,1,0,0,1,0,0,0,350,0,255,0,0,350,"01",,0,95,"Z001",0
"5025","5692","12/06/25 00:00:00",0,2,0,0,1,0,0,0,3300,0,2900,0,0,3300,"01",,0,800,"Z001",0
"5025","252034","12/06/25 00:00:00",0,1,0,0,1,0,0,0,300,0,200,0,0,300,"01",,0,100,"Z001",0
"5025","241912","12/06/25 00:00:00",0,1,0,0,1,0,0,0,300,0,66.57356608478803,0,0,300,"01",,0,233.426433915212,"Z001",0
"5125","6505","12/09/25 00:00:00",0,2,0,0,1,0,0,0,100,0,70.16778669724771,0,0,100,"01",,0,59.66442660550459,"Z001",0
"5125","241912","12/09/25 00:00:00",0,1,0,0,1,0,0,0,300,0,66.57356608478803,0,0,300,"01",,0,233.426433915212,"Z001",0
"5125","252047","12/09/25 00:00:00",0,1,0,0,1,0,0,0,300,0,160,0,0,300,"01",,0,140,"Z001",0
"5125","252048","12/09/25 00:00:00",0,1,0,0,1,0,0,0,300,0,180,0,0,300,"01",,0,120,"Z001",0
"5125","962","12/09/25 00:00:00",0,5,0,0,1,0,0,0,750,0,454.36,0,0,750,"01",,0,1478.2,"Z001",0
"5125","251970","12/09/25 00:00:00",0,1,0,0,1,0,0,0,700,0,284,0,0,700,"01",,0,416,"Z001",0
"5125","836","12/09/25 00:00:00",0,6,0,0,1,0,0,0,350,0,230,0,0,350,"01",,0,720,"Z001",0
"5125","6585","12/09/25 00:00:00",0,6,0,0,1,0,0,0,150,0,125,0,0,150,"01",,0,150,"Z001",0
"5125","6586","12/09/25 00:00:00",0,2,0,0,1,0,0,0,200,0,160,0,0,200,"01",,0,80,"Z001",0
"7225","6030","12/29/25 00:00:00",0,1,0,0,1,0,0,0,50,0,80,0,0,50,"01",,0,-30,"Z001",0
"7325","252032","12/30/25 00:00:00",0,1,0,0,1,0,0,0,250,0,159.99,0,0,250,"01",,0,90.00999999999999,"Z001",0
"7325","251981","12/30/25 00:00:00",0,1,0,0,1,0,0,0,150,0,150,0,0,150,"01",,0,0,"Z001",0
"7325","6030","12/30/25 00:00:00",0,1,0,0,1,0,0,0,100,0,80,0,0,100,"01",,0,20,"Z001",0
"7325","6099","12/30/25 00:00:00",0,1,0,0,1,0,0,0,150,0,85,0,0,150,"01",,0,65,"Z001",0
"7325","252063","12/30/25 00:00:00",0,1,0,0,1,0,0,0,300,0,180,0,0,300,"01",,0,120,"Z001",0
"7325","252012","12/30/25 00:00:00",0,4,0,0,1,0,0,0,700,0,425,0,0,700,"01",,0,1100,"Z001",0
"7325","962","12/30/25 00:00:00",0,2,0,0,1,0,0,0,800,0,454.36,0,0,800,"01",,0,691.2800000000001,"Z001",0
"7325","6466","12/30/25 00:00:00",0,2,0,0,1,0,0,0,400,0,250,0,0,400,"01",,0,300,"Z001",0
"7325","6602","12/30/25 00:00:00",0,1,0,0,1,0,0,0,100,0,70.21683890577508,0,0,100,"01",,0,29.78316109422492,"Z001",0
"7325","251946","12/30/25 00:00:00",0,1,0,0,1,0,0,0,1200,0,824.5813333333333,0,0,1200,"01",,0,375.4186666666667,"Z001",0
"7425","251942","12/31/25 00:00:00",0,4,0,0,1,0,0,0,300,0,226.2068965517241,0,0,300,"01",,0,295.1724137931035,"Z001",0
"7425","5969","12/31/25 00:00:00",0,2,0,0,1,0,0,0,30,0,16.11111111111111,0,0,30,"01",,0,27.77777777777778,"Z001",0
"7425","6587","12/31/25 00:00:00",0,2,0,0,1,0,0,0,200,0,135,0,0,200,"01",,0,130,"Z001",0
"7425","6025","12/31/25 00:00:00",0,1,0,0,1,0,0,0,50,0,61.75,0,0,50,"01",,0,-11.75,"Z001",0
"7525","252003","12/03/25 00:00:00",0,1,0,0,1,0,0,0,22000,0,20000,0,0,22000,"01",,0,2000,"Z001",0
"7525","5817","12/03/25 00:00:00",0,2,0,0,1,0,0,0,10000,0,7293.90243902439,0,0,10000,"01",,0,5412.195121951219,"Z001",0
"7525","252020","12/03/25 00:00:00",0,50,0,0,1,0,0,0,250,0,199.83,0,0,250,"01",,0,2508.5,"Z001",0
"7525","973","12/03/25 00:00:00",0,1,0,0,1,0,0,0,1500,0,750,0,0,1500,"01",,0,750,"Z001",0
"2925","241910","11/03/25 00:00:00",0,20,0,0,1,0,0,1,300,0,102.2,0,0,300,"01",,0,3956,"Z001",0
"2925","787","11/03/25 00:00:00",0,20,0,0,1,0,0,1,100,0,45.51,0,0,100,"01",,0,1089.8,"Z001",0
"3025","6481","11/02/25 00:00:00",0,5,0,0,1,0,0,1,200,0,147.96,0,0,200,"01",,0,260.1999999999999,"Z001",0
"3125","787","11/03/25 00:00:00",0,35,0,0,1,0,0,1,80,0,45.51,0,0,80,"01",,0,1207.15,"Z001",0
"6625","6475","12/25/25 00:00:00",0,20,0,0,1,0,0,1,90,0,75.70999999999999,0,0,90,"01",,0,285.8000000000001,"Z001",0
"3825","6481","11/21/25 00:00:00",0,1,0,0,1,0,0,1,200,0,147.96,0,0,200,"01",,0,52.03999999999999,"Z001",0
"3825","787","11/21/25 00:00:00",0,3,0,0,1,0,0,1,80,0,45.51,0,0,80,"01",,0,103.47,"Z001",0
"4325","6620","12/03/25 00:00:00",0,11,0,0,1,0,0,1,250,0,177.78,0,0,250,"01",,0,794.42,"Z001",0
"4325","787","12/03/25 00:00:00",0,9,0,0,1,0,0,1,80,0,45.51,0,0,80,"01",,0,310.41,"Z001",0
"3625","993","11/11/25 00:00:00",0,50,0,0,1,0,0,1,250,0,0,0,0,250,"01",,0,12500,"Z001",0
"3725","6619","11/15/25 00:00:00",0,3,0,0,1,0,0,1,200,0,0,0,0,200,"01",,0,600,"Z001",0
"3725","787","11/15/25 00:00:00",0,2.5,0,0,1,0,0,1,90,0,45.51,0,0,90,"01",,0,111.225,"Z001",0
"2625","6481","10/14/25 00:00:00",0,1,0,0,1,0,0,1,200,0,0,0,0,200,"01",,0,200,"Z001",0
"425","6477","09/30/25 00:00:00",0,40,0,0,1,0,0,1,270,0,0,0,0,270,"01",,0,10800,"Z001",0
"525","914","09/30/25 00:00:00",0,25,0,0,1,0,0,1,300,0,218.25,0,0,300,"01",,0,2043.75,"Z001",0
"1125","6475","09/27/25 00:00:00",0,45,0,0,1,0,0,1,88.88999938964844,0,0,0,0,88.88999938964844,"01",,0,4000.04997253418,"Z001",0
"1925","6483","10/12/25 00:00:00",0,1,0,0,0,0,1,0,0,0,28214.73,1,0,0,"01",,0,0,"Z001",0
"2025","1084","11/02/25 00:00:00",0,1,0,0,0,0,1,0,0,0,4438.25,1,0,0,"01",,0,0,"Z001",0
"2025","787","11/02/25 00:00:00",0,1,0,0,0,0,1,0,0,0,4096,1,0,0,"01",,0,0,"Z001",0
"2025","6620","11/02/25 00:00:00",0,1,0,0,0,0,1,0,0,0,16000,1,0,0,"01",,0,0,"Z001",0
"625","6475","09/28/25 00:00:00",0,1,0,0,0,0,1,0,0,0,6813.56,1,0,0,"01",,0,0,"Z001",0
"1025","6476","09/28/25 00:00:00",0,1,0,0,0,0,1,0,0,0,10090.89,1,0,0,"01",,0,0,"Z001",0
"1325","6471","10/13/25 00:00:00",0,1,0,0,0,0,1,0,0,0,2529.576504713561,1,0,0,"01",,0,0,"Z001",0
"5725","6620","12/05/25 00:00:00",0,6,0,0,1,0,0,1,250,0,0,0,0,250,"01",,1,,"Z001",0
"5725","1084","12/05/25 00:00:00",0,16,0,0,1,0,0,1,80,0,0,0,0,80,"01",,1,,"Z001",0
"1925","251954","10/20/25 00:00:00",0,4,0,0,1,0,0,1,700,0,550,0,0,700,"01",,0,600,"Z001",0
"3925","6474","11/22/25 00:00:00",0,90,0,0,1,0,0,1,50,0,47.29000000000001,0,0,50,"01",,0,243.8999999999994,"Z001",0
"1525","251954","10/14/25 00:00:00",0,2,0,0,1,0,0,1,700,0,550,0,0,700,"01",,0,300,"Z001",0
"3825","6619","11/21/25 00:00:00",0,14,0,0,1,0,0,1,214.2899932861328,0,0,0,0,214.2899932861328,"01",,0,3000.059906005859,"Z001",0
"3925","6481","11/22/25 00:00:00",0,2,0,0,1,0,0,1,200,0,147.96,0,0,200,"01",,0,104.08,"Z001",0
"3925","1010","11/22/25 00:00:00",0,2,0,0,1,0,0,1,50,0,0,0,0,50,"01",,0,100,"Z001",0
"3925","251955","11/22/25 00:00:00",0,8,0,0,1,0,0,1,850,0,650,0,0,850,"01",,0,1600,"Z001",0
"4425","1084","11/29/25 00:00:00",0,75,0,0,1,0,0,1,80,0,49.31000000000001,0,0,80,"01",,0,2301.749999999999,"Z001",0
"4625","787","12/02/25 00:00:00",0,1,0,0,1,0,0,1,80,0,45.51,0,0,80,"01",,0,34.49,"Z001",0
"4725","787","12/03/25 00:00:00",0,3,0,0,1,0,0,1,80,0,45.51,0,0,80,"01",,0,103.47,"Z001",0
"4725","6620","12/03/25 00:00:00",0,6,0,0,1,0,0,1,250,0,177.78,0,0,250,"01",,0,433.32,"Z001",0
"4825","787","12/04/25 00:00:00",0,3,0,0,1,0,0,1,80,0,45.51,0,0,80,"01",,0,103.47,"Z001",0
"4925","6479","12/05/25 00:00:00",0,13,0,0,1,0,0,1,150,0,0,0,0,150,"01",,0,1950,"Z001",0
"5025","241910","12/06/25 00:00:00",0,12,0,0,1,0,0,1,250,0,102.2,0,0,250,"01",,0,1773.6,"Z001",0
"5125","241910","12/09/25 00:00:00",0,12,0,0,1,0,0,1,250,0,102.2,0,0,250,"01",,0,1773.6,"Z001",0
"5125","6619","12/09/25 00:00:00",0,5,0,0,1,0,0,1,200,0,0,0,0,200,"01",,0,1000,"Z001",0
"5425","6474","12/13/25 00:00:00",0,36,0,0,1,0,0,1,60,0,47.29000000000001,0,0,60,"01",,0,457.5599999999998,"Z001",0
"1425","6476","10/13/25 00:00:00",0,3,0,0,1,0,0,1,150,0,112.12,0,0,150,"01",,0,113.6399999999999,"Z001",0
"1425","6483","10/13/25 00:00:00",0,2,0,0,1,0,0,1,400,0,313.5,0,0,400,"01",,0,173,"Z001",0
"1425","6471","10/13/25 00:00:00",0,45,0,0,1,0,0,1,33.33000183105469,0,28.11,0,0,33.33000183105469,"01",,0,234.9000823974609,"Z001",0
"2625","1084","10/14/25 00:00:00",0,5,0,0,1,0,0,1,80,0,0,0,0,80,"01",,0,400,"Z001",0
"6225","241910","12/20/25 00:00:00",0,30,0,0,1,0,0,1,250,0,102.2,0,0,250,"01",,0,4434,"Z001",0
"7025","6620","10/29/25 00:00:00",0,30,0,0,1,0,0,1,300,0,0,0,0,300,"01",,0,9000,"Z001",0
"7025","241910","10/29/25 00:00:00",0,6,0,0,1,0,0,1,300,0,0,0,0,300,"01",,0,1800,"Z001",0
"7225","241910","12/29/25 00:00:00",0,40,0,0,1,0,0,1,250,0,102.2,0,0,250,"01",,0,5912,"Z001",0
"7525","241910","12/03/25 00:00:00",0,14,0,0,1,0,0,1,200,0,102.2,0,0,200,"01",,0,1369.2,"Z001",0
"125","6477","09/01/25 00:00:00",0,1,0,0,0,0,1,0,0,0,0,1,0,0,"01",,0,0,"Z001",0
"625","914","09/28/25 00:00:00",0,1,0,0,0,0,1,0,0,0,19642.6,1,0,0,"01",,0,0,"Z001",0
"1525","1084","11/01/25 00:00:00",0,1,0,0,0,0,1,0,0,0,4438.25,1,0,0,"01",,0,0,"Z001",0
"1525","6481","11/01/25 00:00:00",0,1,0,0,0,0,1,0,0,0,13316.43,1,0,0,"01",,0,0,"Z001",0
"1625","241910","11/01/25 00:00:00",0,1,0,0,0,0,1,0,0,0,10219.95454545455,1,0,0,"01",,0,0,"Z001",0
"1725","6474","11/21/25 00:00:00",0,1,0,0,0,0,1,0,0,0,4255.912813559322,1,0,0,"01",,0,0,"Z001",0
"1825","6474","12/12/25 00:00:00",0,1,0,0,0,0,1,0,0,0,4255.912813559322,1,0,0,"01",,0,0,"Z001",0
