type,product,report_value,db_value
STOCK,CABLE TIES 7.6*400,3,0.00
STOCK,COSLIK CEILING ROSE BASE,42,0.00
STOCK,COSLIK CHANGEOVER 40A,5,0.00
STOCK,ROTARY WARNING LIGHT,8,0.00
STOCK,CLI 13AMPS SOCKET,9,49.00
STOCK,CLI 13AMPS T/SOCKET,0,30.00
STOCK,CLI 15AMPS SOCKET,0,20.00
STOCK,CLI 1G2W,0,50.00
STOCK,CLI 2G2W,0,30.00
STOCK,CLI 3G2W,0,30.00
STOCK,CLI 4G2W,0,10.00
STOCK,CLI 5G2W,0,10.00
STOCK,CLI DP SWITCH,0,30.00
STOCK,CLI TOP PLUG 13AMPS,0,24.00
STOCK,CLIPSAL 15AMPS TOP PLUG,0,24.00
STOCK,CLIPSAL BELL SWITCH,0,10.00
STOCK,1.5 PVC COAST CABLES,61,51.00
STOCK,1.5 SINGLE HTG,67,153.00
STOCK,10.0 TRONIC SINGLE,3,0.00
STOCK,2.5  PVC COAST CABLES,73,0.00
STOCK,4.0 PVC COAST CABLES,16,18.00
STOCK,4.0 SINGLE HTG,1,0.00
STOCK,6.0 PVC COAST CABLES,11,0.00
STOCK,BLUE SUBMERSIBLE 1.5MM 4 CORE,115,0.00
STOCK,BLUE SUBMERSIBLE 2.5MM 4 CORE,417,380.00
STOCK,FLEX 0.5 CCL  2CORE,1,0.00
STOCK,FLEX 0.5 CCL 3CORE,1,0.00
STOCK,FLEX 0.75 CCL  3CORE,2,0.00
STOCK,FLEX 0.75 CCL 2CORE,1,0.00
STOCK,FLEX 1.0 CCL  3CORE,1,0.00
STOCK,FLEX 1.5 CCL  3CORE,0,59.00
STOCK,FLEX 2.5 CCL  4CORE,1,0.00
STOCK,FLEX 4.0MM 4CORE FLEX BLACK,0.77,100.77
STOCK,TWE 1.5 COAST CABLES,4,0.00
STOCK,TWE 1.5 TRONIC,4,0.00
STOCK,TWE 2.5 COAST CABLES,3,19.50
STOCK,TWE 4.0 COAST CABLES,1,0.00
STOCK,TWE 6.0 COAST CABLES,0,86.00
STOCK,TWIN FLAT 1.0 COAST CABLES,1,47.00
STOCK,TWIN FLAT 1.5 TRONIC,1,0.00
STOCK,TWIN FLAT 2.5 COAST CABLES,1,0.00
STOCK,ELITE  13AMPS SOCKET,0,110.00
STOCK,ELITE  15AMPS  SOCKET,0,50.00
STOCK,ELITE 1G2W,0,90.00
STOCK,ELITE 2G2W,0,70.00
STOCK,ELITE 3G2W,0,40.00
STOCK,ELITE 4G2W,0,30.00
STOCK,ELITE 5G2W,0,10.00
STOCK,ELITE BELL SWITCH,0,20.00
STOCK,ELITE COOKER UNIT,0,25.00
STOCK,ELITE DP W/HEATER SWITCH,0,50.00
STOCK,ELITE INTEMEDIATE,0,10.00
STOCK,ELITE TWIN 13AMPS,0,50.00
STOCK,CAPACTOR FAN,83,25.00
STOCK,ORIENT ELECTRIC DELUXE,13,82.00
STOCK,ORIENT HURRICCANE 1400MM ALU,3,8.00
STOCK,ORIENT ORBIT,0,28.00
STOCK,ORIENT SHORTBLADE 900 MM,3,0.00
STOCK,ORIENT STAND FAN,2,8.00
STOCK,REGULATOR ORIGINAL,5,10.00
STOCK,WALL FAN,3,0.00
STOCK,13AMPS TOP PLUG,47,0.00
STOCK,4 WAY EXTENSION MULTI,2,0.00
STOCK,5WAY EXTENSION,1,0.00
STOCK,6WAY EXTENSION,1,0.00
STOCK,AMPLIFIER 60W,1,36.00
STOCK,CAPACITOR METAL,56,47.00
STOCK,DIFUSER 2FT LIGHT,7,0.00
STOCK,DING  DONG BELL,8,9.00
STOCK,ENCLOSURE 12WAY,12,0.00
STOCK,ENCLOSURE 2WAY,2,0.00
STOCK,ENCLOSURE 4WAY,6,0.00
STOCK,ENCLOSURE 8WAY,12,0.00
STOCK,ENCLOSURE 9WAY,2,0.00
STOCK,FLOAT SWITCH,8,0.00
STOCK,FLOAT SWITCH ITALY,5,0.00
STOCK,GYPSUM SCREW,4929,0.00
STOCK,HOLDER COSLIK,508,268.00
STOCK,HOLDERS C&G,169,294.00
STOCK,INDUSTRIAL SOCKETS 32/16AMPS WPROOF,8,11.00
STOCK,ISOLATOR SWITCH 35AMPS  - 63AMPS,2,0.00
STOCK,MERCURY  UNION FLOAT SWITCH,0,1.00
STOCK,MULTIHOLDER,42,0.00
STOCK,PHILI 2FT FTNG,0,30.00
STOCK,PHOTOCELL,6,0.00
STOCK,PLASTIC BULK HEAD,0,25.00
STOCK,PLASTIC PEGS S10,20,13.00
STOCK,PLASTIC PEGS S12,8,0.00
STOCK,ROUND COVER BIG,90,0.00
STOCK,ROUND COVER SMALL,174,74.00
STOCK,SCANFORD 4FT FTNG,0,24.00
STOCK,SCREW DRIVER,10,0.00
STOCK,SPORTLIGHT EUROMATT,0,7.00
STOCK,SQUARE COVER,87,0.00
STOCK,STRIPLITE FTNG COMP,0,4.00
STOCK,W/PROOF ADAPTOR BOX 100*100*70,4,0.00
STOCK,W/PROOF ADAPTOR BOX 150*150*70,2,0.00
STOCK,W/PROOF ADAPTOR BOX 200*155*80,2,0.00
STOCK,W/PROOF ADAPTOR BOX 200*200*80,1,0.00
STOCK,W/PROOF ADAPTOR BOX 85*85*50,6,0.00
STOCK,WIRELESS BELL,1,0.00
STOCK,A/C GUARD 32AMPS,4,0.00
STOCK,AVR 1000VA STABALISER,10,0.00
STOCK,AVS 30AMPS,1,0.00
STOCK,AVS13,5,0.00
STOCK,AVS15,3,1.00
STOCK,FREOGUARD 16AMPS,0,1.00
STOCK,FRIDGE GUARD,1,0.00
STOCK,FRIDGE STABALIZERS 450M,0,1.00
STOCK,TV STABALIZERS 20M,0,2.00
STOCK,VOLTAGE PROTECTOR,5,4.00
STOCK,HAGER 13AMPS SOCKET,0,40.00
STOCK,HAGER 1G2W,0,70.00
STOCK,HAGER 2G2W,0,50.00
STOCK,HAGER 3G2W,0,30.00
STOCK,HAGER 4G2W,0,20.00
STOCK,IRON PHILIPS ORIGINAL,0,6.00
STOCK,MICROPHONE WIRELESS,1,0.00
STOCK,RECHARGEABLE SD-6803R,2,0.00
STOCK,RECHARGEABLE SD-6825R,2,0.00
STOCK,AC FLOODLIGHT  50W,6,2.00
STOCK,AC FLOODLIGHT 200W VELLMAX,0,2.00
STOCK,AC FLOODLIGHT 20W,5,0.00
STOCK,AC FLOODLIGHT 30W,11,5.00
STOCK,AC FLOODLIGHT SAVELITE 100W,7,1.00
STOCK,DIFUSER LED 4FT 100W,29,17.00
STOCK,DP RECHARGEABLE BULB 30/40,38,19.00
STOCK,ENSAVE LED AC BULB 11W,95,0.00
STOCK,ENSAVE LED BULKHEAD 15W,15,2.00
STOCK,ENSAVE LED BULKHEAD 18W,24,2.00
STOCK,ENSAVE LED T-BULB 40W,27,0.00
STOCK,ENSAVE MOTION SENSOR BULB,27,9.00
STOCK,INTELLIGENT BULB 12W VELLMAX,21,0.00
STOCK,LED 2FT FITTING,24,0.00
STOCK,LED 2FT TUBES,69,0.00
STOCK,LED 4FT FITTING,18,0.00
STOCK,LED 4FT TUBE,168,0.00
STOCK,LED BULKHEAD 14W,5,0.00
STOCK,LED BULKHEAD 20W,6,0.00
STOCK,LED BULKHEAD 24W/18W/15W/12W,11,0.00
STOCK,63A KATKO CHANGEOVER,4,0.00
STOCK,CUTOUT SINGLE,1,12.00
STOCK,EARTHRODE,39,0.00
STOCK,EARTHRODE BIG,16,0.00
STOCK,FUSE 80A KMBG,0,18.00
STOCK,HENLEY SINGLE CUT OUT,0,5.00
STOCK,HENLEY TWIN CUT OUT,0,2.00
STOCK,MEM 4WAY,0,14.00
STOCK,MEM 6WAY,0,6.00
STOCK,MEM 8WAY BOARD,0,1.00
STOCK,MEM MCB 2ND 6/10/16/20/32AMPS,0,24.00
STOCK,MEM MCB 6A/10A/16A/20A/32A/,0,216.00
STOCK,ORDINARY 2WSWITCH,0,2.00
STOCK,ORDINARY 3WSWITCH,0,5.00
STOCK,WYLEX  3WAY CLASSIC,0,2.00
STOCK,BEND 20MM,1495,0.00
STOCK,BEND 32MM,35,0.00
STOCK,BLANK COVER,0,60.00
STOCK,COUPLERS 20MM BLACK/WHITE,3921,4691.00
STOCK,COUPLERS 25MM BLACK/WHITE,2134,2149.00
STOCK,COUPLERS 32MM,30,18.00
STOCK,FLEXIBLE  PIPE 20MM BLACK,1,0.00
STOCK,FLEXIBLE PIPE 20MM WHITE,1,0.00
STOCK,FLEXIBLE PIPE 25MM WHITE,1,0.00
STOCK,HEAVY GAUGE PIPE 20MM,336,679.00
STOCK,HEAVY GAUGE PIPE 25MM 1INCH,142,264.00
STOCK,HEAVY GUAGE PIPE 32MM,62,30.00
STOCK,JUNC 1W,0,50.00
STOCK,JUNC 3W BLACK 25MM,314,565.00
STOCK,JUNC2W,0,300.00
STOCK,JUNC4W BLACK 20MM,373,651.00
STOCK,JUNC4W WHITE 20MM,240,367.00
STOCK,PATTRESS WHITE/BLACK,192,321.00
STOCK,PEDROLLO 0.5HP,8,0.00
STOCK,PIPE 20MM,0,529.00
STOCK,ROUND BOX,0,350.00
STOCK,ROUND COVER,0,200.00
STOCK,S/CONDUIT BOX,319,1150.00
STOCK,SADDLES 25MM,212,158.00
STOCK,SADDLES CLIPS 32MM,498,0.00
STOCK,SADLES 20 MM,308,0.00
STOCK,SWITCH BOX TWIN,0,170.00
STOCK,TRUNKING 2*1,72,13.00
STOCK,TRUNKING MINI,219,192.00
STOCK,TWIN BLANK CVER,27,0.00
STOCK,TWIN PATTRESS WHITE/BLACK,165,177.00
STOCK,CEILLINGROSE COMPLETE,58,20.00
STOCK,CHOKE PMAX,0,39.00
STOCK,METAL 13AMPS SOCKETS,12,8.00
STOCK,METAL 15AMPS SOCKET,11,6.00
STOCK,METAL TWIN 13A SOCKET,8,3.00
STOCK,P/MAX TOP PLUG13,0,20.00
STOCK,PMAX 13AMPS WITH NEON,0,20.00
STOCK,PMAX 4FT TWIN FTNG,0,6.00
STOCK,PMAX BELL PUSH,0,20.00
STOCK,PMAX DP SWITCH,0,50.00
STOCK,PMAX TV SOCKETS,0,10.00
STOCK,PMAX13AMPS SOCKET,0,110.00
STOCK,PMAX13AMPS T/SOCKET,0,65.00
STOCK,PMAX15AMPS SOCKET,0,60.00
STOCK,PMAX1G2W,0,90.00
STOCK,PMAX2G2W,0,80.00
STOCK,PMAX3G2W,0,50.00
STOCK,PMAX4G2W,0,40.00
STOCK,PMAXCOOKER UNIT,0,25.00
STOCK,POWERMAX  12WAY BOARD,0,1.00
STOCK,POWERMAX 4WAY BOARD,0,8.00
STOCK,POWERMAX 6/7 WAY BOARD,0,12.00
STOCK,POWERMAX MCBS,0,264.00
STOCK,ATLAS HYDRA 1INCH SELF CLEANING FILTER,2,1.00
STOCK,PEDROLO CPM158 1HP 0.75KW,2,0.00
STOCK,VICOUNTE  VCP 158 1HP,1,0.00
STOCK,CABLE CLIP 16/20MM,16.82,0.00
STOCK,CABLE CLIPS MIXED,2897.25,3875.50
STOCK,CELLPACK (M11 ),33,27.00
STOCK,CONNECTOR 10AMPS,0,24.00
STOCK,CONNECTORS 15AMPS,0,24.00
STOCK,CONNECTORS 30AMPS,0,12.00
STOCK,GLOBE SMALL NO 2,0,75.00
STOCK,HOOK FAN LOCAL,116,0.00
STOCK,HOOKS FAN 10MM,0,31.00
STOCK,INSPECTION BOX (100*100*70),4,0.00
STOCK,INSPECTION BOX (150*150*70),3,0.00
STOCK,INSPECTION BOX (200*155*80),2,0.00
STOCK,INSPECTION BOX (200*200*80),2,0.00
STOCK,LOOPING SCREW,4.78,1.78
STOCK,PLASTIC PEG  6MM,4,2.00
STOCK,PLASTIC PEG 8MM,25,0.00
STOCK,SWITCH SCREW,3.55,0.00
STOCK,TAPE ORIGINAL  BIG,213,54.00
STOCK,TAPE ORIGINAL  SMALL,320,192.00
STOCK,WOOD S,0,2700.00
STOCK,25MM BATTERY CABLE,25,18.00
STOCK,AC SURGE PROCTECTOR 2P 275VAC,117,0.00
STOCK,BATTERY 200AMPS GEL,6,0.00
STOCK,CABLE LUGS 50MM,98,15.00
STOCK,CHARGER CONTROLLER  50 AMPS,4,3.00
STOCK,CHARGER CONTROLLER 30AMPS,3,1.00
STOCK,DC BULB 5W/7W,148,0.00
STOCK,DC DOUBLE POLE 32A,78,0.00
STOCK,DC DOUBLE POLE 63A,54,0.00
STOCK,DC FUSE 15A,120,0.00
STOCK,DC FUSE 32A,119,0.00
STOCK,DC FUSEHOLDER SRD30,239,0.00
STOCK,DC MCCB 160A 3POLE,10,0.00
STOCK,DC MCCB 250A 3POLE,10,0.00
STOCK,DC SINGLE POLE 63A,10,0.00
STOCK,DC SURGE PROTECTOR 2P 500VDC,47,0.00
STOCK,DLIGHT S10 SOLAR LANTERN,0,1.00
STOCK,DP 229 CAMPING LAMP,0,4.00
STOCK,INVERTER 3.2KW 24V,3,0.00
STOCK,INVERTER HYBRID 1.5 (1500 WATTS),3,0.00
STOCK,INVERTER HYBRID 1KW 12V,1,0.00
STOCK,INVERTER HYBRID 5.5/5.6 KW 48V,2,0.00
STOCK,INVERTER HYBRID 6.2 KW 48V,3,0.00
STOCK,JACOBS 6V BATTERY,0,10.00
STOCK,LITHIUM BATTERY 10KW/H,2,0.00
STOCK,MC4 Y2,991,0.00
STOCK,MPPT 20A,5,0.00
STOCK,MPPT 30A,2,0.00
STOCK,PANEL 350W,4,0.00
STOCK,PANEL 550W,159,151.00
STOCK,PREMIER DC PUMP 24V   50 MTRS 250 WATTS,1,0.00
STOCK,PREMIER SOLAR PUMP 24V 60M 180 WATT,1,0.00
STOCK,PREMIER SOLAR PUMP 48V 55M 500 WATTS,2,0.00
STOCK,PV CABLE 4MM,2,0.00
STOCK,PV CABLE 6MM,14,0.00
STOCK,PV CONNECTOR MC4,1285,0.00
STOCK,PV CONNECTOR Y3,50,0.00
STOCK,PV DISCONNECT 32A 4POLE MC4,20,0.00
STOCK,PV DISCONNECT 32A 4POLE NO MC4,19,0.00
STOCK,SHIYUAN DC PUMP  48V  60M 400WATTS,2,0.00
STOCK,SOLAR FLOOD LIGHT 10W,6,3.00
STOCK,SOLAR FLOOD LIGHT 25W,5,3.00
STOCK,SOLAR FLOODLIGHT 100W,3,6.00
STOCK,SOLAR FLOODLIGHT 200W,5,0.00
STOCK,SOLAR FLOODLIGHT 300W,9,4.00
STOCK,SOLAR FLOODLIGHT 400W,7,3.00
STOCK,SOLAR FLOODLIGHT 40W,5,4.00
STOCK,SOLAR FLOODLIGHT 60W,6,5.00
STOCK,SOLAR LED GD WHITE /BLACK,0,5.00
STOCK,SOLAR MONITORING LIGHT,0,5.00
STOCK,SOLAR STREET LIGHT 120W,2,0.00
STOCK,SOLAR STREET LIGHT 90W,2,1.00
STOCK,SOLAR STREETLIGHT 200W,3,0.00
STOCK,SUN INVERTER 2.2KW,2,0.00
STOCK,TUBULAR 250AMPS BATTERY,2,0.00
STOCK,TUBULAR 300AMPS BATTERY,2,0.00
STOCK,CONCRETE NAILS 1-2 INCHES,606.96,0.00
STOCK,CONCRETE NAILS 3/4 INCHES,175,0.00
STOCK,LIGHTENING  ARRESTORS COMP 4FT,7,0.00
STOCK,RALLEY BAR 100CM,37,0.00
STOCK,SPRING BEND 25MM,5,0.00
STOCK,STEEL TAPE 20/30M,8,0.00
STOCK,TESTER,37,38.00
STOCK,TOTAL 3PCS INSULATED PLIERS SET,6,0.00
STOCK,TOTAL 6PCS INSULATED HAND TOOLS SET,1,0.00
STOCK,TOTAL 7PCS TELECOM TOOLS SET,2,0.00
STOCK,TOTAL COMBINATION PLIERS,3,0.00
STOCK,TOTAL DIAGONAL CUTTING PLIERS,11,6.00
STOCK,TOTAL DIGITAL AC CLAMP METER,2,0.00
STOCK,TOTAL DIGITAL MULTIMETER 600V,2,0.00
STOCK,TOTAL MANSORY DRILL BIT (10MM),5,0.00
STOCK,TOTAL MANSORY DRILL BIT (6MM),3,0.00
STOCK,TOTAL MANSORY DRILL BIT (8MM),5,0.00
STOCK,TOTAL MINI CLAW HAMMER,5,0.00
STOCK,TOTAL TESTER BIG,23,14.00
STOCK,TOTAL TESTER SMALL,3,11.00
STOCK,CABLE TIES 150*2.5,9.5,0.00
STOCK,CABLE TIES 150*3.6,10,0.00
STOCK,CABLE TIES 200*3.6,8,0.00
STOCK,CABLE TIES 200*7.6,5,0.00
STOCK,CABLE TIES 250*3.6,9,0.00
STOCK,CABLE TIES 250*4.8,4,0.00
STOCK,CABLE TIES 300*3.6,4,0.00
STOCK,CABLE TIES 300*4.8,5,0.00
STOCK,CABLE TIES 300*7.6,2,0.00
STOCK,INFRARED BULB 250W,13,8.00
STOCK,MOTION SENSOR,4,0.00
STOCK,"TRONIC MCBS 10A,20A,32A",110,86.00
STOCK,2FT  PHLPS TUBE 18W,0,125.00
STOCK,2FT TUBE 18W,0,25.00
STOCK,4FT  TUBE 36W,0,475.00
STOCK,4FT PHLPS TUBE 36W,0,175.00
STOCK,HALOGEN BULB 500W,0,6.00
STOCK,LED 2FT FTNG COMP  8W,0,60.00
STOCK,LED 4FT FTNG COMP 16W,0,240.00
STOCK,LED AC BULB 12W,35,0.00
STOCK,LED AC BULB 15W,34,4.00
STOCK,LED AC BULB 20W,-30,0.00
STOCK,LED AC BULBS 7W/9W,173,0.00
STOCK,LED AC CANDLE BULB 7W,37,0.00
STOCK,PHILIPS STARTER,0,250.00
STOCK,15AMPS TOP PLUG RUBBER,66,58.00
STOCK,CEILLING ROSE CHINA,0,12.00
STOCK,ROYAL BIRD RING BELL,9,0.00
STOCK,TWIN CUT OUT,1,0.00
STOCK,TWIN WALL BRACKET,0,18.00
STOCK,UKCEILING ROSE,0,86.00
STOCK,UKTOP PLUG 13AMPS,0,20.00
STOCK,VI- CLIP BLANK SINGLE,0,2.00
STOCK,VIVACE BLANK TWIN CVER,0,6.00
STOCK,VIVACE CLIPSAL 13 SCKT,0,71.00
STOCK,VIVACE CLIPSAL 13 TWIN SCKTS,0,1.00
STOCK,VIVACE CLIPSAL 1G2W,0,91.00
STOCK,VIVACE CLIPSAL 2G2W,0,53.00
STOCK,VIVACE CLIPSAL 3G2W,0,26.00
STOCK,VIVACE CLIPSAL 4G2W,0,23.00
STOCK,VIVACE CLIPSAL BELL,0,16.00
STOCK,VIVACE CLIPSAL DP SWTCH,0,21.00
BP,COSLIK CHANGEOVER 40A,0,1800.00
BP,ROTARY WARNING LIGHT,0,693.75
BP,1.5 PVC COAST CABLES,2565.22,3349.15
BP,10.0 PVC COAST CABLES,23159.91,24041.23
BP,2.5  PVC COAST CABLES,4291.7,4900.00
BP,6.0 PVC COAST CABLES,11380.65,13288.03
BP,BLUE SUBMERSIBLE 1.5MM 4 CORE,183.69,178.64
BP,BLUE SUBMERSIBLE 2.5MM 4 CORE,324.96,325.00
BP,FLEX 0.75 CCL  3CORE,6433.54,6598.08
BP,FLEX 1.0 CCL  3CORE,0,7700.00
BP,FLEX 1.5 CCL  3CORE,11334.4,11901.60
BP,TWE 1.5 COAST CABLES,9252.53,9544.48
BP,TWE 1.5 TRONIC,9128,8930.00
BP,TWE 2.5 COAST CABLES,13718.81,13920.00
BP,TWE 6.0 COAST CABLES,0,28214.73
BP,CAPACTOR FAN,87.98,90.00
BP,ORIENT ELECTRIC DELUXE,3216.82,3400.00
BP,ORIENT HURRICCANE 1400MM ALU,0,3150.00
BP,ORIENT STAND FAN,0,4200.00
BP,AMPLIFIER 60W,0,9000.00
BP,CAPACITOR METAL,121.96,120.00
BP,ENCLOSURE 2WAY,0,1200.00
BP,ENCLOSURE 9WAY,0,1500.00
BP,FLOAT SWITCH ITALY,938.64,1200.00
BP,HOLDER COSLIK,50.81,50.11
BP,HOLDERS C&G,67.88,50.00
BP,INDUSTRIAL SOCKETS 32/16AMPS WPROOF,571.88,675.00
BP,PLASTIC PEGS S10,96.43,90.00
BP,ROUND COVER SMALL,6,5.00
BP,W/PROOF ADAPTOR BOX 150*150*70,0,150.00
BP,W/PROOF ADAPTOR BOX 200*155*80,0,220.00
BP,A/C GUARD 32AMPS,0,2593.50
BP,AVR 1000VA STABALISER,0,1250.00
BP,FRIDGE GUARD,1379.9,1596.00
BP,VOLTAGE PROTECTOR,1416.67,1350.00
BP,MICROPHONE WIRELESS,0,2700.00
BP,SEALER IMPULSE (TEW)200A SMALL,0,5500.00
BP,AC FLOODLIGHT  50W,873,900.16
BP,AC FLOODLIGHT 30W,590.28,649.60
BP,AC FLOODLIGHT NEE/VELL 100W,1150,1100.00
BP,AC FLOODLIGHT SAVELITE 100W,1220.15,1135.06
BP,DIFFUSER 80W 4FT,297.5,290.00
BP,DIFUSER LED 4FT 100W,382.22,380.00
BP,DOWNLIGHT WHITE 10W,234.38,230.00
BP,DP RECHARGEABLE BULB 20W,182.5,180.00
BP,DP RECHARGEABLE BULB 30/40,263.91,250.00
BP,DP RECHARGEABLE BULB 50W,372.35,370.00
BP,ENSAVE LED BULKHEAD 15W,516.21,480.00
BP,ENSAVE LED BULKHEAD 18W,635.88,550.00
BP,INTELLIGENT BULB 12W VELLMAX,224.48,230.00
BP,LED 12W PANEL LIGHTS,297.49,280.00
BP,LED AC BULB 20W VELLMAX,93.1,92.59
BP,LED BULKHEAD 24W/18W/15W/12W,412.37,320.00
BP,63A KATKO CHANGEOVER,0,3360.00
BP,CHANGEOVER TRONIC 80AMPS,4062.86,4520.00
BP,BEND 25MM WHITE,19,15.00
BP,BEND WHITE 20MM,15.33,13.00
BP,COUPLERS 20MM BLACK/WHITE,2.53,2.38
BP,COUPLERS 25MM BLACK/WHITE,4.32,4.25
BP,FLEXIBLE PIPE 25MM WHITE,0,900.00
BP,HEAVY GAUGE PIPE 20MM,62.92,60.00
BP,HEAVY GAUGE PIPE 25MM 1INCH,97.5,95.00
BP,HEAVY GUAGE PIPE 32MM,181.29,180.00
BP,JUNC 3W BLACK 25MM,14.87,19.00
BP,JUNC4W BLACK 20MM,15.9,18.00
BP,JUNC4W WHITE 20MM,22.5,19.00
BP,PATTRESS WHITE/BLACK,17.98,18.00
BP,PEDROLLO 0.5HP,6300,7900.00
BP,S/CONDUIT BOX,0,14.30
BP,TRUNKING MINI,87.11,100.00
BP,TWIN PATTRESS WHITE/BLACK,32.84,34.25
BP,ATLAS HYDRA 1INCH SELF CLEANING FILTER,3500,9300.00
BP,PEDROLO CPM158 1HP 0.75KW,0,16000.00
BP,CABLE CLIPS MIXED,1.27,42.50
BP,INSPECTION BOX (150*150*70),0,150.00
BP,INSPECTION BOX (200*155*80),0,220.00
BP,INSPECTION BOX (200*200*80),0,230.00
BP,TAPE ORIGINAL  BIG,66.41,60.00
BP,TAPE ORIGINAL  SMALL,25.56,35.00
BP,BATTERY 200AMPS GEL,22559.54,24538.16
BP,CABLE LUGS 16*10,22.5,25.00
BP,CABLE LUGS 50MM,51.38,70.00
BP,CHARGER CONTROLLER 20AMPS,1025,900.00
BP,DC BULB 5W/7W,39.17,55.00
BP,DC FUSE 15A,0,83.90
BP,DC MCCB 160A 3POLE,0,5238.90
BP,DC MCCB 250A 3POLE,0,5238.90
BP,DC SINGLE POLE 63A,0,326.79
BP,END CLAMP,82.33,80.00
BP,INVERTER 3.3KW,28197.99,28220.47
BP,INVERTER 5KW HYBRID SRNE,36960,36000.00
BP,INVERTER 6.2KW BEACON,36596.96,36588.59
BP,INVERTER HYBRID 1.5 (1500 WATTS),15428.57,16500.00
BP,LITHIUM BATTERY 10KW/H,149333.33,148000.00
BP,LITHIUM BATTERY 2.5KW SRNE,45388.72,45000.00
BP,LITHIUM BATTERY 200AH,29433.33,29400.00
BP,LITHIUM BATTERY 5KW SRNE,78509.81,78764.71
BP,MPPT 20A,0,3500.00
BP,PANEL 550W,8462.26,8800.00
BP,PREMIER DC PUMP 24V   50 MTRS 250 WATTS,4900,4800.00
BP,PREMIER SOLAR PUMP 24V 60M 180 WATT,0,13500.00
BP,PREMIER SOLAR PUMP 48V 55M 500 WATTS,0,16000.00
BP,PV CABLE 6MM,11750,6000.00
BP,PV CONNECTOR Y3,0,657.40
BP,PV DISCONNECT 32A 4POLE MC4,0,3451.51
BP,SHIYUAN DC PUMP  48V  60M 400WATTS,0,17000.00
BP,SOLAR FLOOD LIGHT 10W,996.15,1021.00
BP,SOLAR FLOODLIGHT 100W,3698.34,3750.00
BP,SOLAR FLOODLIGHT 200W,5072.28,3500.00
BP,SOLAR FLOODLIGHT 300W,5010.76,3600.00
BP,SOLAR FLOODLIGHT 60W,2932.33,3146.00
BP,SOLAR WALL LIGHT 6W,756.25,750.00
BP,SUN INVERTER 2.2KW,0,20000.00
BP,TRONIC ISOLATOR 4POLE 100A,1360,1180.00
BP,TRONIC MCCB 4POLE 250A,8105.2,7850.00
BP,TUBULAR 250AMPS BATTERY,0,24000.00
BP,TUBULAR 300AMPS BATTERY,0,27833.33
BP,LIGHTENING  ARRESTORS COMP 4FT,2025,2200.00
BP,SPRING BEND 25MM,0,150.00
BP,TOTAL 3PCS INSULATED PLIERS SET,0,2080.50
BP,TOTAL 6PCS INSULATED HAND TOOLS SET,0,1757.50
BP,TOTAL 7PCS TELECOM TOOLS SET,0,5695.25
BP,TOTAL DIAGONAL CUTTING PLIERS,351.5,389.50
BP,TOTAL DIGITAL AC CLAMP METER,0,1596.00
BP,TOTAL MANSORY DRILL BIT (10MM),0,128.25
BP,TOTAL MANSORY DRILL BIT (8MM),0,99.75
BP,TOTAL MINI CLAW HAMMER,0,384.75
BP,INFRARED BULB 250W,273.08,250.00
BP,"TRONIC MCBS 10A,20A,32A",149.97,150.00
BP,LED AC BULB 15W,111.71,115.00
BP,LED AC BULBS 7W/9W,72.67,84.68
SP,FAME SUPER DUCHA 4 ELECTRONIC 3500W SHIELDED,250,11000.00
SP,PMAX  SOCKET WITH  USB,0,650.00
UNMATCHED_REPORT_ITEM,|16.0 PVC COAST CABLES ROLL,0,
UNMATCHED_REPORT_ITEM,|HAVELLS CELLING FAN PC,27,
UNMATCHED_REPORT_ITEM,|AUTOMATIC CHANGEOVER PC,2,
UNMATCHED_REPORT_ITEM,|AUTOMATIC CHANGEOVER 2P 63A,2,
UNMATCHED_REPORT_ITEM,|AUTOMATIC CHANGEOVER 2P 63A,2,
UNMATCHED_REPORT_ITEM,|AUTOMATIC CHANGEOVER 63A ATS,1,
UNMATCHED_REPORT_ITEM,|AUTOMATIC CHANGEOVER 63A ATS PC,5,
UNMATCHED_REPORT_ITEM,|FRIDGE GUARD NO 2 PC,0,
UNMATCHED_REPORT_ITEM,|HIVOLT GUARD PC,2,
UNMATCHED_REPORT_ITEM,|VOLTAGE PROTECTOR 3PHASE 100A,3,
UNMATCHED_REPORT_ITEM,|DOUBLE POLE 63AMPS,53,
UNMATCHED_REPORT_ITEM,|HAVELLS DISTRIBUTION BOARD,0,
UNMATCHED_REPORT_ITEM,|FAME SUPER DUCHA 4 ELECTRONIC PC,0,
UNMATCHED_REPORT_ITEM,|INSTANT WATER HEATER 3L,1,
UNMATCHED_REPORT_ITEM,|INSTANT WATER HEATER 3L,0,
UNMATCHED_REPORT_ITEM,|SPEAKER WALL 60WATTS PC,0,
UNMATCHED_REPORT_ITEM,|KMBG) P/SECT SPLITER PC,0,
UNMATCHED_REPORT_ITEM,|LED 4FT FITTINGS TWIN PC,0,
UNMATCHED_REPORT_ITEM,|HEAVY GAUGE WHITE CONDUIT,400,
UNMATCHED_REPORT_ITEM,|HEAVY GAUGE WHITE CONDUIT,234,
UNMATCHED_REPORT_ITEM,|ROPE WHITE ROLL,1,
UNMATCHED_REPORT_ITEM,|SOLAR FLOODLIGHT M/SENSOR,2,
UNMATCHED_REPORT_ITEM,|SOLAR FLOODLIGHT M/SENSOR,4,
UNMATCHED_REPORT_ITEM,|FLEXIBLE TUBE CONNECTOR,0,
UNMATCHED_REPORT_ITEM,|FLEXIBLE TUBE CONNECTOR,0,
UNMATCHED_REPORT_ITEM,|METAL BUTERFLY PLATE WITH,0,
UNMATCHED_REPORT_ITEM,|METAL BUTERFLY PLATE WITH,0,
UNMATCHED_REPORT_ITEM,|NON RETURN VALVE 3/4 MODEL,0,
UNMATCHED_REPORT_ITEM,|NON RETURN VALVE 3/4 MODEL,0,
